2025-03-15 18:54:10 [background-preinit] DEBUG org.jboss.logging - Logging Provider: org.jboss.logging.Log4j2LoggerProvider
2025-03-15 18:54:10 [background-preinit] INFO  o.h.validator.internal.util.Version - HV000001: Hibernate Validator 6.2.2.Final
2025-03-15 18:54:10 [background-preinit] DEBUG o.h.v.i.x.config.ValidationXmlParser - Trying to load META-INF/validation.xml for XML based Validator configuration.
2025-03-15 18:54:10 [background-preinit] DEBUG o.h.v.i.x.c.ResourceLoaderHelper - Trying to load META-INF/validation.xml via TCCL
2025-03-15 18:54:10 [background-preinit] DEBUG o.h.v.i.x.c.ResourceLoaderHelper - Trying to load META-INF/validation.xml via Hibernate Validator's class loader
2025-03-15 18:54:10 [background-preinit] DEBUG o.h.v.i.x.config.ValidationXmlParser - No META-INF/validation.xml found. Using annotation based configuration only.
2025-03-15 18:54:10 [main] DEBUG o.s.c.e.PropertySourcesPropertyResolver - Found key 'spring.application.name' in PropertySource 'configurationProperties' with value of type String
2025-03-15 18:54:10 [background-preinit] DEBUG o.h.v.i.e.r.TraversableResolvers - Cannot find javax.persistence.Persistence on classpath. Assuming non JPA 2 environment. All properties will per default be traversable.
2025-03-15 18:54:10 [main] DEBUG o.s.boot.SpringApplication - Loading source class org.springframework.cloud.bootstrap.BootstrapImportSelectorConfiguration
2025-03-15 18:54:10 [background-preinit] DEBUG o.h.v.m.ResourceBundleMessageInterpolator - Loaded expression factory via original TCCL
2025-03-15 18:54:10 [main] DEBUG o.s.c.a.AnnotationConfigApplicationContext - Refreshing org.springframework.context.annotation.AnnotationConfigApplicationContext@55182842
2025-03-15 18:54:10 [main] DEBUG o.s.b.f.s.DefaultListableBeanFactory - Creating shared instance of singleton bean 'org.springframework.context.annotation.internalConfigurationAnnotationProcessor'
2025-03-15 18:54:10 [main] DEBUG o.s.b.f.s.DefaultListableBeanFactory - Creating shared instance of singleton bean 'org.springframework.boot.autoconfigure.internalCachingMetadataReaderFactory'
2025-03-15 18:54:10 [background-preinit] DEBUG o.h.v.i.e.ValidatorFactoryConfigurationHelper - HV000252: Using org.hibernate.validator.internal.engine.DefaultPropertyNodeNameProvider as property node name provider.
2025-03-15 18:54:10 [background-preinit] DEBUG o.h.v.i.e.ValidatorFactoryConfigurationHelper - HV000234: Using org.hibernate.validator.messageinterpolation.ResourceBundleMessageInterpolator as ValidatorFactory-scoped message interpolator.
2025-03-15 18:54:10 [background-preinit] DEBUG o.h.v.i.e.ValidatorFactoryConfigurationHelper - HV000234: Using org.hibernate.validator.internal.engine.resolver.TraverseAllTraversableResolver as ValidatorFactory-scoped traversable resolver.
2025-03-15 18:54:10 [background-preinit] DEBUG o.h.v.i.e.ValidatorFactoryConfigurationHelper - HV000234: Using org.hibernate.validator.internal.util.ExecutableParameterNameProvider as ValidatorFactory-scoped parameter name provider.
2025-03-15 18:54:10 [background-preinit] DEBUG o.h.v.i.e.ValidatorFactoryConfigurationHelper - HV000234: Using org.hibernate.validator.internal.engine.DefaultClockProvider as ValidatorFactory-scoped clock provider.
2025-03-15 18:54:10 [background-preinit] DEBUG o.h.v.i.e.ValidatorFactoryConfigurationHelper - HV000234: Using org.hibernate.validator.internal.engine.scripting.DefaultScriptEvaluatorFactory as ValidatorFactory-scoped script evaluator factory.
2025-03-15 18:54:10 [main] DEBUG o.s.b.f.s.DefaultListableBeanFactory - Creating shared instance of singleton bean 'propertySourcesPlaceholderConfigurer'
2025-03-15 18:54:10 [main] DEBUG o.s.b.f.s.DefaultListableBeanFactory - Creating shared instance of singleton bean 'org.springframework.context.event.internalEventListenerProcessor'
2025-03-15 18:54:10 [main] DEBUG o.s.b.f.s.DefaultListableBeanFactory - Creating shared instance of singleton bean 'org.springframework.context.event.internalEventListenerFactory'
2025-03-15 18:54:10 [main] DEBUG o.s.b.f.s.DefaultListableBeanFactory - Creating shared instance of singleton bean 'org.springframework.context.annotation.internalAutowiredAnnotationProcessor'
2025-03-15 18:54:10 [main] DEBUG o.s.b.f.s.DefaultListableBeanFactory - Creating shared instance of singleton bean 'org.springframework.context.annotation.internalCommonAnnotationProcessor'
2025-03-15 18:54:10 [main] DEBUG o.s.b.f.s.DefaultListableBeanFactory - Creating shared instance of singleton bean 'org.springframework.boot.context.properties.ConfigurationPropertiesBindingPostProcessor'
2025-03-15 18:54:10 [main] DEBUG o.s.b.f.s.DefaultListableBeanFactory - Creating shared instance of singleton bean 'org.springframework.boot.context.internalConfigurationPropertiesBinder'
2025-03-15 18:54:10 [main] DEBUG o.s.b.f.s.DefaultListableBeanFactory - Creating shared instance of singleton bean 'org.springframework.boot.context.internalConfigurationPropertiesBinderFactory'
2025-03-15 18:54:10 [main] DEBUG o.s.b.f.s.DefaultListableBeanFactory - Creating shared instance of singleton bean 'configurationPropertiesBeans'
2025-03-15 18:54:10 [main] DEBUG o.s.b.f.s.DefaultListableBeanFactory - Creating shared instance of singleton bean 'bootstrapImportSelectorConfiguration'
2025-03-15 18:54:10 [main] DEBUG o.s.b.f.s.DefaultListableBeanFactory - Creating shared instance of singleton bean 'org.springframework.cloud.bootstrap.config.PropertySourceBootstrapConfiguration'
2025-03-15 18:54:10 [main] DEBUG o.s.b.f.s.DefaultListableBeanFactory - Creating shared instance of singleton bean 'nacosPropertySourceLocator'
2025-03-15 18:54:10 [main] DEBUG o.s.b.f.s.DefaultListableBeanFactory - Creating shared instance of singleton bean 'com.alibaba.cloud.nacos.NacosConfigBootstrapConfiguration'
2025-03-15 18:54:10 [main] DEBUG o.s.b.f.s.DefaultListableBeanFactory - Creating shared instance of singleton bean 'nacosConfigManager'
2025-03-15 18:54:10 [main] DEBUG o.s.b.f.s.DefaultListableBeanFactory - Creating shared instance of singleton bean 'nacosConfigProperties'
2025-03-15 18:54:10 [main] DEBUG o.s.b.f.s.DefaultListableBeanFactory - Creating shared instance of singleton bean 'org.springframework.boot.context.properties.BoundConfigurationProperties'
2025-03-15 18:54:10 [main] DEBUG o.s.b.f.s.DefaultListableBeanFactory - Autowiring by type from bean name 'nacosConfigManager' via factory method to bean named 'nacosConfigProperties'
2025-03-15 18:54:11 [main] DEBUG o.s.b.f.s.DefaultListableBeanFactory - Autowiring by type from bean name 'nacosPropertySourceLocator' via factory method to bean named 'nacosConfigManager'
2025-03-15 18:54:11 [main] DEBUG o.s.b.f.s.DefaultListableBeanFactory - Creating shared instance of singleton bean 'org.springframework.boot.context.properties.EnableConfigurationPropertiesRegistrar.methodValidationExcludeFilter'
2025-03-15 18:54:11 [main] DEBUG o.s.b.f.s.DefaultListableBeanFactory - Creating shared instance of singleton bean 'spring.cloud.config-org.springframework.cloud.bootstrap.config.PropertySourceBootstrapProperties'
2025-03-15 18:54:11 [main] DEBUG o.s.b.f.s.DefaultListableBeanFactory - Creating shared instance of singleton bean 'org.springframework.cloud.bootstrap.encrypt.EncryptionBootstrapConfiguration'
2025-03-15 18:54:11 [main] DEBUG o.s.b.f.s.DefaultListableBeanFactory - Creating shared instance of singleton bean 'keyProperties'
2025-03-15 18:54:11 [main] DEBUG o.s.b.f.s.DefaultListableBeanFactory - Creating shared instance of singleton bean 'environmentDecryptApplicationListener'
2025-03-15 18:54:11 [main] DEBUG o.s.b.f.s.DefaultListableBeanFactory - Autowiring by type from bean name 'environmentDecryptApplicationListener' via factory method to bean named 'org.springframework.context.annotation.AnnotationConfigApplicationContext@55182842'
2025-03-15 18:54:11 [main] DEBUG o.s.b.f.s.DefaultListableBeanFactory - Autowiring by type from bean name 'environmentDecryptApplicationListener' via factory method to bean named 'keyProperties'
2025-03-15 18:54:11 [main] DEBUG o.s.b.f.s.DefaultListableBeanFactory - Creating shared instance of singleton bean 'org.springframework.cloud.autoconfigure.ConfigurationPropertiesRebinderAutoConfiguration'
2025-03-15 18:54:11 [main] DEBUG o.s.b.f.s.DefaultListableBeanFactory - Creating shared instance of singleton bean 'configurationPropertiesRebinder'
2025-03-15 18:54:11 [main] DEBUG o.s.b.f.s.DefaultListableBeanFactory - Autowiring by type from bean name 'configurationPropertiesRebinder' via factory method to bean named 'configurationPropertiesBeans'
2025-03-15 18:54:11 [main] DEBUG o.s.b.f.s.DefaultListableBeanFactory - Creating shared instance of singleton bean 'org.springframework.boot.autoconfigure.context.PropertyPlaceholderAutoConfiguration'
2025-03-15 18:54:11 [main] DEBUG o.s.b.a.l.ConditionEvaluationReportLoggingListener - 


============================
CONDITIONS EVALUATION REPORT
============================


Positive matches:
-----------------

   ConfigurationPropertiesRebinderAutoConfiguration matched:
      - @ConditionalOnBean (types: org.springframework.boot.context.properties.ConfigurationPropertiesBindingPostProcessor; SearchStrategy: all) found bean 'org.springframework.boot.context.properties.ConfigurationPropertiesBindingPostProcessor' (OnBeanCondition)

   ConfigurationPropertiesRebinderAutoConfiguration#configurationPropertiesBeans matched:
      - @ConditionalOnMissingBean (types: org.springframework.cloud.context.properties.ConfigurationPropertiesBeans; SearchStrategy: current) did not find any beans (OnBeanCondition)

   ConfigurationPropertiesRebinderAutoConfiguration#configurationPropertiesRebinder matched:
      - @ConditionalOnMissingBean (types: org.springframework.cloud.context.properties.ConfigurationPropertiesRebinder; SearchStrategy: current) did not find any beans (OnBeanCondition)

   EncryptionBootstrapConfiguration matched:
      - @ConditionalOnClass found required class 'org.springframework.security.crypto.encrypt.TextEncryptor' (OnClassCondition)

   EncryptionBootstrapConfiguration#keyProperties matched:
      - @ConditionalOnMissingBean (types: org.springframework.cloud.bootstrap.encrypt.KeyProperties; SearchStrategy: all) did not find any beans (OnBeanCondition)

   NacosConfigBootstrapConfiguration matched:
      - @ConditionalOnProperty (spring.cloud.nacos.config.enabled) matched (OnPropertyCondition)

   NacosConfigBootstrapConfiguration#nacosConfigManager matched:
      - @ConditionalOnMissingBean (types: com.alibaba.cloud.nacos.NacosConfigManager; SearchStrategy: all) did not find any beans (OnBeanCondition)

   NacosConfigBootstrapConfiguration#nacosConfigProperties matched:
      - @ConditionalOnMissingBean (types: com.alibaba.cloud.nacos.NacosConfigProperties; SearchStrategy: all) did not find any beans (OnBeanCondition)

   PropertyPlaceholderAutoConfiguration#propertySourcesPlaceholderConfigurer matched:
      - @ConditionalOnMissingBean (types: org.springframework.context.support.PropertySourcesPlaceholderConfigurer; SearchStrategy: current) did not find any beans (OnBeanCondition)


Negative matches:
-----------------

   EncryptionBootstrapConfiguration.RsaEncryptionConfiguration:
      Did not match:
         - Keystore nor key found in Environment (EncryptionBootstrapConfiguration.KeyCondition)
      Matched:
         - @ConditionalOnClass found required class 'org.springframework.security.rsa.crypto.RsaSecretEncryptor' (OnClassCondition)

   EncryptionBootstrapConfiguration.VanillaEncryptionConfiguration:
      Did not match:
         - @ConditionalOnMissingClass found unwanted class 'org.springframework.security.rsa.crypto.RsaSecretEncryptor' (OnClassCondition)

   NacosDiscoveryClientConfigServiceBootstrapConfiguration:
      Did not match:
         - @ConditionalOnClass did not find required class 'org.springframework.cloud.config.client.ConfigServicePropertySourceLocator' (OnClassCondition)


Exclusions:
-----------

    None


Unconditional classes:
----------------------

    None



2025-03-15 18:54:11 [main] WARN  c.a.c.n.c.NacosPropertySourceBuilder - Ignore the empty nacos configuration and get it based on dataId[common-mysql.yaml] & group[DEFAULT_GROUP]
2025-03-15 18:54:11 [main] WARN  c.a.c.n.c.NacosPropertySourceBuilder - Ignore the empty nacos configuration and get it based on dataId[mock-ielts-speaklisten] & group[DEFAULT_GROUP]
2025-03-15 18:54:11 [main] WARN  c.a.c.n.c.NacosPropertySourceBuilder - Ignore the empty nacos configuration and get it based on dataId[mock-ielts-speaklisten.yaml] & group[DEFAULT_GROUP]
2025-03-15 18:54:11 [main] INFO  o.s.c.b.c.PropertySourceBootstrapConfiguration - Located property source: [BootstrapPropertySource {name='bootstrapProperties-mock-ielts-speaklisten.yaml,DEFAULT_GROUP'}, BootstrapPropertySource {name='bootstrapProperties-mock-ielts-speaklisten,DEFAULT_GROUP'}, BootstrapPropertySource {name='bootstrapProperties-common-mysql.yaml,DEFAULT_GROUP'}]
2025-03-15 18:54:11 [main] INFO  c.a.listening.ListeningApplication - No active profile set, falling back to 1 default profile: "default"
2025-03-15 18:54:13 [main] DEBUG org.apache.ibatis.logging.LogFactory - Logging initialized using 'class org.apache.ibatis.logging.slf4j.Slf4jImpl' adapter.
2025-03-15 18:54:13 [main] DEBUG o.m.s.mapper.ClassPathMapperScanner - Identified candidate component class: URL [jar:file:/D:/a毕设/项目文件夹/后端/新建无权限/mock-ielts-app/mock-ielts-speaklisten/target/mock-ielts-speaklisten-1.0-SNAPSHOT.jar!/BOOT-INF/classes!/com/apps/listening/mapper/ListeningAnswerMapper.class]
2025-03-15 18:54:13 [main] DEBUG o.m.s.mapper.ClassPathMapperScanner - Identified candidate component class: URL [jar:file:/D:/a毕设/项目文件夹/后端/新建无权限/mock-ielts-app/mock-ielts-speaklisten/target/mock-ielts-speaklisten-1.0-SNAPSHOT.jar!/BOOT-INF/classes!/com/apps/listening/mapper/ListeningMaterialMapper.class]
2025-03-15 18:54:13 [main] DEBUG o.m.s.mapper.ClassPathMapperScanner - Identified candidate component class: URL [jar:file:/D:/a毕设/项目文件夹/后端/新建无权限/mock-ielts-app/mock-ielts-speaklisten/target/mock-ielts-speaklisten-1.0-SNAPSHOT.jar!/BOOT-INF/classes!/com/apps/listening/mapper/ListeningQuestionMapper.class]
2025-03-15 18:54:13 [main] DEBUG o.m.s.mapper.ClassPathMapperScanner - Creating MapperFactoryBean with name 'listeningAnswerMapper' and 'com.apps.listening.mapper.ListeningAnswerMapper' mapperInterface
2025-03-15 18:54:13 [main] DEBUG o.m.s.mapper.ClassPathMapperScanner - Enabling autowire by type for MapperFactoryBean with name 'listeningAnswerMapper'.
2025-03-15 18:54:13 [main] DEBUG o.m.s.mapper.ClassPathMapperScanner - Creating MapperFactoryBean with name 'listeningMaterialMapper' and 'com.apps.listening.mapper.ListeningMaterialMapper' mapperInterface
2025-03-15 18:54:13 [main] DEBUG o.m.s.mapper.ClassPathMapperScanner - Enabling autowire by type for MapperFactoryBean with name 'listeningMaterialMapper'.
2025-03-15 18:54:13 [main] DEBUG o.m.s.mapper.ClassPathMapperScanner - Creating MapperFactoryBean with name 'listeningQuestionMapper' and 'com.apps.listening.mapper.ListeningQuestionMapper' mapperInterface
2025-03-15 18:54:13 [main] DEBUG o.m.s.mapper.ClassPathMapperScanner - Enabling autowire by type for MapperFactoryBean with name 'listeningQuestionMapper'.
2025-03-15 18:54:13 [main] INFO  o.s.cloud.context.scope.GenericScope - BeanFactory id=a5a4a8c1-e583-3040-be41-c5e65af976ad
2025-03-15 18:54:14 [main] DEBUG o.h.v.m.ResourceBundleMessageInterpolator - Loaded expression factory via original TCCL
2025-03-15 18:54:14 [main] DEBUG o.h.v.i.e.AbstractConfigurationImpl - Setting custom MessageInterpolator of type org.springframework.validation.beanvalidation.LocaleContextMessageInterpolator
2025-03-15 18:54:14 [main] DEBUG o.h.v.i.e.AbstractConfigurationImpl - Setting custom ConstraintValidatorFactory of type org.springframework.validation.beanvalidation.SpringConstraintValidatorFactory
2025-03-15 18:54:14 [main] DEBUG o.h.v.i.e.AbstractConfigurationImpl - Setting custom ParameterNameProvider of type org.springframework.validation.beanvalidation.LocalValidatorFactoryBean$1
2025-03-15 18:54:14 [main] DEBUG o.h.v.i.x.config.ValidationXmlParser - Trying to load META-INF/validation.xml for XML based Validator configuration.
2025-03-15 18:54:14 [main] DEBUG o.h.v.i.x.c.ResourceLoaderHelper - Trying to load META-INF/validation.xml via user class loader
2025-03-15 18:54:14 [main] DEBUG o.h.v.i.x.c.ResourceLoaderHelper - Trying to load META-INF/validation.xml via TCCL
2025-03-15 18:54:14 [main] DEBUG o.h.v.i.x.c.ResourceLoaderHelper - Trying to load META-INF/validation.xml via Hibernate Validator's class loader
2025-03-15 18:54:14 [main] DEBUG o.h.v.i.x.config.ValidationXmlParser - No META-INF/validation.xml found. Using annotation based configuration only.
2025-03-15 18:54:14 [main] DEBUG o.h.v.i.e.r.TraversableResolvers - Cannot find javax.persistence.Persistence on classpath. Assuming non JPA 2 environment. All properties will per default be traversable.
2025-03-15 18:54:14 [main] DEBUG o.h.v.i.e.ValidatorFactoryConfigurationHelper - HV000252: Using org.hibernate.validator.internal.engine.DefaultPropertyNodeNameProvider as property node name provider.
2025-03-15 18:54:14 [main] DEBUG o.h.v.i.e.ValidatorFactoryConfigurationHelper - HV000234: Using org.springframework.validation.beanvalidation.LocaleContextMessageInterpolator as ValidatorFactory-scoped message interpolator.
2025-03-15 18:54:14 [main] DEBUG o.h.v.i.e.ValidatorFactoryConfigurationHelper - HV000234: Using org.hibernate.validator.internal.engine.resolver.TraverseAllTraversableResolver as ValidatorFactory-scoped traversable resolver.
2025-03-15 18:54:14 [main] DEBUG o.h.v.i.e.ValidatorFactoryConfigurationHelper - HV000234: Using org.hibernate.validator.internal.util.ExecutableParameterNameProvider as ValidatorFactory-scoped parameter name provider.
2025-03-15 18:54:14 [main] DEBUG o.h.v.i.e.ValidatorFactoryConfigurationHelper - HV000234: Using org.hibernate.validator.internal.engine.DefaultClockProvider as ValidatorFactory-scoped clock provider.
2025-03-15 18:54:14 [main] DEBUG o.h.v.i.e.ValidatorFactoryConfigurationHelper - HV000234: Using org.hibernate.validator.internal.engine.scripting.DefaultScriptEvaluatorFactory as ValidatorFactory-scoped script evaluator factory.
2025-03-15 18:54:14 [main] INFO  o.s.c.s.PostProcessorRegistrationDelegate$BeanPostProcessorChecker - Bean 'org.springframework.cloud.commons.config.CommonsConfigAutoConfiguration' of type [org.springframework.cloud.commons.config.CommonsConfigAutoConfiguration] is not eligible for getting processed by all BeanPostProcessors (for example: not eligible for auto-proxying)
2025-03-15 18:54:14 [main] INFO  o.s.c.s.PostProcessorRegistrationDelegate$BeanPostProcessorChecker - Bean 'org.springframework.cloud.client.loadbalancer.LoadBalancerDefaultMappingsProviderAutoConfiguration' of type [org.springframework.cloud.client.loadbalancer.LoadBalancerDefaultMappingsProviderAutoConfiguration] is not eligible for getting processed by all BeanPostProcessors (for example: not eligible for auto-proxying)
2025-03-15 18:54:14 [main] INFO  o.s.c.s.PostProcessorRegistrationDelegate$BeanPostProcessorChecker - Bean 'loadBalancerClientsDefaultsMappingsProvider' of type [org.springframework.cloud.client.loadbalancer.LoadBalancerDefaultMappingsProviderAutoConfiguration$$Lambda$513/0x0000028dac48d888] is not eligible for getting processed by all BeanPostProcessors (for example: not eligible for auto-proxying)
2025-03-15 18:54:14 [main] INFO  o.s.c.s.PostProcessorRegistrationDelegate$BeanPostProcessorChecker - Bean 'defaultsBindHandlerAdvisor' of type [org.springframework.cloud.commons.config.DefaultsBindHandlerAdvisor] is not eligible for getting processed by all BeanPostProcessors (for example: not eligible for auto-proxying)
2025-03-15 18:54:14 [main] INFO  o.s.c.s.PostProcessorRegistrationDelegate$BeanPostProcessorChecker - Bean 'spring.cloud.sentinel-com.alibaba.cloud.sentinel.SentinelProperties' of type [com.alibaba.cloud.sentinel.SentinelProperties] is not eligible for getting processed by all BeanPostProcessors (for example: not eligible for auto-proxying)
2025-03-15 18:54:14 [main] INFO  o.s.c.s.PostProcessorRegistrationDelegate$BeanPostProcessorChecker - Bean 'com.alibaba.cloud.sentinel.custom.SentinelAutoConfiguration' of type [com.alibaba.cloud.sentinel.custom.SentinelAutoConfiguration] is not eligible for getting processed by all BeanPostProcessors (for example: not eligible for auto-proxying)
2025-03-15 18:54:15 [main] INFO  o.s.b.w.e.tomcat.TomcatWebServer - Tomcat initialized with port(s): 8082 (http)
2025-03-15 18:54:15 [main] INFO  o.a.coyote.http11.Http11NioProtocol - Initializing ProtocolHandler ["http-nio-8082"]
2025-03-15 18:54:15 [main] INFO  o.a.catalina.core.StandardService - Starting service [Tomcat]
2025-03-15 18:54:15 [main] INFO  o.a.catalina.core.StandardEngine - Starting Servlet engine: [Apache Tomcat/9.0.58]
2025-03-15 18:54:15 [main] INFO  o.a.c.c.C.[Tomcat].[localhost].[/] - Initializing Spring embedded WebApplicationContext
2025-03-15 18:54:15 [main] INFO  o.s.b.w.s.c.ServletWebServerApplicationContext - Root WebApplicationContext: initialization completed in 3504 ms
2025-03-15 18:54:15 [main] INFO  c.a.d.s.b.a.DruidDataSourceAutoConfigure - Init DruidDataSource
2025-03-15 18:54:15 [main] WARN  o.s.b.w.s.c.AnnotationConfigServletWebServerApplicationContext - Exception encountered during context initialization - cancelling refresh attempt: org.springframework.beans.factory.UnsatisfiedDependencyException: Error creating bean with name 'listeningController' defined in URL [jar:file:/D:/a毕设/项目文件夹/后端/新建无权限/mock-ielts-app/mock-ielts-speaklisten/target/mock-ielts-speaklisten-1.0-SNAPSHOT.jar!/BOOT-INF/classes!/com/apps/listening/controller/ListeningController.class]: Unsatisfied dependency expressed through constructor parameter 0; nested exception is org.springframework.beans.factory.UnsatisfiedDependencyException: Error creating bean with name 'listeningServiceImpl' defined in URL [jar:file:/D:/a毕设/项目文件夹/后端/新建无权限/mock-ielts-app/mock-ielts-speaklisten/target/mock-ielts-speaklisten-1.0-SNAPSHOT.jar!/BOOT-INF/classes!/com/apps/listening/service/impl/ListeningServiceImpl.class]: Unsatisfied dependency expressed through constructor parameter 0; nested exception is org.springframework.beans.factory.UnsatisfiedDependencyException: Error creating bean with name 'listeningMaterialMapper' defined in URL [jar:file:/D:/a毕设/项目文件夹/后端/新建无权限/mock-ielts-app/mock-ielts-speaklisten/target/mock-ielts-speaklisten-1.0-SNAPSHOT.jar!/BOOT-INF/classes!/com/apps/listening/mapper/ListeningMaterialMapper.class]: Unsatisfied dependency expressed through bean property 'sqlSessionFactory'; nested exception is org.springframework.beans.factory.UnsatisfiedDependencyException: Error creating bean with name 'sqlSessionFactory' defined in class path resource [org/mybatis/spring/boot/autoconfigure/MybatisAutoConfiguration.class]: Unsatisfied dependency expressed through method 'sqlSessionFactory' parameter 0; nested exception is org.springframework.beans.factory.BeanCreationException: Error creating bean with name 'dataSource' defined in class path resource [com/alibaba/druid/spring/boot/autoconfigure/DruidDataSourceAutoConfigure.class]: Invocation of init method failed; nested exception is org.springframework.boot.autoconfigure.jdbc.DataSourceProperties$DataSourceBeanCreationException: Failed to determine a suitable driver class
2025-03-15 18:54:15 [main] INFO  o.a.catalina.core.StandardService - Stopping service [Tomcat]
2025-03-15 18:54:15 [main] INFO  o.s.b.a.l.ConditionEvaluationReportLoggingListener - 

Error starting ApplicationContext. To display the conditions report re-run your application with 'debug' enabled.
2025-03-15 18:54:15 [main] ERROR o.s.b.d.LoggingFailureAnalysisReporter - 

***************************
APPLICATION FAILED TO START
***************************

Description:

Failed to configure a DataSource: 'url' attribute is not specified and no embedded datasource could be configured.

Reason: Failed to determine a suitable driver class


Action:

Consider the following:
	If you want an embedded database (H2, HSQL or Derby), please put it on the classpath.
	If you have database settings to be loaded from a particular profile you may need to activate it (no profiles are currently active).

2025-03-15 18:54:15 [Thread-1] WARN  c.a.n.c.http.HttpClientBeanHolder - [HttpClientBeanHolder] Start destroying common HttpClient
2025-03-15 18:55:20 [background-preinit] DEBUG org.jboss.logging - Logging Provider: org.jboss.logging.Log4j2LoggerProvider
2025-03-15 18:55:20 [background-preinit] INFO  o.h.validator.internal.util.Version - HV000001: Hibernate Validator 6.2.2.Final
2025-03-15 18:55:20 [background-preinit] DEBUG o.h.v.i.x.config.ValidationXmlParser - Trying to load META-INF/validation.xml for XML based Validator configuration.
2025-03-15 18:55:20 [background-preinit] DEBUG o.h.v.i.x.c.ResourceLoaderHelper - Trying to load META-INF/validation.xml via TCCL
2025-03-15 18:55:20 [background-preinit] DEBUG o.h.v.i.x.c.ResourceLoaderHelper - Trying to load META-INF/validation.xml via Hibernate Validator's class loader
2025-03-15 18:55:20 [background-preinit] DEBUG o.h.v.i.x.config.ValidationXmlParser - No META-INF/validation.xml found. Using annotation based configuration only.
2025-03-15 18:55:20 [background-preinit] DEBUG o.h.v.i.e.r.TraversableResolvers - Cannot find javax.persistence.Persistence on classpath. Assuming non JPA 2 environment. All properties will per default be traversable.
2025-03-15 18:55:20 [main] DEBUG o.s.c.e.PropertySourcesPropertyResolver - Found key 'spring.application.name' in PropertySource 'configurationProperties' with value of type String
2025-03-15 18:55:20 [main] DEBUG o.s.boot.SpringApplication - Loading source class org.springframework.cloud.bootstrap.BootstrapImportSelectorConfiguration
2025-03-15 18:55:20 [background-preinit] DEBUG o.h.v.m.ResourceBundleMessageInterpolator - Loaded expression factory via original TCCL
2025-03-15 18:55:20 [main] DEBUG o.s.c.a.AnnotationConfigApplicationContext - Refreshing org.springframework.context.annotation.AnnotationConfigApplicationContext@55182842
2025-03-15 18:55:20 [main] DEBUG o.s.b.f.s.DefaultListableBeanFactory - Creating shared instance of singleton bean 'org.springframework.context.annotation.internalConfigurationAnnotationProcessor'
2025-03-15 18:55:20 [main] DEBUG o.s.b.f.s.DefaultListableBeanFactory - Creating shared instance of singleton bean 'org.springframework.boot.autoconfigure.internalCachingMetadataReaderFactory'
2025-03-15 18:55:20 [background-preinit] DEBUG o.h.v.i.e.ValidatorFactoryConfigurationHelper - HV000252: Using org.hibernate.validator.internal.engine.DefaultPropertyNodeNameProvider as property node name provider.
2025-03-15 18:55:20 [background-preinit] DEBUG o.h.v.i.e.ValidatorFactoryConfigurationHelper - HV000234: Using org.hibernate.validator.messageinterpolation.ResourceBundleMessageInterpolator as ValidatorFactory-scoped message interpolator.
2025-03-15 18:55:20 [background-preinit] DEBUG o.h.v.i.e.ValidatorFactoryConfigurationHelper - HV000234: Using org.hibernate.validator.internal.engine.resolver.TraverseAllTraversableResolver as ValidatorFactory-scoped traversable resolver.
2025-03-15 18:55:20 [background-preinit] DEBUG o.h.v.i.e.ValidatorFactoryConfigurationHelper - HV000234: Using org.hibernate.validator.internal.util.ExecutableParameterNameProvider as ValidatorFactory-scoped parameter name provider.
2025-03-15 18:55:20 [background-preinit] DEBUG o.h.v.i.e.ValidatorFactoryConfigurationHelper - HV000234: Using org.hibernate.validator.internal.engine.DefaultClockProvider as ValidatorFactory-scoped clock provider.
2025-03-15 18:55:20 [background-preinit] DEBUG o.h.v.i.e.ValidatorFactoryConfigurationHelper - HV000234: Using org.hibernate.validator.internal.engine.scripting.DefaultScriptEvaluatorFactory as ValidatorFactory-scoped script evaluator factory.
2025-03-15 18:55:20 [main] DEBUG o.s.b.f.s.DefaultListableBeanFactory - Creating shared instance of singleton bean 'propertySourcesPlaceholderConfigurer'
2025-03-15 18:55:20 [main] DEBUG o.s.b.f.s.DefaultListableBeanFactory - Creating shared instance of singleton bean 'org.springframework.context.event.internalEventListenerProcessor'
2025-03-15 18:55:20 [main] DEBUG o.s.b.f.s.DefaultListableBeanFactory - Creating shared instance of singleton bean 'org.springframework.context.event.internalEventListenerFactory'
2025-03-15 18:55:20 [main] DEBUG o.s.b.f.s.DefaultListableBeanFactory - Creating shared instance of singleton bean 'org.springframework.context.annotation.internalAutowiredAnnotationProcessor'
2025-03-15 18:55:20 [main] DEBUG o.s.b.f.s.DefaultListableBeanFactory - Creating shared instance of singleton bean 'org.springframework.context.annotation.internalCommonAnnotationProcessor'
2025-03-15 18:55:20 [main] DEBUG o.s.b.f.s.DefaultListableBeanFactory - Creating shared instance of singleton bean 'org.springframework.boot.context.properties.ConfigurationPropertiesBindingPostProcessor'
2025-03-15 18:55:20 [main] DEBUG o.s.b.f.s.DefaultListableBeanFactory - Creating shared instance of singleton bean 'org.springframework.boot.context.internalConfigurationPropertiesBinder'
2025-03-15 18:55:20 [main] DEBUG o.s.b.f.s.DefaultListableBeanFactory - Creating shared instance of singleton bean 'org.springframework.boot.context.internalConfigurationPropertiesBinderFactory'
2025-03-15 18:55:20 [main] DEBUG o.s.b.f.s.DefaultListableBeanFactory - Creating shared instance of singleton bean 'configurationPropertiesBeans'
2025-03-15 18:55:20 [main] DEBUG o.s.b.f.s.DefaultListableBeanFactory - Creating shared instance of singleton bean 'bootstrapImportSelectorConfiguration'
2025-03-15 18:55:20 [main] DEBUG o.s.b.f.s.DefaultListableBeanFactory - Creating shared instance of singleton bean 'org.springframework.cloud.bootstrap.config.PropertySourceBootstrapConfiguration'
2025-03-15 18:55:20 [main] DEBUG o.s.b.f.s.DefaultListableBeanFactory - Creating shared instance of singleton bean 'nacosPropertySourceLocator'
2025-03-15 18:55:20 [main] DEBUG o.s.b.f.s.DefaultListableBeanFactory - Creating shared instance of singleton bean 'com.alibaba.cloud.nacos.NacosConfigBootstrapConfiguration'
2025-03-15 18:55:20 [main] DEBUG o.s.b.f.s.DefaultListableBeanFactory - Creating shared instance of singleton bean 'nacosConfigManager'
2025-03-15 18:55:20 [main] DEBUG o.s.b.f.s.DefaultListableBeanFactory - Creating shared instance of singleton bean 'nacosConfigProperties'
2025-03-15 18:55:20 [main] DEBUG o.s.b.f.s.DefaultListableBeanFactory - Creating shared instance of singleton bean 'org.springframework.boot.context.properties.BoundConfigurationProperties'
2025-03-15 18:55:20 [main] DEBUG o.s.b.f.s.DefaultListableBeanFactory - Autowiring by type from bean name 'nacosConfigManager' via factory method to bean named 'nacosConfigProperties'
2025-03-15 18:55:20 [main] DEBUG o.s.b.f.s.DefaultListableBeanFactory - Autowiring by type from bean name 'nacosPropertySourceLocator' via factory method to bean named 'nacosConfigManager'
2025-03-15 18:55:20 [main] DEBUG o.s.b.f.s.DefaultListableBeanFactory - Creating shared instance of singleton bean 'org.springframework.boot.context.properties.EnableConfigurationPropertiesRegistrar.methodValidationExcludeFilter'
2025-03-15 18:55:20 [main] DEBUG o.s.b.f.s.DefaultListableBeanFactory - Creating shared instance of singleton bean 'spring.cloud.config-org.springframework.cloud.bootstrap.config.PropertySourceBootstrapProperties'
2025-03-15 18:55:20 [main] DEBUG o.s.b.f.s.DefaultListableBeanFactory - Creating shared instance of singleton bean 'org.springframework.cloud.bootstrap.encrypt.EncryptionBootstrapConfiguration'
2025-03-15 18:55:20 [main] DEBUG o.s.b.f.s.DefaultListableBeanFactory - Creating shared instance of singleton bean 'keyProperties'
2025-03-15 18:55:20 [main] DEBUG o.s.b.f.s.DefaultListableBeanFactory - Creating shared instance of singleton bean 'environmentDecryptApplicationListener'
2025-03-15 18:55:20 [main] DEBUG o.s.b.f.s.DefaultListableBeanFactory - Autowiring by type from bean name 'environmentDecryptApplicationListener' via factory method to bean named 'org.springframework.context.annotation.AnnotationConfigApplicationContext@55182842'
2025-03-15 18:55:20 [main] DEBUG o.s.b.f.s.DefaultListableBeanFactory - Autowiring by type from bean name 'environmentDecryptApplicationListener' via factory method to bean named 'keyProperties'
2025-03-15 18:55:20 [main] DEBUG o.s.b.f.s.DefaultListableBeanFactory - Creating shared instance of singleton bean 'org.springframework.cloud.autoconfigure.ConfigurationPropertiesRebinderAutoConfiguration'
2025-03-15 18:55:20 [main] DEBUG o.s.b.f.s.DefaultListableBeanFactory - Creating shared instance of singleton bean 'configurationPropertiesRebinder'
2025-03-15 18:55:20 [main] DEBUG o.s.b.f.s.DefaultListableBeanFactory - Autowiring by type from bean name 'configurationPropertiesRebinder' via factory method to bean named 'configurationPropertiesBeans'
2025-03-15 18:55:20 [main] DEBUG o.s.b.f.s.DefaultListableBeanFactory - Creating shared instance of singleton bean 'org.springframework.boot.autoconfigure.context.PropertyPlaceholderAutoConfiguration'
2025-03-15 18:55:20 [main] DEBUG o.s.b.a.l.ConditionEvaluationReportLoggingListener - 


============================
CONDITIONS EVALUATION REPORT
============================


Positive matches:
-----------------

   ConfigurationPropertiesRebinderAutoConfiguration matched:
      - @ConditionalOnBean (types: org.springframework.boot.context.properties.ConfigurationPropertiesBindingPostProcessor; SearchStrategy: all) found bean 'org.springframework.boot.context.properties.ConfigurationPropertiesBindingPostProcessor' (OnBeanCondition)

   ConfigurationPropertiesRebinderAutoConfiguration#configurationPropertiesBeans matched:
      - @ConditionalOnMissingBean (types: org.springframework.cloud.context.properties.ConfigurationPropertiesBeans; SearchStrategy: current) did not find any beans (OnBeanCondition)

   ConfigurationPropertiesRebinderAutoConfiguration#configurationPropertiesRebinder matched:
      - @ConditionalOnMissingBean (types: org.springframework.cloud.context.properties.ConfigurationPropertiesRebinder; SearchStrategy: current) did not find any beans (OnBeanCondition)

   EncryptionBootstrapConfiguration matched:
      - @ConditionalOnClass found required class 'org.springframework.security.crypto.encrypt.TextEncryptor' (OnClassCondition)

   EncryptionBootstrapConfiguration#keyProperties matched:
      - @ConditionalOnMissingBean (types: org.springframework.cloud.bootstrap.encrypt.KeyProperties; SearchStrategy: all) did not find any beans (OnBeanCondition)

   NacosConfigBootstrapConfiguration matched:
      - @ConditionalOnProperty (spring.cloud.nacos.config.enabled) matched (OnPropertyCondition)

   NacosConfigBootstrapConfiguration#nacosConfigManager matched:
      - @ConditionalOnMissingBean (types: com.alibaba.cloud.nacos.NacosConfigManager; SearchStrategy: all) did not find any beans (OnBeanCondition)

   NacosConfigBootstrapConfiguration#nacosConfigProperties matched:
      - @ConditionalOnMissingBean (types: com.alibaba.cloud.nacos.NacosConfigProperties; SearchStrategy: all) did not find any beans (OnBeanCondition)

   PropertyPlaceholderAutoConfiguration#propertySourcesPlaceholderConfigurer matched:
      - @ConditionalOnMissingBean (types: org.springframework.context.support.PropertySourcesPlaceholderConfigurer; SearchStrategy: current) did not find any beans (OnBeanCondition)


Negative matches:
-----------------

   EncryptionBootstrapConfiguration.RsaEncryptionConfiguration:
      Did not match:
         - Keystore nor key found in Environment (EncryptionBootstrapConfiguration.KeyCondition)
      Matched:
         - @ConditionalOnClass found required class 'org.springframework.security.rsa.crypto.RsaSecretEncryptor' (OnClassCondition)

   EncryptionBootstrapConfiguration.VanillaEncryptionConfiguration:
      Did not match:
         - @ConditionalOnMissingClass found unwanted class 'org.springframework.security.rsa.crypto.RsaSecretEncryptor' (OnClassCondition)

   NacosDiscoveryClientConfigServiceBootstrapConfiguration:
      Did not match:
         - @ConditionalOnClass did not find required class 'org.springframework.cloud.config.client.ConfigServicePropertySourceLocator' (OnClassCondition)


Exclusions:
-----------

    None


Unconditional classes:
----------------------

    None



2025-03-15 18:55:21 [main] WARN  c.a.c.n.c.NacosPropertySourceBuilder - Ignore the empty nacos configuration and get it based on dataId[common-mysql.yaml] & group[DEFAULT_GROUP]
2025-03-15 18:55:21 [main] WARN  c.a.c.n.c.NacosPropertySourceBuilder - Ignore the empty nacos configuration and get it based on dataId[mock-ielts-speaklisten] & group[DEFAULT_GROUP]
2025-03-15 18:55:21 [main] WARN  c.a.c.n.c.NacosPropertySourceBuilder - Ignore the empty nacos configuration and get it based on dataId[mock-ielts-speaklisten.yaml] & group[DEFAULT_GROUP]
2025-03-15 18:55:21 [main] INFO  o.s.c.b.c.PropertySourceBootstrapConfiguration - Located property source: [BootstrapPropertySource {name='bootstrapProperties-mock-ielts-speaklisten.yaml,DEFAULT_GROUP'}, BootstrapPropertySource {name='bootstrapProperties-mock-ielts-speaklisten,DEFAULT_GROUP'}, BootstrapPropertySource {name='bootstrapProperties-common-mysql.yaml,DEFAULT_GROUP'}]
2025-03-15 18:55:21 [main] INFO  c.a.listening.ListeningApplication - No active profile set, falling back to 1 default profile: "default"
2025-03-15 18:55:22 [main] DEBUG org.apache.ibatis.logging.LogFactory - Logging initialized using 'class org.apache.ibatis.logging.slf4j.Slf4jImpl' adapter.
2025-03-15 18:55:22 [main] DEBUG o.m.s.mapper.ClassPathMapperScanner - Identified candidate component class: URL [jar:file:/D:/a毕设/项目文件夹/后端/新建无权限/mock-ielts-app/mock-ielts-speaklisten/target/mock-ielts-speaklisten-1.0-SNAPSHOT.jar!/BOOT-INF/classes!/com/apps/listening/mapper/ListeningAnswerMapper.class]
2025-03-15 18:55:22 [main] DEBUG o.m.s.mapper.ClassPathMapperScanner - Identified candidate component class: URL [jar:file:/D:/a毕设/项目文件夹/后端/新建无权限/mock-ielts-app/mock-ielts-speaklisten/target/mock-ielts-speaklisten-1.0-SNAPSHOT.jar!/BOOT-INF/classes!/com/apps/listening/mapper/ListeningMaterialMapper.class]
2025-03-15 18:55:22 [main] DEBUG o.m.s.mapper.ClassPathMapperScanner - Identified candidate component class: URL [jar:file:/D:/a毕设/项目文件夹/后端/新建无权限/mock-ielts-app/mock-ielts-speaklisten/target/mock-ielts-speaklisten-1.0-SNAPSHOT.jar!/BOOT-INF/classes!/com/apps/listening/mapper/ListeningQuestionMapper.class]
2025-03-15 18:55:22 [main] DEBUG o.m.s.mapper.ClassPathMapperScanner - Creating MapperFactoryBean with name 'listeningAnswerMapper' and 'com.apps.listening.mapper.ListeningAnswerMapper' mapperInterface
2025-03-15 18:55:22 [main] DEBUG o.m.s.mapper.ClassPathMapperScanner - Enabling autowire by type for MapperFactoryBean with name 'listeningAnswerMapper'.
2025-03-15 18:55:22 [main] DEBUG o.m.s.mapper.ClassPathMapperScanner - Creating MapperFactoryBean with name 'listeningMaterialMapper' and 'com.apps.listening.mapper.ListeningMaterialMapper' mapperInterface
2025-03-15 18:55:22 [main] DEBUG o.m.s.mapper.ClassPathMapperScanner - Enabling autowire by type for MapperFactoryBean with name 'listeningMaterialMapper'.
2025-03-15 18:55:22 [main] DEBUG o.m.s.mapper.ClassPathMapperScanner - Creating MapperFactoryBean with name 'listeningQuestionMapper' and 'com.apps.listening.mapper.ListeningQuestionMapper' mapperInterface
2025-03-15 18:55:22 [main] DEBUG o.m.s.mapper.ClassPathMapperScanner - Enabling autowire by type for MapperFactoryBean with name 'listeningQuestionMapper'.
2025-03-15 18:55:22 [main] INFO  o.s.cloud.context.scope.GenericScope - BeanFactory id=a5a4a8c1-e583-3040-be41-c5e65af976ad
2025-03-15 18:55:22 [main] DEBUG o.h.v.m.ResourceBundleMessageInterpolator - Loaded expression factory via original TCCL
2025-03-15 18:55:22 [main] DEBUG o.h.v.i.e.AbstractConfigurationImpl - Setting custom MessageInterpolator of type org.springframework.validation.beanvalidation.LocaleContextMessageInterpolator
2025-03-15 18:55:22 [main] DEBUG o.h.v.i.e.AbstractConfigurationImpl - Setting custom ConstraintValidatorFactory of type org.springframework.validation.beanvalidation.SpringConstraintValidatorFactory
2025-03-15 18:55:22 [main] DEBUG o.h.v.i.e.AbstractConfigurationImpl - Setting custom ParameterNameProvider of type org.springframework.validation.beanvalidation.LocalValidatorFactoryBean$1
2025-03-15 18:55:22 [main] DEBUG o.h.v.i.x.config.ValidationXmlParser - Trying to load META-INF/validation.xml for XML based Validator configuration.
2025-03-15 18:55:22 [main] DEBUG o.h.v.i.x.c.ResourceLoaderHelper - Trying to load META-INF/validation.xml via user class loader
2025-03-15 18:55:22 [main] DEBUG o.h.v.i.x.c.ResourceLoaderHelper - Trying to load META-INF/validation.xml via TCCL
2025-03-15 18:55:22 [main] DEBUG o.h.v.i.x.c.ResourceLoaderHelper - Trying to load META-INF/validation.xml via Hibernate Validator's class loader
2025-03-15 18:55:22 [main] DEBUG o.h.v.i.x.config.ValidationXmlParser - No META-INF/validation.xml found. Using annotation based configuration only.
2025-03-15 18:55:22 [main] DEBUG o.h.v.i.e.r.TraversableResolvers - Cannot find javax.persistence.Persistence on classpath. Assuming non JPA 2 environment. All properties will per default be traversable.
2025-03-15 18:55:22 [main] DEBUG o.h.v.i.e.ValidatorFactoryConfigurationHelper - HV000252: Using org.hibernate.validator.internal.engine.DefaultPropertyNodeNameProvider as property node name provider.
2025-03-15 18:55:22 [main] DEBUG o.h.v.i.e.ValidatorFactoryConfigurationHelper - HV000234: Using org.springframework.validation.beanvalidation.LocaleContextMessageInterpolator as ValidatorFactory-scoped message interpolator.
2025-03-15 18:55:22 [main] DEBUG o.h.v.i.e.ValidatorFactoryConfigurationHelper - HV000234: Using org.hibernate.validator.internal.engine.resolver.TraverseAllTraversableResolver as ValidatorFactory-scoped traversable resolver.
2025-03-15 18:55:22 [main] DEBUG o.h.v.i.e.ValidatorFactoryConfigurationHelper - HV000234: Using org.hibernate.validator.internal.util.ExecutableParameterNameProvider as ValidatorFactory-scoped parameter name provider.
2025-03-15 18:55:22 [main] DEBUG o.h.v.i.e.ValidatorFactoryConfigurationHelper - HV000234: Using org.hibernate.validator.internal.engine.DefaultClockProvider as ValidatorFactory-scoped clock provider.
2025-03-15 18:55:22 [main] DEBUG o.h.v.i.e.ValidatorFactoryConfigurationHelper - HV000234: Using org.hibernate.validator.internal.engine.scripting.DefaultScriptEvaluatorFactory as ValidatorFactory-scoped script evaluator factory.
2025-03-15 18:55:22 [main] INFO  o.s.c.s.PostProcessorRegistrationDelegate$BeanPostProcessorChecker - Bean 'org.springframework.cloud.commons.config.CommonsConfigAutoConfiguration' of type [org.springframework.cloud.commons.config.CommonsConfigAutoConfiguration] is not eligible for getting processed by all BeanPostProcessors (for example: not eligible for auto-proxying)
2025-03-15 18:55:22 [main] INFO  o.s.c.s.PostProcessorRegistrationDelegate$BeanPostProcessorChecker - Bean 'org.springframework.cloud.client.loadbalancer.LoadBalancerDefaultMappingsProviderAutoConfiguration' of type [org.springframework.cloud.client.loadbalancer.LoadBalancerDefaultMappingsProviderAutoConfiguration] is not eligible for getting processed by all BeanPostProcessors (for example: not eligible for auto-proxying)
2025-03-15 18:55:22 [main] INFO  o.s.c.s.PostProcessorRegistrationDelegate$BeanPostProcessorChecker - Bean 'loadBalancerClientsDefaultsMappingsProvider' of type [org.springframework.cloud.client.loadbalancer.LoadBalancerDefaultMappingsProviderAutoConfiguration$$Lambda$513/0x000001fa11490000] is not eligible for getting processed by all BeanPostProcessors (for example: not eligible for auto-proxying)
2025-03-15 18:55:22 [main] INFO  o.s.c.s.PostProcessorRegistrationDelegate$BeanPostProcessorChecker - Bean 'defaultsBindHandlerAdvisor' of type [org.springframework.cloud.commons.config.DefaultsBindHandlerAdvisor] is not eligible for getting processed by all BeanPostProcessors (for example: not eligible for auto-proxying)
2025-03-15 18:55:22 [main] INFO  o.s.c.s.PostProcessorRegistrationDelegate$BeanPostProcessorChecker - Bean 'spring.cloud.sentinel-com.alibaba.cloud.sentinel.SentinelProperties' of type [com.alibaba.cloud.sentinel.SentinelProperties] is not eligible for getting processed by all BeanPostProcessors (for example: not eligible for auto-proxying)
2025-03-15 18:55:22 [main] INFO  o.s.c.s.PostProcessorRegistrationDelegate$BeanPostProcessorChecker - Bean 'com.alibaba.cloud.sentinel.custom.SentinelAutoConfiguration' of type [com.alibaba.cloud.sentinel.custom.SentinelAutoConfiguration] is not eligible for getting processed by all BeanPostProcessors (for example: not eligible for auto-proxying)
2025-03-15 18:55:23 [main] INFO  o.s.b.w.e.tomcat.TomcatWebServer - Tomcat initialized with port(s): 8082 (http)
2025-03-15 18:55:23 [main] INFO  o.a.coyote.http11.Http11NioProtocol - Initializing ProtocolHandler ["http-nio-8082"]
2025-03-15 18:55:23 [main] INFO  o.a.catalina.core.StandardService - Starting service [Tomcat]
2025-03-15 18:55:23 [main] INFO  o.a.catalina.core.StandardEngine - Starting Servlet engine: [Apache Tomcat/9.0.58]
2025-03-15 18:55:23 [main] INFO  o.a.c.c.C.[Tomcat].[localhost].[/] - Initializing Spring embedded WebApplicationContext
2025-03-15 18:55:23 [main] INFO  o.s.b.w.s.c.ServletWebServerApplicationContext - Root WebApplicationContext: initialization completed in 2128 ms
2025-03-15 18:55:23 [main] INFO  c.a.d.s.b.a.DruidDataSourceAutoConfigure - Init DruidDataSource
2025-03-15 18:55:23 [main] INFO  c.alibaba.druid.pool.DruidDataSource - {dataSource-1} inited
2025-03-15 18:55:23 [main] DEBUG o.h.v.m.ResourceBundleMessageInterpolator - Loaded expression factory via original TCCL
2025-03-15 18:55:23 [main] DEBUG o.h.v.i.e.AbstractConfigurationImpl - Setting custom MessageInterpolator of type org.springframework.validation.beanvalidation.LocaleContextMessageInterpolator
2025-03-15 18:55:23 [main] DEBUG o.h.v.i.e.AbstractConfigurationImpl - Setting custom ConstraintValidatorFactory of type org.springframework.validation.beanvalidation.SpringConstraintValidatorFactory
2025-03-15 18:55:23 [main] DEBUG o.h.v.i.e.AbstractConfigurationImpl - Setting custom ParameterNameProvider of type org.springframework.validation.beanvalidation.LocalValidatorFactoryBean$1
2025-03-15 18:55:23 [main] DEBUG o.h.v.i.x.config.ValidationXmlParser - Trying to load META-INF/validation.xml for XML based Validator configuration.
2025-03-15 18:55:23 [main] DEBUG o.h.v.i.x.c.ResourceLoaderHelper - Trying to load META-INF/validation.xml via user class loader
2025-03-15 18:55:23 [main] DEBUG o.h.v.i.x.c.ResourceLoaderHelper - Trying to load META-INF/validation.xml via TCCL
2025-03-15 18:55:23 [main] DEBUG o.h.v.i.x.c.ResourceLoaderHelper - Trying to load META-INF/validation.xml via Hibernate Validator's class loader
2025-03-15 18:55:23 [main] DEBUG o.h.v.i.x.config.ValidationXmlParser - No META-INF/validation.xml found. Using annotation based configuration only.
2025-03-15 18:55:23 [main] DEBUG o.h.v.i.e.r.TraversableResolvers - Cannot find javax.persistence.Persistence on classpath. Assuming non JPA 2 environment. All properties will per default be traversable.
2025-03-15 18:55:23 [main] DEBUG o.h.v.i.e.ValidatorFactoryConfigurationHelper - HV000252: Using org.hibernate.validator.internal.engine.DefaultPropertyNodeNameProvider as property node name provider.
2025-03-15 18:55:23 [main] DEBUG o.h.v.i.e.ValidatorFactoryConfigurationHelper - HV000234: Using org.springframework.validation.beanvalidation.LocaleContextMessageInterpolator as ValidatorFactory-scoped message interpolator.
2025-03-15 18:55:23 [main] DEBUG o.h.v.i.e.ValidatorFactoryConfigurationHelper - HV000234: Using org.hibernate.validator.internal.engine.resolver.TraverseAllTraversableResolver as ValidatorFactory-scoped traversable resolver.
2025-03-15 18:55:23 [main] DEBUG o.h.v.i.e.ValidatorFactoryConfigurationHelper - HV000234: Using org.hibernate.validator.internal.util.ExecutableParameterNameProvider as ValidatorFactory-scoped parameter name provider.
2025-03-15 18:55:23 [main] DEBUG o.h.v.i.e.ValidatorFactoryConfigurationHelper - HV000234: Using org.hibernate.validator.internal.engine.DefaultClockProvider as ValidatorFactory-scoped clock provider.
2025-03-15 18:55:23 [main] DEBUG o.h.v.i.e.ValidatorFactoryConfigurationHelper - HV000234: Using org.hibernate.validator.internal.engine.scripting.DefaultScriptEvaluatorFactory as ValidatorFactory-scoped script evaluator factory.
2025-03-15 18:55:24 [main] INFO  c.a.c.s.SentinelWebMvcConfigurer - [Sentinel Starter] register SentinelWebInterceptor with urlPatterns: [/**].
2025-03-15 18:55:24 [main] DEBUG _.s.w.s.HandlerMapping.Mappings - 
	c.a.l.c.ListeningController:
	{POST [/api/v1/listening/create]}: createListening(ListeningCreateDTO)
2025-03-15 18:55:24 [main] DEBUG _.s.w.s.HandlerMapping.Mappings - 
	o.s.b.a.w.s.e.BasicErrorController:
	{ [/error]}: error(HttpServletRequest)
	{ [/error], produces [text/html]}: errorHtml(HttpServletRequest,HttpServletResponse)
2025-03-15 18:55:24 [main] DEBUG _.s.w.s.HandlerMapping.Mappings - 'beanNameHandlerMapping' {}
2025-03-15 18:55:24 [main] DEBUG _.s.w.s.HandlerMapping.Mappings - 'resourceHandlerMapping' {/webjars/**=ResourceHttpRequestHandler [classpath [META-INF/resources/webjars/]], /**=ResourceHttpRequestHandler [classpath [META-INF/resources/], classpath [resources/], classpath [static/], classpath [public/], ServletContext [/]]}
2025-03-15 18:55:24 [main] DEBUG i.n.u.i.l.InternalLoggerFactory - Using SLF4J as the default logging framework
2025-03-15 18:55:24 [main] DEBUG io.netty.util.ResourceLeakDetector - -Dio.netty.leakDetection.level: simple
2025-03-15 18:55:24 [main] DEBUG io.netty.util.ResourceLeakDetector - -Dio.netty.leakDetection.targetRecords: 4
2025-03-15 18:55:24 [main] WARN  o.s.c.l.c.LoadBalancerCacheAutoConfiguration$LoadBalancerCaffeineWarnLogger - Spring Cloud LoadBalancer is currently working with the default cache. While this cache implementation is useful for development and tests, it's recommended to use Caffeine cache in production.You can switch to using Caffeine cache, by adding it and org.springframework.cache.caffeine.CaffeineCacheManager to the classpath.
2025-03-15 18:55:25 [main] INFO  com.alibaba.nacos.client.naming - initializer namespace from System Property :null
2025-03-15 18:55:25 [main] INFO  com.alibaba.nacos.client.naming - initializer namespace from System Environment :null
2025-03-15 18:55:25 [main] INFO  com.alibaba.nacos.client.naming - initializer namespace from System Property :null
2025-03-15 18:55:25 [main] DEBUG com.alibaba.nacos.client.naming - server list provided by user: [localhost:8848]
2025-03-15 18:55:25 [com.alibaba.nacos.client.naming.updater] DEBUG com.alibaba.nacos.client.naming - server list provided by user: [localhost:8848]
2025-03-15 18:55:25 [com.alibaba.nacos.naming.failover] DEBUG com.alibaba.nacos.client.naming - failover switch is not found, failover00-00---000-VIPSRV_FAILOVER_SWITCH-000---00-00
2025-03-15 18:55:25 [main] DEBUG com.alibaba.nacos.client.naming - failover-mode: false
2025-03-15 18:55:25 [main] DEBUG com.alibaba.nacos.client.naming - HTTP method: GET, url: http://localhost:8848/nacos/v1/ns/instance/list?app=unknown&healthyOnly=false&namespaceId=1695f1a3-225f-4479-9dc1-1f71f7c845a7&clientIP=192.168.3.11&serviceName=DEFAULT_GROUP%40%40mock-ielts-speaklisten&udpPort=55022&clusters=DEFAULT, body: {}
2025-03-15 18:55:25 [main] INFO  com.alibaba.nacos.client.naming - new ips(1) service: DEFAULT_GROUP@@mock-ielts-speaklisten@@DEFAULT -> [{"instanceId":"192.168.3.11#9486#DEFAULT#DEFAULT_GROUP@@mock-ielts-speaklisten","ip":"192.168.3.11","port":9486,"weight":1.0,"healthy":true,"enabled":true,"ephemeral":true,"clusterName":"DEFAULT","serviceName":"DEFAULT_GROUP@@mock-ielts-speaklisten","metadata":{"preserved.register.source":"SPRING_CLOUD"},"ipDeleteTimeout":30000,"instanceHeartBeatInterval":5000,"instanceHeartBeatTimeOut":15000}]
2025-03-15 18:55:25 [main] INFO  com.alibaba.nacos.client.naming - current ips:(1) service: DEFAULT_GROUP@@mock-ielts-speaklisten@@DEFAULT -> [{"instanceId":"192.168.3.11#9486#DEFAULT#DEFAULT_GROUP@@mock-ielts-speaklisten","ip":"192.168.3.11","port":9486,"weight":1.0,"healthy":true,"enabled":true,"ephemeral":true,"clusterName":"DEFAULT","serviceName":"DEFAULT_GROUP@@mock-ielts-speaklisten","metadata":{"preserved.register.source":"SPRING_CLOUD"},"ipDeleteTimeout":30000,"instanceHeartBeatInterval":5000,"instanceHeartBeatTimeOut":15000}]
2025-03-15 18:55:25 [main] INFO  o.a.coyote.http11.Http11NioProtocol - Starting ProtocolHandler ["http-nio-8082"]
2025-03-15 18:55:25 [main] INFO  o.s.b.w.e.tomcat.TomcatWebServer - Tomcat started on port(s): 8082 (http) with context path ''
2025-03-15 18:55:25 [main] INFO  com.alibaba.nacos.client.naming - [BEAT] adding beat: BeatInfo{port=8082, ip='192.168.3.11', weight=1.0, serviceName='DEFAULT_GROUP@@mock-ielts-speaklisten', cluster='DEFAULT', metadata={preserved.register.source=SPRING_CLOUD}, scheduled=false, period=5000, stopped=false} to beat map.
2025-03-15 18:55:25 [main] INFO  com.alibaba.nacos.client.naming - [REGISTER-SERVICE] 1695f1a3-225f-4479-9dc1-1f71f7c845a7 registering service DEFAULT_GROUP@@mock-ielts-speaklisten with instance: Instance{instanceId='null', ip='192.168.3.11', port=8082, weight=1.0, healthy=true, enabled=true, ephemeral=true, clusterName='DEFAULT', serviceName='null', metadata={preserved.register.source=SPRING_CLOUD}}
2025-03-15 18:55:25 [main] DEBUG com.alibaba.nacos.client.naming - HTTP method: POST, url: http://localhost:8848/nacos/v1/ns/instance?app=unknown&groupName=DEFAULT_GROUP&metadata=%7B%22preserved.register.source%22%3A%22SPRING_CLOUD%22%7D&namespaceId=1695f1a3-225f-4479-9dc1-1f71f7c845a7&port=8082&enable=true&healthy=true&clusterName=DEFAULT&ip=192.168.3.11&weight=1.0&ephemeral=true&serviceName=DEFAULT_GROUP%40%40mock-ielts-speaklisten, body: {}
2025-03-15 18:55:25 [main] INFO  c.a.c.n.r.NacosServiceRegistry - nacos registry, DEFAULT_GROUP mock-ielts-speaklisten 192.168.3.11:8082 register finished
2025-03-15 18:55:25 [main] INFO  c.a.listening.ListeningApplication - Started ListeningApplication in 6.002 seconds (JVM running for 6.568)
2025-03-15 18:55:25 [main] INFO  c.a.n.c.config.impl.ClientWorker - [fixed-127.0.0.1_8848] [subscribe] mock-ielts-speaklisten+DEFAULT_GROUP
2025-03-15 18:55:25 [main] INFO  c.a.n.client.config.impl.CacheData - [fixed-127.0.0.1_8848] [add-listener] ok, tenant=, dataId=mock-ielts-speaklisten, group=DEFAULT_GROUP, cnt=1
2025-03-15 18:55:25 [main] INFO  c.a.c.n.r.NacosContextRefresher - listening config: dataId=mock-ielts-speaklisten, group=DEFAULT_GROUP
2025-03-15 18:55:25 [main] INFO  c.a.n.c.config.impl.ClientWorker - [fixed-127.0.0.1_8848] [subscribe] mock-ielts-speaklisten.yaml+DEFAULT_GROUP
2025-03-15 18:55:25 [main] INFO  c.a.n.client.config.impl.CacheData - [fixed-127.0.0.1_8848] [add-listener] ok, tenant=, dataId=mock-ielts-speaklisten.yaml, group=DEFAULT_GROUP, cnt=1
2025-03-15 18:55:25 [main] INFO  c.a.c.n.r.NacosContextRefresher - listening config: dataId=mock-ielts-speaklisten.yaml, group=DEFAULT_GROUP
2025-03-15 18:55:25 [main] INFO  c.a.n.c.config.impl.ClientWorker - [fixed-127.0.0.1_8848] [subscribe] common-mysql.yaml+DEFAULT_GROUP
2025-03-15 18:55:25 [main] INFO  c.a.n.client.config.impl.CacheData - [fixed-127.0.0.1_8848] [add-listener] ok, tenant=, dataId=common-mysql.yaml, group=DEFAULT_GROUP, cnt=1
2025-03-15 18:55:25 [main] INFO  c.a.c.n.r.NacosContextRefresher - listening config: dataId=common-mysql.yaml, group=DEFAULT_GROUP
2025-03-15 18:55:25 [com.alibaba.nacos.client.Worker.longPolling.fixed-127.0.0.1_8848] DEBUG c.a.n.c.c.i.ConfigHttpClientManager - HTTP method: POST, url: http://127.0.0.1:8848/nacos/v1/cs/configs/listener, body: {Listening-Configs=mock-ielts-speaklistenDEFAULT_GROUPcommon-mysql.yamlDEFAULT_GROUPmock-ielts-speaklisten.yamlDEFAULT_GROUP}
2025-03-15 18:55:25 [com.alibaba.nacos.client.Worker.longPolling.fixed-127.0.0.1_8848] DEBUG c.a.n.c.c.i.ConfigHttpClientManager - Execute via interceptors :[com.alibaba.nacos.client.config.impl.ConfigHttpClientManager$LimiterHttpClientRequestInterceptor@71159a9f]
2025-03-15 18:55:25 [com.alibaba.nacos.client.Worker.longPolling.fixed-127.0.0.1_8848] DEBUG c.a.n.c.c.i.ConfigHttpClientManager - HTTP method: POST, url: http://127.0.0.1:8848/nacos/v1/cs/configs/listener, body: {Listening-Configs=mock-ielts-speaklistenDEFAULT_GROUPcommon-mysql.yamlDEFAULT_GROUPmock-ielts-speaklisten.yamlDEFAULT_GROUP}
2025-03-15 18:55:25 [com.alibaba.nacos.client.Worker.longPolling.fixed-127.0.0.1_8848] DEBUG c.a.n.c.c.i.ConfigHttpClientManager - Execute via interceptors :[com.alibaba.nacos.client.config.impl.ConfigHttpClientManager$LimiterHttpClientRequestInterceptor@71159a9f]
2025-03-15 18:55:26 [nacos.publisher-com.alibaba.nacos.client.naming.event.InstancesChangeEvent] DEBUG c.a.nacos.common.notify.NotifyCenter - [NotifyCenter] the com.alibaba.nacos.client.naming.event.InstancesChangeEvent@7baa7119 will received by com.alibaba.nacos.client.naming.event.InstancesChangeNotifier@1fba386c
2025-03-15 18:55:26 [com.alibaba.nacos.client.naming.updater] DEBUG com.alibaba.nacos.client.naming - HTTP method: GET, url: http://localhost:8848/nacos/v1/ns/instance/list?app=unknown&healthyOnly=false&namespaceId=1695f1a3-225f-4479-9dc1-1f71f7c845a7&clientIP=192.168.3.11&serviceName=DEFAULT_GROUP%40%40mock-ielts-speaklisten&udpPort=55022&clusters=DEFAULT, body: {}
2025-03-15 18:55:26 [com.alibaba.nacos.client.naming.updater] INFO  com.alibaba.nacos.client.naming - new ips(1) service: DEFAULT_GROUP@@mock-ielts-speaklisten@@DEFAULT -> [{"instanceId":"192.168.3.11#8082#DEFAULT#DEFAULT_GROUP@@mock-ielts-speaklisten","ip":"192.168.3.11","port":8082,"weight":1.0,"healthy":true,"enabled":true,"ephemeral":true,"clusterName":"DEFAULT","serviceName":"DEFAULT_GROUP@@mock-ielts-speaklisten","metadata":{"preserved.register.source":"SPRING_CLOUD"},"ipDeleteTimeout":30000,"instanceHeartBeatInterval":5000,"instanceHeartBeatTimeOut":15000}]
2025-03-15 18:55:26 [nacos.publisher-com.alibaba.nacos.client.naming.event.InstancesChangeEvent] DEBUG c.a.nacos.common.notify.NotifyCenter - [NotifyCenter] the com.alibaba.nacos.client.naming.event.InstancesChangeEvent@644eca74 will received by com.alibaba.nacos.client.naming.event.InstancesChangeNotifier@1fba386c
2025-03-15 18:55:26 [com.alibaba.nacos.client.naming.updater] INFO  com.alibaba.nacos.client.naming - current ips:(2) service: DEFAULT_GROUP@@mock-ielts-speaklisten@@DEFAULT -> [{"instanceId":"192.168.3.11#9486#DEFAULT#DEFAULT_GROUP@@mock-ielts-speaklisten","ip":"192.168.3.11","port":9486,"weight":1.0,"healthy":true,"enabled":true,"ephemeral":true,"clusterName":"DEFAULT","serviceName":"DEFAULT_GROUP@@mock-ielts-speaklisten","metadata":{"preserved.register.source":"SPRING_CLOUD"},"ipDeleteTimeout":30000,"instanceHeartBeatInterval":5000,"instanceHeartBeatTimeOut":15000},{"instanceId":"192.168.3.11#8082#DEFAULT#DEFAULT_GROUP@@mock-ielts-speaklisten","ip":"192.168.3.11","port":8082,"weight":1.0,"healthy":true,"enabled":true,"ephemeral":true,"clusterName":"DEFAULT","serviceName":"DEFAULT_GROUP@@mock-ielts-speaklisten","metadata":{"preserved.register.source":"SPRING_CLOUD"},"ipDeleteTimeout":30000,"instanceHeartBeatInterval":5000,"instanceHeartBeatTimeOut":15000}]
2025-03-15 18:55:26 [com.alibaba.nacos.naming.push.receiver] INFO  com.alibaba.nacos.client.naming - received push data: {"type":"dom","data":"{\"hosts\":[{\"ip\":\"192.168.3.11\",\"port\":9486,\"valid\":true,\"healthy\":true,\"marked\":false,\"instanceId\":\"192.168.3.11#9486#DEFAULT#DEFAULT_GROUP@@mock-ielts-speaklisten\",\"metadata\":{\"preserved.register.source\":\"SPRING_CLOUD\"},\"enabled\":true,\"weight\":1.0,\"clusterName\":\"DEFAULT\",\"serviceName\":\"DEFAULT_GROUP@@mock-ielts-speaklisten\",\"ephemeral\":true},{\"ip\":\"192.168.3.11\",\"port\":8082,\"valid\":true,\"healthy\":true,\"marked\":false,\"instanceId\":\"192.168.3.11#8082#DEFAULT#DEFAULT_GROUP@@mock-ielts-speaklisten\",\"metadata\":{\"preserved.register.source\":\"SPRING_CLOUD\"},\"enabled\":true,\"weight\":1.0,\"clusterName\":\"DEFAULT\",\"serviceName\":\"DEFAULT_GROUP@@mock-ielts-speaklisten\",\"ephemeral\":true}],\"dom\":\"DEFAULT_GROUP@@mock-ielts-speaklisten\",\"name\":\"DEFAULT_GROUP@@mock-ielts-speaklisten\",\"cacheMillis\":10000,\"lastRefTime\":1742036126203,\"checksum\":\"bc82b05fa85aec067d57bee24c3d1a07\",\"useSpecifiedURL\":false,\"clusters\":\"DEFAULT\",\"env\":\"\",\"metadata\":{}}","lastRefTime":30876993840600} from /192.168.3.11
2025-03-15 18:55:30 [com.alibaba.nacos.naming.failover] DEBUG com.alibaba.nacos.client.naming - failover switch is not found, failover00-00---000-VIPSRV_FAILOVER_SWITCH-000---00-00
2025-03-15 18:55:30 [com.alibaba.nacos.naming.beat.sender] DEBUG com.alibaba.nacos.client.naming - [BEAT] 1695f1a3-225f-4479-9dc1-1f71f7c845a7 sending beat to server: BeatInfo{port=8082, ip='192.168.3.11', weight=1.0, serviceName='DEFAULT_GROUP@@mock-ielts-speaklisten', cluster='DEFAULT', metadata={preserved.register.source=SPRING_CLOUD}, scheduled=false, period=5000, stopped=false}
2025-03-15 18:55:30 [com.alibaba.nacos.naming.beat.sender] DEBUG com.alibaba.nacos.client.naming - HTTP method: PUT, url: http://localhost:8848/nacos/v1/ns/instance/beat?app=unknown&serviceName=DEFAULT_GROUP%40%40mock-ielts-speaklisten&namespaceId=1695f1a3-225f-4479-9dc1-1f71f7c845a7&port=8082&clusterName=DEFAULT&ip=192.168.3.11, body: {beat={"port":8082,"ip":"192.168.3.11","weight":1.0,"serviceName":"DEFAULT_GROUP@@mock-ielts-speaklisten","cluster":"DEFAULT","metadata":{"preserved.register.source":"SPRING_CLOUD"},"scheduled":false,"period":5000,"stopped":false}}
2025-03-15 18:55:35 [com.alibaba.nacos.naming.failover] DEBUG com.alibaba.nacos.client.naming - failover switch is not found, failover00-00---000-VIPSRV_FAILOVER_SWITCH-000---00-00
2025-03-15 18:55:35 [com.alibaba.nacos.naming.beat.sender] DEBUG com.alibaba.nacos.client.naming - [BEAT] 1695f1a3-225f-4479-9dc1-1f71f7c845a7 sending beat to server: BeatInfo{port=8082, ip='192.168.3.11', weight=1.0, serviceName='DEFAULT_GROUP@@mock-ielts-speaklisten', cluster='DEFAULT', metadata={preserved.register.source=SPRING_CLOUD}, scheduled=false, period=5000, stopped=false}
2025-03-15 18:55:35 [com.alibaba.nacos.naming.beat.sender] DEBUG com.alibaba.nacos.client.naming - HTTP method: PUT, url: http://localhost:8848/nacos/v1/ns/instance/beat?app=unknown&serviceName=DEFAULT_GROUP%40%40mock-ielts-speaklisten&namespaceId=1695f1a3-225f-4479-9dc1-1f71f7c845a7&port=8082&clusterName=DEFAULT&ip=192.168.3.11, body: {}
2025-03-15 18:55:36 [com.alibaba.nacos.client.naming.updater] DEBUG com.alibaba.nacos.client.naming - HTTP method: GET, url: http://localhost:8848/nacos/v1/ns/instance/list?app=unknown&healthyOnly=false&namespaceId=1695f1a3-225f-4479-9dc1-1f71f7c845a7&clientIP=192.168.3.11&serviceName=DEFAULT_GROUP%40%40mock-ielts-speaklisten&udpPort=55022&clusters=DEFAULT, body: {}
2025-03-15 18:55:40 [com.alibaba.nacos.naming.failover] DEBUG com.alibaba.nacos.client.naming - failover switch is not found, failover00-00---000-VIPSRV_FAILOVER_SWITCH-000---00-00
2025-03-15 18:55:40 [com.alibaba.nacos.naming.beat.sender] DEBUG com.alibaba.nacos.client.naming - [BEAT] 1695f1a3-225f-4479-9dc1-1f71f7c845a7 sending beat to server: BeatInfo{port=8082, ip='192.168.3.11', weight=1.0, serviceName='DEFAULT_GROUP@@mock-ielts-speaklisten', cluster='DEFAULT', metadata={preserved.register.source=SPRING_CLOUD}, scheduled=false, period=5000, stopped=false}
2025-03-15 18:55:40 [com.alibaba.nacos.naming.beat.sender] DEBUG com.alibaba.nacos.client.naming - HTTP method: PUT, url: http://localhost:8848/nacos/v1/ns/instance/beat?app=unknown&serviceName=DEFAULT_GROUP%40%40mock-ielts-speaklisten&namespaceId=1695f1a3-225f-4479-9dc1-1f71f7c845a7&port=8082&clusterName=DEFAULT&ip=192.168.3.11, body: {}
2025-03-15 18:55:45 [com.alibaba.nacos.naming.failover] DEBUG com.alibaba.nacos.client.naming - failover switch is not found, failover00-00---000-VIPSRV_FAILOVER_SWITCH-000---00-00
2025-03-15 18:55:45 [com.alibaba.nacos.naming.beat.sender] DEBUG com.alibaba.nacos.client.naming - [BEAT] 1695f1a3-225f-4479-9dc1-1f71f7c845a7 sending beat to server: BeatInfo{port=8082, ip='192.168.3.11', weight=1.0, serviceName='DEFAULT_GROUP@@mock-ielts-speaklisten', cluster='DEFAULT', metadata={preserved.register.source=SPRING_CLOUD}, scheduled=false, period=5000, stopped=false}
2025-03-15 18:55:45 [com.alibaba.nacos.naming.beat.sender] DEBUG com.alibaba.nacos.client.naming - HTTP method: PUT, url: http://localhost:8848/nacos/v1/ns/instance/beat?app=unknown&serviceName=DEFAULT_GROUP%40%40mock-ielts-speaklisten&namespaceId=1695f1a3-225f-4479-9dc1-1f71f7c845a7&port=8082&clusterName=DEFAULT&ip=192.168.3.11, body: {}
2025-03-15 18:55:46 [com.alibaba.nacos.client.naming.updater] DEBUG com.alibaba.nacos.client.naming - HTTP method: GET, url: http://localhost:8848/nacos/v1/ns/instance/list?app=unknown&healthyOnly=false&namespaceId=1695f1a3-225f-4479-9dc1-1f71f7c845a7&clientIP=192.168.3.11&serviceName=DEFAULT_GROUP%40%40mock-ielts-speaklisten&udpPort=55022&clusters=DEFAULT, body: {}
2025-03-15 18:55:50 [com.alibaba.nacos.naming.failover] DEBUG com.alibaba.nacos.client.naming - failover switch is not found, failover00-00---000-VIPSRV_FAILOVER_SWITCH-000---00-00
2025-03-15 18:55:50 [com.alibaba.nacos.naming.beat.sender] DEBUG com.alibaba.nacos.client.naming - [BEAT] 1695f1a3-225f-4479-9dc1-1f71f7c845a7 sending beat to server: BeatInfo{port=8082, ip='192.168.3.11', weight=1.0, serviceName='DEFAULT_GROUP@@mock-ielts-speaklisten', cluster='DEFAULT', metadata={preserved.register.source=SPRING_CLOUD}, scheduled=false, period=5000, stopped=false}
2025-03-15 18:55:50 [com.alibaba.nacos.naming.beat.sender] DEBUG com.alibaba.nacos.client.naming - HTTP method: PUT, url: http://localhost:8848/nacos/v1/ns/instance/beat?app=unknown&serviceName=DEFAULT_GROUP%40%40mock-ielts-speaklisten&namespaceId=1695f1a3-225f-4479-9dc1-1f71f7c845a7&port=8082&clusterName=DEFAULT&ip=192.168.3.11, body: {}
2025-03-15 18:55:55 [com.alibaba.nacos.client.naming.updater] DEBUG com.alibaba.nacos.client.naming - server list provided by user: [localhost:8848]
2025-03-15 18:55:55 [com.alibaba.nacos.client.Worker.longPolling.fixed-127.0.0.1_8848] DEBUG c.a.n.c.c.i.ConfigHttpClientManager - HTTP method: POST, url: http://127.0.0.1:8848/nacos/v1/cs/configs/listener, body: {Listening-Configs=mock-ielts-speaklistenDEFAULT_GROUPcommon-mysql.yamlDEFAULT_GROUPmock-ielts-speaklisten.yamlDEFAULT_GROUP}
2025-03-15 18:55:55 [com.alibaba.nacos.client.Worker.longPolling.fixed-127.0.0.1_8848] DEBUG c.a.n.c.c.i.ConfigHttpClientManager - Execute via interceptors :[com.alibaba.nacos.client.config.impl.ConfigHttpClientManager$LimiterHttpClientRequestInterceptor@71159a9f]
2025-03-15 18:55:55 [com.alibaba.nacos.naming.failover] DEBUG com.alibaba.nacos.client.naming - failover switch is not found, failover00-00---000-VIPSRV_FAILOVER_SWITCH-000---00-00
2025-03-15 18:55:55 [com.alibaba.nacos.naming.beat.sender] DEBUG com.alibaba.nacos.client.naming - [BEAT] 1695f1a3-225f-4479-9dc1-1f71f7c845a7 sending beat to server: BeatInfo{port=8082, ip='192.168.3.11', weight=1.0, serviceName='DEFAULT_GROUP@@mock-ielts-speaklisten', cluster='DEFAULT', metadata={preserved.register.source=SPRING_CLOUD}, scheduled=false, period=5000, stopped=false}
2025-03-15 18:55:55 [com.alibaba.nacos.naming.beat.sender] DEBUG com.alibaba.nacos.client.naming - HTTP method: PUT, url: http://localhost:8848/nacos/v1/ns/instance/beat?app=unknown&serviceName=DEFAULT_GROUP%40%40mock-ielts-speaklisten&namespaceId=1695f1a3-225f-4479-9dc1-1f71f7c845a7&port=8082&clusterName=DEFAULT&ip=192.168.3.11, body: {}
2025-03-15 18:55:56 [com.alibaba.nacos.client.naming.updater] DEBUG com.alibaba.nacos.client.naming - HTTP method: GET, url: http://localhost:8848/nacos/v1/ns/instance/list?app=unknown&healthyOnly=false&namespaceId=1695f1a3-225f-4479-9dc1-1f71f7c845a7&clientIP=192.168.3.11&serviceName=DEFAULT_GROUP%40%40mock-ielts-speaklisten&udpPort=55022&clusters=DEFAULT, body: {}
2025-03-15 18:56:00 [com.alibaba.nacos.naming.failover] DEBUG com.alibaba.nacos.client.naming - failover switch is not found, failover00-00---000-VIPSRV_FAILOVER_SWITCH-000---00-00
2025-03-15 18:56:00 [com.alibaba.nacos.naming.beat.sender] DEBUG com.alibaba.nacos.client.naming - [BEAT] 1695f1a3-225f-4479-9dc1-1f71f7c845a7 sending beat to server: BeatInfo{port=8082, ip='192.168.3.11', weight=1.0, serviceName='DEFAULT_GROUP@@mock-ielts-speaklisten', cluster='DEFAULT', metadata={preserved.register.source=SPRING_CLOUD}, scheduled=false, period=5000, stopped=false}
2025-03-15 18:56:00 [com.alibaba.nacos.naming.beat.sender] DEBUG com.alibaba.nacos.client.naming - HTTP method: PUT, url: http://localhost:8848/nacos/v1/ns/instance/beat?app=unknown&serviceName=DEFAULT_GROUP%40%40mock-ielts-speaklisten&namespaceId=1695f1a3-225f-4479-9dc1-1f71f7c845a7&port=8082&clusterName=DEFAULT&ip=192.168.3.11, body: {}
2025-03-15 18:56:05 [com.alibaba.nacos.naming.failover] DEBUG com.alibaba.nacos.client.naming - failover switch is not found, failover00-00---000-VIPSRV_FAILOVER_SWITCH-000---00-00
2025-03-15 18:56:05 [com.alibaba.nacos.naming.beat.sender] DEBUG com.alibaba.nacos.client.naming - [BEAT] 1695f1a3-225f-4479-9dc1-1f71f7c845a7 sending beat to server: BeatInfo{port=8082, ip='192.168.3.11', weight=1.0, serviceName='DEFAULT_GROUP@@mock-ielts-speaklisten', cluster='DEFAULT', metadata={preserved.register.source=SPRING_CLOUD}, scheduled=false, period=5000, stopped=false}
2025-03-15 18:56:05 [com.alibaba.nacos.naming.beat.sender] DEBUG com.alibaba.nacos.client.naming - HTTP method: PUT, url: http://localhost:8848/nacos/v1/ns/instance/beat?app=unknown&serviceName=DEFAULT_GROUP%40%40mock-ielts-speaklisten&namespaceId=1695f1a3-225f-4479-9dc1-1f71f7c845a7&port=8082&clusterName=DEFAULT&ip=192.168.3.11, body: {}
2025-03-15 18:56:06 [com.alibaba.nacos.client.naming.updater] DEBUG com.alibaba.nacos.client.naming - HTTP method: GET, url: http://localhost:8848/nacos/v1/ns/instance/list?app=unknown&healthyOnly=false&namespaceId=1695f1a3-225f-4479-9dc1-1f71f7c845a7&clientIP=192.168.3.11&serviceName=DEFAULT_GROUP%40%40mock-ielts-speaklisten&udpPort=55022&clusters=DEFAULT, body: {}
2025-03-15 18:56:10 [com.alibaba.nacos.naming.failover] DEBUG com.alibaba.nacos.client.naming - failover switch is not found, failover00-00---000-VIPSRV_FAILOVER_SWITCH-000---00-00
2025-03-15 18:56:10 [com.alibaba.nacos.naming.beat.sender] DEBUG com.alibaba.nacos.client.naming - [BEAT] 1695f1a3-225f-4479-9dc1-1f71f7c845a7 sending beat to server: BeatInfo{port=8082, ip='192.168.3.11', weight=1.0, serviceName='DEFAULT_GROUP@@mock-ielts-speaklisten', cluster='DEFAULT', metadata={preserved.register.source=SPRING_CLOUD}, scheduled=false, period=5000, stopped=false}
2025-03-15 18:56:10 [com.alibaba.nacos.naming.beat.sender] DEBUG com.alibaba.nacos.client.naming - HTTP method: PUT, url: http://localhost:8848/nacos/v1/ns/instance/beat?app=unknown&serviceName=DEFAULT_GROUP%40%40mock-ielts-speaklisten&namespaceId=1695f1a3-225f-4479-9dc1-1f71f7c845a7&port=8082&clusterName=DEFAULT&ip=192.168.3.11, body: {}
2025-03-15 18:56:15 [com.alibaba.nacos.naming.failover] DEBUG com.alibaba.nacos.client.naming - failover switch is not found, failover00-00---000-VIPSRV_FAILOVER_SWITCH-000---00-00
2025-03-15 18:56:15 [com.alibaba.nacos.naming.beat.sender] DEBUG com.alibaba.nacos.client.naming - [BEAT] 1695f1a3-225f-4479-9dc1-1f71f7c845a7 sending beat to server: BeatInfo{port=8082, ip='192.168.3.11', weight=1.0, serviceName='DEFAULT_GROUP@@mock-ielts-speaklisten', cluster='DEFAULT', metadata={preserved.register.source=SPRING_CLOUD}, scheduled=false, period=5000, stopped=false}
2025-03-15 18:56:15 [com.alibaba.nacos.naming.beat.sender] DEBUG com.alibaba.nacos.client.naming - HTTP method: PUT, url: http://localhost:8848/nacos/v1/ns/instance/beat?app=unknown&serviceName=DEFAULT_GROUP%40%40mock-ielts-speaklisten&namespaceId=1695f1a3-225f-4479-9dc1-1f71f7c845a7&port=8082&clusterName=DEFAULT&ip=192.168.3.11, body: {}
2025-03-15 18:56:16 [com.alibaba.nacos.client.naming.updater] DEBUG com.alibaba.nacos.client.naming - HTTP method: GET, url: http://localhost:8848/nacos/v1/ns/instance/list?app=unknown&healthyOnly=false&namespaceId=1695f1a3-225f-4479-9dc1-1f71f7c845a7&clientIP=192.168.3.11&serviceName=DEFAULT_GROUP%40%40mock-ielts-speaklisten&udpPort=55022&clusters=DEFAULT, body: {}
2025-03-15 18:56:20 [com.alibaba.nacos.naming.failover] DEBUG com.alibaba.nacos.client.naming - failover switch is not found, failover00-00---000-VIPSRV_FAILOVER_SWITCH-000---00-00
2025-03-15 18:56:20 [com.alibaba.nacos.naming.beat.sender] DEBUG com.alibaba.nacos.client.naming - [BEAT] 1695f1a3-225f-4479-9dc1-1f71f7c845a7 sending beat to server: BeatInfo{port=8082, ip='192.168.3.11', weight=1.0, serviceName='DEFAULT_GROUP@@mock-ielts-speaklisten', cluster='DEFAULT', metadata={preserved.register.source=SPRING_CLOUD}, scheduled=false, period=5000, stopped=false}
2025-03-15 18:56:20 [com.alibaba.nacos.naming.beat.sender] DEBUG com.alibaba.nacos.client.naming - HTTP method: PUT, url: http://localhost:8848/nacos/v1/ns/instance/beat?app=unknown&serviceName=DEFAULT_GROUP%40%40mock-ielts-speaklisten&namespaceId=1695f1a3-225f-4479-9dc1-1f71f7c845a7&port=8082&clusterName=DEFAULT&ip=192.168.3.11, body: {}
2025-03-15 18:56:24 [com.alibaba.nacos.client.Worker.longPolling.fixed-127.0.0.1_8848] DEBUG c.a.n.c.c.i.ConfigHttpClientManager - HTTP method: POST, url: http://127.0.0.1:8848/nacos/v1/cs/configs/listener, body: {Listening-Configs=mock-ielts-speaklistenDEFAULT_GROUPcommon-mysql.yamlDEFAULT_GROUPmock-ielts-speaklisten.yamlDEFAULT_GROUP}
2025-03-15 18:56:24 [com.alibaba.nacos.client.Worker.longPolling.fixed-127.0.0.1_8848] DEBUG c.a.n.c.c.i.ConfigHttpClientManager - Execute via interceptors :[com.alibaba.nacos.client.config.impl.ConfigHttpClientManager$LimiterHttpClientRequestInterceptor@71159a9f]
2025-03-15 18:56:25 [com.alibaba.nacos.client.naming.updater] DEBUG com.alibaba.nacos.client.naming - server list provided by user: [localhost:8848]
2025-03-15 18:56:25 [com.alibaba.nacos.naming.failover] DEBUG com.alibaba.nacos.client.naming - failover switch is not found, failover00-00---000-VIPSRV_FAILOVER_SWITCH-000---00-00
2025-03-15 18:56:25 [com.alibaba.nacos.naming.beat.sender] DEBUG com.alibaba.nacos.client.naming - [BEAT] 1695f1a3-225f-4479-9dc1-1f71f7c845a7 sending beat to server: BeatInfo{port=8082, ip='192.168.3.11', weight=1.0, serviceName='DEFAULT_GROUP@@mock-ielts-speaklisten', cluster='DEFAULT', metadata={preserved.register.source=SPRING_CLOUD}, scheduled=false, period=5000, stopped=false}
2025-03-15 18:56:25 [com.alibaba.nacos.naming.beat.sender] DEBUG com.alibaba.nacos.client.naming - HTTP method: PUT, url: http://localhost:8848/nacos/v1/ns/instance/beat?app=unknown&serviceName=DEFAULT_GROUP%40%40mock-ielts-speaklisten&namespaceId=1695f1a3-225f-4479-9dc1-1f71f7c845a7&port=8082&clusterName=DEFAULT&ip=192.168.3.11, body: {}
2025-03-15 18:56:26 [com.alibaba.nacos.client.naming.updater] DEBUG com.alibaba.nacos.client.naming - HTTP method: GET, url: http://localhost:8848/nacos/v1/ns/instance/list?app=unknown&healthyOnly=false&namespaceId=1695f1a3-225f-4479-9dc1-1f71f7c845a7&clientIP=192.168.3.11&serviceName=DEFAULT_GROUP%40%40mock-ielts-speaklisten&udpPort=55022&clusters=DEFAULT, body: {}
2025-03-15 18:56:30 [com.alibaba.nacos.naming.failover] DEBUG com.alibaba.nacos.client.naming - failover switch is not found, failover00-00---000-VIPSRV_FAILOVER_SWITCH-000---00-00
2025-03-15 18:56:30 [com.alibaba.nacos.naming.beat.sender] DEBUG com.alibaba.nacos.client.naming - [BEAT] 1695f1a3-225f-4479-9dc1-1f71f7c845a7 sending beat to server: BeatInfo{port=8082, ip='192.168.3.11', weight=1.0, serviceName='DEFAULT_GROUP@@mock-ielts-speaklisten', cluster='DEFAULT', metadata={preserved.register.source=SPRING_CLOUD}, scheduled=false, period=5000, stopped=false}
2025-03-15 18:56:30 [com.alibaba.nacos.naming.beat.sender] DEBUG com.alibaba.nacos.client.naming - HTTP method: PUT, url: http://localhost:8848/nacos/v1/ns/instance/beat?app=unknown&serviceName=DEFAULT_GROUP%40%40mock-ielts-speaklisten&namespaceId=1695f1a3-225f-4479-9dc1-1f71f7c845a7&port=8082&clusterName=DEFAULT&ip=192.168.3.11, body: {}
2025-03-15 18:56:35 [com.alibaba.nacos.naming.failover] DEBUG com.alibaba.nacos.client.naming - failover switch is not found, failover00-00---000-VIPSRV_FAILOVER_SWITCH-000---00-00
2025-03-15 18:56:35 [com.alibaba.nacos.naming.beat.sender] DEBUG com.alibaba.nacos.client.naming - [BEAT] 1695f1a3-225f-4479-9dc1-1f71f7c845a7 sending beat to server: BeatInfo{port=8082, ip='192.168.3.11', weight=1.0, serviceName='DEFAULT_GROUP@@mock-ielts-speaklisten', cluster='DEFAULT', metadata={preserved.register.source=SPRING_CLOUD}, scheduled=false, period=5000, stopped=false}
2025-03-15 18:56:35 [com.alibaba.nacos.naming.beat.sender] DEBUG com.alibaba.nacos.client.naming - HTTP method: PUT, url: http://localhost:8848/nacos/v1/ns/instance/beat?app=unknown&serviceName=DEFAULT_GROUP%40%40mock-ielts-speaklisten&namespaceId=1695f1a3-225f-4479-9dc1-1f71f7c845a7&port=8082&clusterName=DEFAULT&ip=192.168.3.11, body: {}
2025-03-15 18:56:36 [com.alibaba.nacos.client.naming.updater] DEBUG com.alibaba.nacos.client.naming - HTTP method: GET, url: http://localhost:8848/nacos/v1/ns/instance/list?app=unknown&healthyOnly=false&namespaceId=1695f1a3-225f-4479-9dc1-1f71f7c845a7&clientIP=192.168.3.11&serviceName=DEFAULT_GROUP%40%40mock-ielts-speaklisten&udpPort=55022&clusters=DEFAULT, body: {}
2025-03-15 18:56:40 [com.alibaba.nacos.naming.failover] DEBUG com.alibaba.nacos.client.naming - failover switch is not found, failover00-00---000-VIPSRV_FAILOVER_SWITCH-000---00-00
2025-03-15 18:56:40 [com.alibaba.nacos.naming.beat.sender] DEBUG com.alibaba.nacos.client.naming - [BEAT] 1695f1a3-225f-4479-9dc1-1f71f7c845a7 sending beat to server: BeatInfo{port=8082, ip='192.168.3.11', weight=1.0, serviceName='DEFAULT_GROUP@@mock-ielts-speaklisten', cluster='DEFAULT', metadata={preserved.register.source=SPRING_CLOUD}, scheduled=false, period=5000, stopped=false}
2025-03-15 18:56:40 [com.alibaba.nacos.naming.beat.sender] DEBUG com.alibaba.nacos.client.naming - HTTP method: PUT, url: http://localhost:8848/nacos/v1/ns/instance/beat?app=unknown&serviceName=DEFAULT_GROUP%40%40mock-ielts-speaklisten&namespaceId=1695f1a3-225f-4479-9dc1-1f71f7c845a7&port=8082&clusterName=DEFAULT&ip=192.168.3.11, body: {}
2025-03-15 18:56:45 [com.alibaba.nacos.naming.failover] DEBUG com.alibaba.nacos.client.naming - failover switch is not found, failover00-00---000-VIPSRV_FAILOVER_SWITCH-000---00-00
2025-03-15 18:56:45 [com.alibaba.nacos.naming.beat.sender] DEBUG com.alibaba.nacos.client.naming - [BEAT] 1695f1a3-225f-4479-9dc1-1f71f7c845a7 sending beat to server: BeatInfo{port=8082, ip='192.168.3.11', weight=1.0, serviceName='DEFAULT_GROUP@@mock-ielts-speaklisten', cluster='DEFAULT', metadata={preserved.register.source=SPRING_CLOUD}, scheduled=false, period=5000, stopped=false}
2025-03-15 18:56:45 [com.alibaba.nacos.naming.beat.sender] DEBUG com.alibaba.nacos.client.naming - HTTP method: PUT, url: http://localhost:8848/nacos/v1/ns/instance/beat?app=unknown&serviceName=DEFAULT_GROUP%40%40mock-ielts-speaklisten&namespaceId=1695f1a3-225f-4479-9dc1-1f71f7c845a7&port=8082&clusterName=DEFAULT&ip=192.168.3.11, body: {}
2025-03-15 18:56:46 [com.alibaba.nacos.client.naming.updater] DEBUG com.alibaba.nacos.client.naming - HTTP method: GET, url: http://localhost:8848/nacos/v1/ns/instance/list?app=unknown&healthyOnly=false&namespaceId=1695f1a3-225f-4479-9dc1-1f71f7c845a7&clientIP=192.168.3.11&serviceName=DEFAULT_GROUP%40%40mock-ielts-speaklisten&udpPort=55022&clusters=DEFAULT, body: {}
2025-03-15 18:56:50 [com.alibaba.nacos.naming.failover] DEBUG com.alibaba.nacos.client.naming - failover switch is not found, failover00-00---000-VIPSRV_FAILOVER_SWITCH-000---00-00
2025-03-15 18:56:50 [com.alibaba.nacos.naming.beat.sender] DEBUG com.alibaba.nacos.client.naming - [BEAT] 1695f1a3-225f-4479-9dc1-1f71f7c845a7 sending beat to server: BeatInfo{port=8082, ip='192.168.3.11', weight=1.0, serviceName='DEFAULT_GROUP@@mock-ielts-speaklisten', cluster='DEFAULT', metadata={preserved.register.source=SPRING_CLOUD}, scheduled=false, period=5000, stopped=false}
2025-03-15 18:56:50 [com.alibaba.nacos.naming.beat.sender] DEBUG com.alibaba.nacos.client.naming - HTTP method: PUT, url: http://localhost:8848/nacos/v1/ns/instance/beat?app=unknown&serviceName=DEFAULT_GROUP%40%40mock-ielts-speaklisten&namespaceId=1695f1a3-225f-4479-9dc1-1f71f7c845a7&port=8082&clusterName=DEFAULT&ip=192.168.3.11, body: {}
2025-03-15 18:56:54 [com.alibaba.nacos.client.Worker.longPolling.fixed-127.0.0.1_8848] DEBUG c.a.n.c.c.i.ConfigHttpClientManager - HTTP method: POST, url: http://127.0.0.1:8848/nacos/v1/cs/configs/listener, body: {Listening-Configs=mock-ielts-speaklistenDEFAULT_GROUPcommon-mysql.yamlDEFAULT_GROUPmock-ielts-speaklisten.yamlDEFAULT_GROUP}
2025-03-15 18:56:54 [com.alibaba.nacos.client.Worker.longPolling.fixed-127.0.0.1_8848] DEBUG c.a.n.c.c.i.ConfigHttpClientManager - Execute via interceptors :[com.alibaba.nacos.client.config.impl.ConfigHttpClientManager$LimiterHttpClientRequestInterceptor@71159a9f]
2025-03-15 18:56:55 [com.alibaba.nacos.client.naming.updater] DEBUG com.alibaba.nacos.client.naming - server list provided by user: [localhost:8848]
2025-03-15 18:56:55 [com.alibaba.nacos.naming.failover] DEBUG com.alibaba.nacos.client.naming - failover switch is not found, failover00-00---000-VIPSRV_FAILOVER_SWITCH-000---00-00
2025-03-15 18:56:55 [com.alibaba.nacos.naming.beat.sender] DEBUG com.alibaba.nacos.client.naming - [BEAT] 1695f1a3-225f-4479-9dc1-1f71f7c845a7 sending beat to server: BeatInfo{port=8082, ip='192.168.3.11', weight=1.0, serviceName='DEFAULT_GROUP@@mock-ielts-speaklisten', cluster='DEFAULT', metadata={preserved.register.source=SPRING_CLOUD}, scheduled=false, period=5000, stopped=false}
2025-03-15 18:56:55 [com.alibaba.nacos.naming.beat.sender] DEBUG com.alibaba.nacos.client.naming - HTTP method: PUT, url: http://localhost:8848/nacos/v1/ns/instance/beat?app=unknown&serviceName=DEFAULT_GROUP%40%40mock-ielts-speaklisten&namespaceId=1695f1a3-225f-4479-9dc1-1f71f7c845a7&port=8082&clusterName=DEFAULT&ip=192.168.3.11, body: {}
2025-03-15 18:56:56 [com.alibaba.nacos.client.naming.updater] DEBUG com.alibaba.nacos.client.naming - HTTP method: GET, url: http://localhost:8848/nacos/v1/ns/instance/list?app=unknown&healthyOnly=false&namespaceId=1695f1a3-225f-4479-9dc1-1f71f7c845a7&clientIP=192.168.3.11&serviceName=DEFAULT_GROUP%40%40mock-ielts-speaklisten&udpPort=55022&clusters=DEFAULT, body: {}
2025-03-15 18:57:00 [com.alibaba.nacos.naming.failover] DEBUG com.alibaba.nacos.client.naming - failover switch is not found, failover00-00---000-VIPSRV_FAILOVER_SWITCH-000---00-00
2025-03-15 18:57:00 [com.alibaba.nacos.naming.beat.sender] DEBUG com.alibaba.nacos.client.naming - [BEAT] 1695f1a3-225f-4479-9dc1-1f71f7c845a7 sending beat to server: BeatInfo{port=8082, ip='192.168.3.11', weight=1.0, serviceName='DEFAULT_GROUP@@mock-ielts-speaklisten', cluster='DEFAULT', metadata={preserved.register.source=SPRING_CLOUD}, scheduled=false, period=5000, stopped=false}
2025-03-15 18:57:00 [com.alibaba.nacos.naming.beat.sender] DEBUG com.alibaba.nacos.client.naming - HTTP method: PUT, url: http://localhost:8848/nacos/v1/ns/instance/beat?app=unknown&serviceName=DEFAULT_GROUP%40%40mock-ielts-speaklisten&namespaceId=1695f1a3-225f-4479-9dc1-1f71f7c845a7&port=8082&clusterName=DEFAULT&ip=192.168.3.11, body: {}
2025-03-15 18:57:05 [com.alibaba.nacos.naming.failover] DEBUG com.alibaba.nacos.client.naming - failover switch is not found, failover00-00---000-VIPSRV_FAILOVER_SWITCH-000---00-00
2025-03-15 18:57:05 [com.alibaba.nacos.naming.beat.sender] DEBUG com.alibaba.nacos.client.naming - [BEAT] 1695f1a3-225f-4479-9dc1-1f71f7c845a7 sending beat to server: BeatInfo{port=8082, ip='192.168.3.11', weight=1.0, serviceName='DEFAULT_GROUP@@mock-ielts-speaklisten', cluster='DEFAULT', metadata={preserved.register.source=SPRING_CLOUD}, scheduled=false, period=5000, stopped=false}
2025-03-15 18:57:05 [com.alibaba.nacos.naming.beat.sender] DEBUG com.alibaba.nacos.client.naming - HTTP method: PUT, url: http://localhost:8848/nacos/v1/ns/instance/beat?app=unknown&serviceName=DEFAULT_GROUP%40%40mock-ielts-speaklisten&namespaceId=1695f1a3-225f-4479-9dc1-1f71f7c845a7&port=8082&clusterName=DEFAULT&ip=192.168.3.11, body: {}
2025-03-15 18:57:06 [com.alibaba.nacos.client.naming.updater] DEBUG com.alibaba.nacos.client.naming - HTTP method: GET, url: http://localhost:8848/nacos/v1/ns/instance/list?app=unknown&healthyOnly=false&namespaceId=1695f1a3-225f-4479-9dc1-1f71f7c845a7&clientIP=192.168.3.11&serviceName=DEFAULT_GROUP%40%40mock-ielts-speaklisten&udpPort=55022&clusters=DEFAULT, body: {}
2025-03-15 18:57:10 [com.alibaba.nacos.naming.failover] DEBUG com.alibaba.nacos.client.naming - failover switch is not found, failover00-00---000-VIPSRV_FAILOVER_SWITCH-000---00-00
2025-03-15 18:57:10 [com.alibaba.nacos.naming.beat.sender] DEBUG com.alibaba.nacos.client.naming - [BEAT] 1695f1a3-225f-4479-9dc1-1f71f7c845a7 sending beat to server: BeatInfo{port=8082, ip='192.168.3.11', weight=1.0, serviceName='DEFAULT_GROUP@@mock-ielts-speaklisten', cluster='DEFAULT', metadata={preserved.register.source=SPRING_CLOUD}, scheduled=false, period=5000, stopped=false}
2025-03-15 18:57:10 [com.alibaba.nacos.naming.beat.sender] DEBUG com.alibaba.nacos.client.naming - HTTP method: PUT, url: http://localhost:8848/nacos/v1/ns/instance/beat?app=unknown&serviceName=DEFAULT_GROUP%40%40mock-ielts-speaklisten&namespaceId=1695f1a3-225f-4479-9dc1-1f71f7c845a7&port=8082&clusterName=DEFAULT&ip=192.168.3.11, body: {}
2025-03-15 18:57:15 [com.alibaba.nacos.naming.failover] DEBUG com.alibaba.nacos.client.naming - failover switch is not found, failover00-00---000-VIPSRV_FAILOVER_SWITCH-000---00-00
2025-03-15 18:57:15 [com.alibaba.nacos.naming.beat.sender] DEBUG com.alibaba.nacos.client.naming - [BEAT] 1695f1a3-225f-4479-9dc1-1f71f7c845a7 sending beat to server: BeatInfo{port=8082, ip='192.168.3.11', weight=1.0, serviceName='DEFAULT_GROUP@@mock-ielts-speaklisten', cluster='DEFAULT', metadata={preserved.register.source=SPRING_CLOUD}, scheduled=false, period=5000, stopped=false}
2025-03-15 18:57:15 [com.alibaba.nacos.naming.beat.sender] DEBUG com.alibaba.nacos.client.naming - HTTP method: PUT, url: http://localhost:8848/nacos/v1/ns/instance/beat?app=unknown&serviceName=DEFAULT_GROUP%40%40mock-ielts-speaklisten&namespaceId=1695f1a3-225f-4479-9dc1-1f71f7c845a7&port=8082&clusterName=DEFAULT&ip=192.168.3.11, body: {}
2025-03-15 18:57:16 [com.alibaba.nacos.client.naming.updater] DEBUG com.alibaba.nacos.client.naming - HTTP method: GET, url: http://localhost:8848/nacos/v1/ns/instance/list?app=unknown&healthyOnly=false&namespaceId=1695f1a3-225f-4479-9dc1-1f71f7c845a7&clientIP=192.168.3.11&serviceName=DEFAULT_GROUP%40%40mock-ielts-speaklisten&udpPort=55022&clusters=DEFAULT, body: {}
2025-03-15 18:57:20 [com.alibaba.nacos.naming.failover] DEBUG com.alibaba.nacos.client.naming - failover switch is not found, failover00-00---000-VIPSRV_FAILOVER_SWITCH-000---00-00
2025-03-15 18:57:20 [com.alibaba.nacos.naming.beat.sender] DEBUG com.alibaba.nacos.client.naming - [BEAT] 1695f1a3-225f-4479-9dc1-1f71f7c845a7 sending beat to server: BeatInfo{port=8082, ip='192.168.3.11', weight=1.0, serviceName='DEFAULT_GROUP@@mock-ielts-speaklisten', cluster='DEFAULT', metadata={preserved.register.source=SPRING_CLOUD}, scheduled=false, period=5000, stopped=false}
2025-03-15 18:57:20 [com.alibaba.nacos.naming.beat.sender] DEBUG com.alibaba.nacos.client.naming - HTTP method: PUT, url: http://localhost:8848/nacos/v1/ns/instance/beat?app=unknown&serviceName=DEFAULT_GROUP%40%40mock-ielts-speaklisten&namespaceId=1695f1a3-225f-4479-9dc1-1f71f7c845a7&port=8082&clusterName=DEFAULT&ip=192.168.3.11, body: {}
2025-03-15 18:57:23 [com.alibaba.nacos.client.Worker.longPolling.fixed-127.0.0.1_8848] DEBUG c.a.n.c.c.i.ConfigHttpClientManager - HTTP method: POST, url: http://127.0.0.1:8848/nacos/v1/cs/configs/listener, body: {Listening-Configs=mock-ielts-speaklistenDEFAULT_GROUPcommon-mysql.yamlDEFAULT_GROUPmock-ielts-speaklisten.yamlDEFAULT_GROUP}
2025-03-15 18:57:23 [com.alibaba.nacos.client.Worker.longPolling.fixed-127.0.0.1_8848] DEBUG c.a.n.c.c.i.ConfigHttpClientManager - Execute via interceptors :[com.alibaba.nacos.client.config.impl.ConfigHttpClientManager$LimiterHttpClientRequestInterceptor@71159a9f]
2025-03-15 18:57:25 [com.alibaba.nacos.client.naming.updater] DEBUG com.alibaba.nacos.client.naming - server list provided by user: [localhost:8848]
2025-03-15 18:57:25 [com.alibaba.nacos.naming.failover] DEBUG com.alibaba.nacos.client.naming - failover switch is not found, failover00-00---000-VIPSRV_FAILOVER_SWITCH-000---00-00
2025-03-15 18:57:25 [com.alibaba.nacos.naming.beat.sender] DEBUG com.alibaba.nacos.client.naming - [BEAT] 1695f1a3-225f-4479-9dc1-1f71f7c845a7 sending beat to server: BeatInfo{port=8082, ip='192.168.3.11', weight=1.0, serviceName='DEFAULT_GROUP@@mock-ielts-speaklisten', cluster='DEFAULT', metadata={preserved.register.source=SPRING_CLOUD}, scheduled=false, period=5000, stopped=false}
2025-03-15 18:57:25 [com.alibaba.nacos.naming.beat.sender] DEBUG com.alibaba.nacos.client.naming - HTTP method: PUT, url: http://localhost:8848/nacos/v1/ns/instance/beat?app=unknown&serviceName=DEFAULT_GROUP%40%40mock-ielts-speaklisten&namespaceId=1695f1a3-225f-4479-9dc1-1f71f7c845a7&port=8082&clusterName=DEFAULT&ip=192.168.3.11, body: {}
2025-03-15 18:57:26 [com.alibaba.nacos.client.naming.updater] DEBUG com.alibaba.nacos.client.naming - HTTP method: GET, url: http://localhost:8848/nacos/v1/ns/instance/list?app=unknown&healthyOnly=false&namespaceId=1695f1a3-225f-4479-9dc1-1f71f7c845a7&clientIP=192.168.3.11&serviceName=DEFAULT_GROUP%40%40mock-ielts-speaklisten&udpPort=55022&clusters=DEFAULT, body: {}
2025-03-15 18:57:30 [com.alibaba.nacos.naming.failover] DEBUG com.alibaba.nacos.client.naming - failover switch is not found, failover00-00---000-VIPSRV_FAILOVER_SWITCH-000---00-00
2025-03-15 18:57:30 [com.alibaba.nacos.naming.beat.sender] DEBUG com.alibaba.nacos.client.naming - [BEAT] 1695f1a3-225f-4479-9dc1-1f71f7c845a7 sending beat to server: BeatInfo{port=8082, ip='192.168.3.11', weight=1.0, serviceName='DEFAULT_GROUP@@mock-ielts-speaklisten', cluster='DEFAULT', metadata={preserved.register.source=SPRING_CLOUD}, scheduled=false, period=5000, stopped=false}
2025-03-15 18:57:30 [com.alibaba.nacos.naming.beat.sender] DEBUG com.alibaba.nacos.client.naming - HTTP method: PUT, url: http://localhost:8848/nacos/v1/ns/instance/beat?app=unknown&serviceName=DEFAULT_GROUP%40%40mock-ielts-speaklisten&namespaceId=1695f1a3-225f-4479-9dc1-1f71f7c845a7&port=8082&clusterName=DEFAULT&ip=192.168.3.11, body: {}
2025-03-15 18:57:35 [com.alibaba.nacos.naming.failover] DEBUG com.alibaba.nacos.client.naming - failover switch is not found, failover00-00---000-VIPSRV_FAILOVER_SWITCH-000---00-00
2025-03-15 18:57:35 [com.alibaba.nacos.naming.beat.sender] DEBUG com.alibaba.nacos.client.naming - [BEAT] 1695f1a3-225f-4479-9dc1-1f71f7c845a7 sending beat to server: BeatInfo{port=8082, ip='192.168.3.11', weight=1.0, serviceName='DEFAULT_GROUP@@mock-ielts-speaklisten', cluster='DEFAULT', metadata={preserved.register.source=SPRING_CLOUD}, scheduled=false, period=5000, stopped=false}
2025-03-15 18:57:35 [com.alibaba.nacos.naming.beat.sender] DEBUG com.alibaba.nacos.client.naming - HTTP method: PUT, url: http://localhost:8848/nacos/v1/ns/instance/beat?app=unknown&serviceName=DEFAULT_GROUP%40%40mock-ielts-speaklisten&namespaceId=1695f1a3-225f-4479-9dc1-1f71f7c845a7&port=8082&clusterName=DEFAULT&ip=192.168.3.11, body: {}
2025-03-15 18:57:36 [com.alibaba.nacos.client.naming.updater] DEBUG com.alibaba.nacos.client.naming - HTTP method: GET, url: http://localhost:8848/nacos/v1/ns/instance/list?app=unknown&healthyOnly=false&namespaceId=1695f1a3-225f-4479-9dc1-1f71f7c845a7&clientIP=192.168.3.11&serviceName=DEFAULT_GROUP%40%40mock-ielts-speaklisten&udpPort=55022&clusters=DEFAULT, body: {}
2025-03-15 18:57:40 [com.alibaba.nacos.naming.failover] DEBUG com.alibaba.nacos.client.naming - failover switch is not found, failover00-00---000-VIPSRV_FAILOVER_SWITCH-000---00-00
2025-03-15 18:57:40 [com.alibaba.nacos.naming.beat.sender] DEBUG com.alibaba.nacos.client.naming - [BEAT] 1695f1a3-225f-4479-9dc1-1f71f7c845a7 sending beat to server: BeatInfo{port=8082, ip='192.168.3.11', weight=1.0, serviceName='DEFAULT_GROUP@@mock-ielts-speaklisten', cluster='DEFAULT', metadata={preserved.register.source=SPRING_CLOUD}, scheduled=false, period=5000, stopped=false}
2025-03-15 18:57:40 [com.alibaba.nacos.naming.beat.sender] DEBUG com.alibaba.nacos.client.naming - HTTP method: PUT, url: http://localhost:8848/nacos/v1/ns/instance/beat?app=unknown&serviceName=DEFAULT_GROUP%40%40mock-ielts-speaklisten&namespaceId=1695f1a3-225f-4479-9dc1-1f71f7c845a7&port=8082&clusterName=DEFAULT&ip=192.168.3.11, body: {}
2025-03-15 18:57:45 [com.alibaba.nacos.naming.failover] DEBUG com.alibaba.nacos.client.naming - failover switch is not found, failover00-00---000-VIPSRV_FAILOVER_SWITCH-000---00-00
2025-03-15 18:57:45 [com.alibaba.nacos.naming.beat.sender] DEBUG com.alibaba.nacos.client.naming - [BEAT] 1695f1a3-225f-4479-9dc1-1f71f7c845a7 sending beat to server: BeatInfo{port=8082, ip='192.168.3.11', weight=1.0, serviceName='DEFAULT_GROUP@@mock-ielts-speaklisten', cluster='DEFAULT', metadata={preserved.register.source=SPRING_CLOUD}, scheduled=false, period=5000, stopped=false}
2025-03-15 18:57:45 [com.alibaba.nacos.naming.beat.sender] DEBUG com.alibaba.nacos.client.naming - HTTP method: PUT, url: http://localhost:8848/nacos/v1/ns/instance/beat?app=unknown&serviceName=DEFAULT_GROUP%40%40mock-ielts-speaklisten&namespaceId=1695f1a3-225f-4479-9dc1-1f71f7c845a7&port=8082&clusterName=DEFAULT&ip=192.168.3.11, body: {}
2025-03-15 18:57:46 [com.alibaba.nacos.client.naming.updater] DEBUG com.alibaba.nacos.client.naming - HTTP method: GET, url: http://localhost:8848/nacos/v1/ns/instance/list?app=unknown&healthyOnly=false&namespaceId=1695f1a3-225f-4479-9dc1-1f71f7c845a7&clientIP=192.168.3.11&serviceName=DEFAULT_GROUP%40%40mock-ielts-speaklisten&udpPort=55022&clusters=DEFAULT, body: {}
2025-03-15 18:57:50 [com.alibaba.nacos.naming.failover] DEBUG com.alibaba.nacos.client.naming - failover switch is not found, failover00-00---000-VIPSRV_FAILOVER_SWITCH-000---00-00
2025-03-15 18:57:50 [com.alibaba.nacos.naming.beat.sender] DEBUG com.alibaba.nacos.client.naming - [BEAT] 1695f1a3-225f-4479-9dc1-1f71f7c845a7 sending beat to server: BeatInfo{port=8082, ip='192.168.3.11', weight=1.0, serviceName='DEFAULT_GROUP@@mock-ielts-speaklisten', cluster='DEFAULT', metadata={preserved.register.source=SPRING_CLOUD}, scheduled=false, period=5000, stopped=false}
2025-03-15 18:57:50 [com.alibaba.nacos.naming.beat.sender] DEBUG com.alibaba.nacos.client.naming - HTTP method: PUT, url: http://localhost:8848/nacos/v1/ns/instance/beat?app=unknown&serviceName=DEFAULT_GROUP%40%40mock-ielts-speaklisten&namespaceId=1695f1a3-225f-4479-9dc1-1f71f7c845a7&port=8082&clusterName=DEFAULT&ip=192.168.3.11, body: {}
2025-03-15 18:57:53 [com.alibaba.nacos.client.Worker.longPolling.fixed-127.0.0.1_8848] DEBUG c.a.n.c.c.i.ConfigHttpClientManager - HTTP method: POST, url: http://127.0.0.1:8848/nacos/v1/cs/configs/listener, body: {Listening-Configs=mock-ielts-speaklistenDEFAULT_GROUPcommon-mysql.yamlDEFAULT_GROUPmock-ielts-speaklisten.yamlDEFAULT_GROUP}
2025-03-15 18:57:53 [com.alibaba.nacos.client.Worker.longPolling.fixed-127.0.0.1_8848] DEBUG c.a.n.c.c.i.ConfigHttpClientManager - Execute via interceptors :[com.alibaba.nacos.client.config.impl.ConfigHttpClientManager$LimiterHttpClientRequestInterceptor@71159a9f]
2025-03-15 18:57:55 [com.alibaba.nacos.client.naming.updater] DEBUG com.alibaba.nacos.client.naming - server list provided by user: [localhost:8848]
2025-03-15 18:57:55 [com.alibaba.nacos.naming.failover] DEBUG com.alibaba.nacos.client.naming - failover switch is not found, failover00-00---000-VIPSRV_FAILOVER_SWITCH-000---00-00
2025-03-15 18:57:55 [com.alibaba.nacos.naming.beat.sender] DEBUG com.alibaba.nacos.client.naming - [BEAT] 1695f1a3-225f-4479-9dc1-1f71f7c845a7 sending beat to server: BeatInfo{port=8082, ip='192.168.3.11', weight=1.0, serviceName='DEFAULT_GROUP@@mock-ielts-speaklisten', cluster='DEFAULT', metadata={preserved.register.source=SPRING_CLOUD}, scheduled=false, period=5000, stopped=false}
2025-03-15 18:57:55 [com.alibaba.nacos.naming.beat.sender] DEBUG com.alibaba.nacos.client.naming - HTTP method: PUT, url: http://localhost:8848/nacos/v1/ns/instance/beat?app=unknown&serviceName=DEFAULT_GROUP%40%40mock-ielts-speaklisten&namespaceId=1695f1a3-225f-4479-9dc1-1f71f7c845a7&port=8082&clusterName=DEFAULT&ip=192.168.3.11, body: {}
2025-03-15 18:57:56 [com.alibaba.nacos.client.naming.updater] DEBUG com.alibaba.nacos.client.naming - HTTP method: GET, url: http://localhost:8848/nacos/v1/ns/instance/list?app=unknown&healthyOnly=false&namespaceId=1695f1a3-225f-4479-9dc1-1f71f7c845a7&clientIP=192.168.3.11&serviceName=DEFAULT_GROUP%40%40mock-ielts-speaklisten&udpPort=55022&clusters=DEFAULT, body: {}
2025-03-15 18:58:00 [com.alibaba.nacos.naming.failover] DEBUG com.alibaba.nacos.client.naming - failover switch is not found, failover00-00---000-VIPSRV_FAILOVER_SWITCH-000---00-00
2025-03-15 18:58:00 [com.alibaba.nacos.naming.beat.sender] DEBUG com.alibaba.nacos.client.naming - [BEAT] 1695f1a3-225f-4479-9dc1-1f71f7c845a7 sending beat to server: BeatInfo{port=8082, ip='192.168.3.11', weight=1.0, serviceName='DEFAULT_GROUP@@mock-ielts-speaklisten', cluster='DEFAULT', metadata={preserved.register.source=SPRING_CLOUD}, scheduled=false, period=5000, stopped=false}
2025-03-15 18:58:00 [com.alibaba.nacos.naming.beat.sender] DEBUG com.alibaba.nacos.client.naming - HTTP method: PUT, url: http://localhost:8848/nacos/v1/ns/instance/beat?app=unknown&serviceName=DEFAULT_GROUP%40%40mock-ielts-speaklisten&namespaceId=1695f1a3-225f-4479-9dc1-1f71f7c845a7&port=8082&clusterName=DEFAULT&ip=192.168.3.11, body: {}
2025-03-15 18:58:05 [com.alibaba.nacos.naming.failover] DEBUG com.alibaba.nacos.client.naming - failover switch is not found, failover00-00---000-VIPSRV_FAILOVER_SWITCH-000---00-00
2025-03-15 18:58:05 [com.alibaba.nacos.naming.beat.sender] DEBUG com.alibaba.nacos.client.naming - [BEAT] 1695f1a3-225f-4479-9dc1-1f71f7c845a7 sending beat to server: BeatInfo{port=8082, ip='192.168.3.11', weight=1.0, serviceName='DEFAULT_GROUP@@mock-ielts-speaklisten', cluster='DEFAULT', metadata={preserved.register.source=SPRING_CLOUD}, scheduled=false, period=5000, stopped=false}
2025-03-15 18:58:05 [com.alibaba.nacos.naming.beat.sender] DEBUG com.alibaba.nacos.client.naming - HTTP method: PUT, url: http://localhost:8848/nacos/v1/ns/instance/beat?app=unknown&serviceName=DEFAULT_GROUP%40%40mock-ielts-speaklisten&namespaceId=1695f1a3-225f-4479-9dc1-1f71f7c845a7&port=8082&clusterName=DEFAULT&ip=192.168.3.11, body: {}
2025-03-15 18:58:06 [com.alibaba.nacos.client.naming.updater] DEBUG com.alibaba.nacos.client.naming - HTTP method: GET, url: http://localhost:8848/nacos/v1/ns/instance/list?app=unknown&healthyOnly=false&namespaceId=1695f1a3-225f-4479-9dc1-1f71f7c845a7&clientIP=192.168.3.11&serviceName=DEFAULT_GROUP%40%40mock-ielts-speaklisten&udpPort=55022&clusters=DEFAULT, body: {}
2025-03-15 18:58:10 [com.alibaba.nacos.naming.failover] DEBUG com.alibaba.nacos.client.naming - failover switch is not found, failover00-00---000-VIPSRV_FAILOVER_SWITCH-000---00-00
2025-03-15 18:58:10 [com.alibaba.nacos.naming.beat.sender] DEBUG com.alibaba.nacos.client.naming - [BEAT] 1695f1a3-225f-4479-9dc1-1f71f7c845a7 sending beat to server: BeatInfo{port=8082, ip='192.168.3.11', weight=1.0, serviceName='DEFAULT_GROUP@@mock-ielts-speaklisten', cluster='DEFAULT', metadata={preserved.register.source=SPRING_CLOUD}, scheduled=false, period=5000, stopped=false}
2025-03-15 18:58:10 [com.alibaba.nacos.naming.beat.sender] DEBUG com.alibaba.nacos.client.naming - HTTP method: PUT, url: http://localhost:8848/nacos/v1/ns/instance/beat?app=unknown&serviceName=DEFAULT_GROUP%40%40mock-ielts-speaklisten&namespaceId=1695f1a3-225f-4479-9dc1-1f71f7c845a7&port=8082&clusterName=DEFAULT&ip=192.168.3.11, body: {}
2025-03-15 18:58:15 [com.alibaba.nacos.naming.failover] DEBUG com.alibaba.nacos.client.naming - failover switch is not found, failover00-00---000-VIPSRV_FAILOVER_SWITCH-000---00-00
2025-03-15 18:58:15 [com.alibaba.nacos.naming.beat.sender] DEBUG com.alibaba.nacos.client.naming - [BEAT] 1695f1a3-225f-4479-9dc1-1f71f7c845a7 sending beat to server: BeatInfo{port=8082, ip='192.168.3.11', weight=1.0, serviceName='DEFAULT_GROUP@@mock-ielts-speaklisten', cluster='DEFAULT', metadata={preserved.register.source=SPRING_CLOUD}, scheduled=false, period=5000, stopped=false}
2025-03-15 18:58:15 [com.alibaba.nacos.naming.beat.sender] DEBUG com.alibaba.nacos.client.naming - HTTP method: PUT, url: http://localhost:8848/nacos/v1/ns/instance/beat?app=unknown&serviceName=DEFAULT_GROUP%40%40mock-ielts-speaklisten&namespaceId=1695f1a3-225f-4479-9dc1-1f71f7c845a7&port=8082&clusterName=DEFAULT&ip=192.168.3.11, body: {}
2025-03-15 18:58:16 [com.alibaba.nacos.client.naming.updater] DEBUG com.alibaba.nacos.client.naming - HTTP method: GET, url: http://localhost:8848/nacos/v1/ns/instance/list?app=unknown&healthyOnly=false&namespaceId=1695f1a3-225f-4479-9dc1-1f71f7c845a7&clientIP=192.168.3.11&serviceName=DEFAULT_GROUP%40%40mock-ielts-speaklisten&udpPort=55022&clusters=DEFAULT, body: {}
2025-03-15 18:58:20 [com.alibaba.nacos.naming.failover] DEBUG com.alibaba.nacos.client.naming - failover switch is not found, failover00-00---000-VIPSRV_FAILOVER_SWITCH-000---00-00
2025-03-15 18:58:20 [com.alibaba.nacos.naming.beat.sender] DEBUG com.alibaba.nacos.client.naming - [BEAT] 1695f1a3-225f-4479-9dc1-1f71f7c845a7 sending beat to server: BeatInfo{port=8082, ip='192.168.3.11', weight=1.0, serviceName='DEFAULT_GROUP@@mock-ielts-speaklisten', cluster='DEFAULT', metadata={preserved.register.source=SPRING_CLOUD}, scheduled=false, period=5000, stopped=false}
2025-03-15 18:58:20 [com.alibaba.nacos.naming.beat.sender] DEBUG com.alibaba.nacos.client.naming - HTTP method: PUT, url: http://localhost:8848/nacos/v1/ns/instance/beat?app=unknown&serviceName=DEFAULT_GROUP%40%40mock-ielts-speaklisten&namespaceId=1695f1a3-225f-4479-9dc1-1f71f7c845a7&port=8082&clusterName=DEFAULT&ip=192.168.3.11, body: {}
2025-03-15 18:58:22 [com.alibaba.nacos.client.Worker.longPolling.fixed-127.0.0.1_8848] DEBUG c.a.n.c.c.i.ConfigHttpClientManager - HTTP method: POST, url: http://127.0.0.1:8848/nacos/v1/cs/configs/listener, body: {Listening-Configs=mock-ielts-speaklistenDEFAULT_GROUPcommon-mysql.yamlDEFAULT_GROUPmock-ielts-speaklisten.yamlDEFAULT_GROUP}
2025-03-15 18:58:22 [com.alibaba.nacos.client.Worker.longPolling.fixed-127.0.0.1_8848] DEBUG c.a.n.c.c.i.ConfigHttpClientManager - Execute via interceptors :[com.alibaba.nacos.client.config.impl.ConfigHttpClientManager$LimiterHttpClientRequestInterceptor@71159a9f]
2025-03-15 18:58:25 [com.alibaba.nacos.client.naming.updater] DEBUG com.alibaba.nacos.client.naming - server list provided by user: [localhost:8848]
2025-03-15 18:58:25 [com.alibaba.nacos.naming.failover] DEBUG com.alibaba.nacos.client.naming - failover switch is not found, failover00-00---000-VIPSRV_FAILOVER_SWITCH-000---00-00
2025-03-15 18:58:25 [com.alibaba.nacos.naming.beat.sender] DEBUG com.alibaba.nacos.client.naming - [BEAT] 1695f1a3-225f-4479-9dc1-1f71f7c845a7 sending beat to server: BeatInfo{port=8082, ip='192.168.3.11', weight=1.0, serviceName='DEFAULT_GROUP@@mock-ielts-speaklisten', cluster='DEFAULT', metadata={preserved.register.source=SPRING_CLOUD}, scheduled=false, period=5000, stopped=false}
2025-03-15 18:58:25 [com.alibaba.nacos.naming.beat.sender] DEBUG com.alibaba.nacos.client.naming - HTTP method: PUT, url: http://localhost:8848/nacos/v1/ns/instance/beat?app=unknown&serviceName=DEFAULT_GROUP%40%40mock-ielts-speaklisten&namespaceId=1695f1a3-225f-4479-9dc1-1f71f7c845a7&port=8082&clusterName=DEFAULT&ip=192.168.3.11, body: {}
2025-03-15 18:58:26 [com.alibaba.nacos.client.naming.updater] DEBUG com.alibaba.nacos.client.naming - HTTP method: GET, url: http://localhost:8848/nacos/v1/ns/instance/list?app=unknown&healthyOnly=false&namespaceId=1695f1a3-225f-4479-9dc1-1f71f7c845a7&clientIP=192.168.3.11&serviceName=DEFAULT_GROUP%40%40mock-ielts-speaklisten&udpPort=55022&clusters=DEFAULT, body: {}
2025-03-15 18:58:30 [com.alibaba.nacos.naming.failover] DEBUG com.alibaba.nacos.client.naming - failover switch is not found, failover00-00---000-VIPSRV_FAILOVER_SWITCH-000---00-00
2025-03-15 18:58:30 [com.alibaba.nacos.naming.beat.sender] DEBUG com.alibaba.nacos.client.naming - [BEAT] 1695f1a3-225f-4479-9dc1-1f71f7c845a7 sending beat to server: BeatInfo{port=8082, ip='192.168.3.11', weight=1.0, serviceName='DEFAULT_GROUP@@mock-ielts-speaklisten', cluster='DEFAULT', metadata={preserved.register.source=SPRING_CLOUD}, scheduled=false, period=5000, stopped=false}
2025-03-15 18:58:30 [com.alibaba.nacos.naming.beat.sender] DEBUG com.alibaba.nacos.client.naming - HTTP method: PUT, url: http://localhost:8848/nacos/v1/ns/instance/beat?app=unknown&serviceName=DEFAULT_GROUP%40%40mock-ielts-speaklisten&namespaceId=1695f1a3-225f-4479-9dc1-1f71f7c845a7&port=8082&clusterName=DEFAULT&ip=192.168.3.11, body: {}
2025-03-15 18:58:35 [com.alibaba.nacos.naming.failover] DEBUG com.alibaba.nacos.client.naming - failover switch is not found, failover00-00---000-VIPSRV_FAILOVER_SWITCH-000---00-00
2025-03-15 18:58:35 [com.alibaba.nacos.naming.beat.sender] DEBUG com.alibaba.nacos.client.naming - [BEAT] 1695f1a3-225f-4479-9dc1-1f71f7c845a7 sending beat to server: BeatInfo{port=8082, ip='192.168.3.11', weight=1.0, serviceName='DEFAULT_GROUP@@mock-ielts-speaklisten', cluster='DEFAULT', metadata={preserved.register.source=SPRING_CLOUD}, scheduled=false, period=5000, stopped=false}
2025-03-15 18:58:35 [com.alibaba.nacos.naming.beat.sender] DEBUG com.alibaba.nacos.client.naming - HTTP method: PUT, url: http://localhost:8848/nacos/v1/ns/instance/beat?app=unknown&serviceName=DEFAULT_GROUP%40%40mock-ielts-speaklisten&namespaceId=1695f1a3-225f-4479-9dc1-1f71f7c845a7&port=8082&clusterName=DEFAULT&ip=192.168.3.11, body: {}
2025-03-15 18:58:36 [com.alibaba.nacos.client.naming.updater] DEBUG com.alibaba.nacos.client.naming - HTTP method: GET, url: http://localhost:8848/nacos/v1/ns/instance/list?app=unknown&healthyOnly=false&namespaceId=1695f1a3-225f-4479-9dc1-1f71f7c845a7&clientIP=192.168.3.11&serviceName=DEFAULT_GROUP%40%40mock-ielts-speaklisten&udpPort=55022&clusters=DEFAULT, body: {}
2025-03-15 18:58:40 [com.alibaba.nacos.naming.failover] DEBUG com.alibaba.nacos.client.naming - failover switch is not found, failover00-00---000-VIPSRV_FAILOVER_SWITCH-000---00-00
2025-03-15 18:58:40 [com.alibaba.nacos.naming.beat.sender] DEBUG com.alibaba.nacos.client.naming - [BEAT] 1695f1a3-225f-4479-9dc1-1f71f7c845a7 sending beat to server: BeatInfo{port=8082, ip='192.168.3.11', weight=1.0, serviceName='DEFAULT_GROUP@@mock-ielts-speaklisten', cluster='DEFAULT', metadata={preserved.register.source=SPRING_CLOUD}, scheduled=false, period=5000, stopped=false}
2025-03-15 18:58:40 [com.alibaba.nacos.naming.beat.sender] DEBUG com.alibaba.nacos.client.naming - HTTP method: PUT, url: http://localhost:8848/nacos/v1/ns/instance/beat?app=unknown&serviceName=DEFAULT_GROUP%40%40mock-ielts-speaklisten&namespaceId=1695f1a3-225f-4479-9dc1-1f71f7c845a7&port=8082&clusterName=DEFAULT&ip=192.168.3.11, body: {}
2025-03-15 18:58:45 [com.alibaba.nacos.naming.failover] DEBUG com.alibaba.nacos.client.naming - failover switch is not found, failover00-00---000-VIPSRV_FAILOVER_SWITCH-000---00-00
2025-03-15 18:58:45 [com.alibaba.nacos.naming.beat.sender] DEBUG com.alibaba.nacos.client.naming - [BEAT] 1695f1a3-225f-4479-9dc1-1f71f7c845a7 sending beat to server: BeatInfo{port=8082, ip='192.168.3.11', weight=1.0, serviceName='DEFAULT_GROUP@@mock-ielts-speaklisten', cluster='DEFAULT', metadata={preserved.register.source=SPRING_CLOUD}, scheduled=false, period=5000, stopped=false}
2025-03-15 18:58:45 [com.alibaba.nacos.naming.beat.sender] DEBUG com.alibaba.nacos.client.naming - HTTP method: PUT, url: http://localhost:8848/nacos/v1/ns/instance/beat?app=unknown&serviceName=DEFAULT_GROUP%40%40mock-ielts-speaklisten&namespaceId=1695f1a3-225f-4479-9dc1-1f71f7c845a7&port=8082&clusterName=DEFAULT&ip=192.168.3.11, body: {}
2025-03-15 18:58:46 [com.alibaba.nacos.client.naming.updater] DEBUG com.alibaba.nacos.client.naming - HTTP method: GET, url: http://localhost:8848/nacos/v1/ns/instance/list?app=unknown&healthyOnly=false&namespaceId=1695f1a3-225f-4479-9dc1-1f71f7c845a7&clientIP=192.168.3.11&serviceName=DEFAULT_GROUP%40%40mock-ielts-speaklisten&udpPort=55022&clusters=DEFAULT, body: {}
2025-03-15 18:58:50 [com.alibaba.nacos.naming.failover] DEBUG com.alibaba.nacos.client.naming - failover switch is not found, failover00-00---000-VIPSRV_FAILOVER_SWITCH-000---00-00
2025-03-15 18:58:50 [com.alibaba.nacos.naming.beat.sender] DEBUG com.alibaba.nacos.client.naming - [BEAT] 1695f1a3-225f-4479-9dc1-1f71f7c845a7 sending beat to server: BeatInfo{port=8082, ip='192.168.3.11', weight=1.0, serviceName='DEFAULT_GROUP@@mock-ielts-speaklisten', cluster='DEFAULT', metadata={preserved.register.source=SPRING_CLOUD}, scheduled=false, period=5000, stopped=false}
2025-03-15 18:58:50 [com.alibaba.nacos.naming.beat.sender] DEBUG com.alibaba.nacos.client.naming - HTTP method: PUT, url: http://localhost:8848/nacos/v1/ns/instance/beat?app=unknown&serviceName=DEFAULT_GROUP%40%40mock-ielts-speaklisten&namespaceId=1695f1a3-225f-4479-9dc1-1f71f7c845a7&port=8082&clusterName=DEFAULT&ip=192.168.3.11, body: {}
2025-03-15 18:58:52 [com.alibaba.nacos.client.Worker.longPolling.fixed-127.0.0.1_8848] DEBUG c.a.n.c.c.i.ConfigHttpClientManager - HTTP method: POST, url: http://127.0.0.1:8848/nacos/v1/cs/configs/listener, body: {Listening-Configs=mock-ielts-speaklistenDEFAULT_GROUPcommon-mysql.yamlDEFAULT_GROUPmock-ielts-speaklisten.yamlDEFAULT_GROUP}
2025-03-15 18:58:52 [com.alibaba.nacos.client.Worker.longPolling.fixed-127.0.0.1_8848] DEBUG c.a.n.c.c.i.ConfigHttpClientManager - Execute via interceptors :[com.alibaba.nacos.client.config.impl.ConfigHttpClientManager$LimiterHttpClientRequestInterceptor@71159a9f]
2025-03-15 18:58:55 [com.alibaba.nacos.client.naming.updater] DEBUG com.alibaba.nacos.client.naming - server list provided by user: [localhost:8848]
2025-03-15 18:58:55 [com.alibaba.nacos.naming.failover] DEBUG com.alibaba.nacos.client.naming - failover switch is not found, failover00-00---000-VIPSRV_FAILOVER_SWITCH-000---00-00
2025-03-15 18:58:55 [com.alibaba.nacos.naming.beat.sender] DEBUG com.alibaba.nacos.client.naming - [BEAT] 1695f1a3-225f-4479-9dc1-1f71f7c845a7 sending beat to server: BeatInfo{port=8082, ip='192.168.3.11', weight=1.0, serviceName='DEFAULT_GROUP@@mock-ielts-speaklisten', cluster='DEFAULT', metadata={preserved.register.source=SPRING_CLOUD}, scheduled=false, period=5000, stopped=false}
2025-03-15 18:58:55 [com.alibaba.nacos.naming.beat.sender] DEBUG com.alibaba.nacos.client.naming - HTTP method: PUT, url: http://localhost:8848/nacos/v1/ns/instance/beat?app=unknown&serviceName=DEFAULT_GROUP%40%40mock-ielts-speaklisten&namespaceId=1695f1a3-225f-4479-9dc1-1f71f7c845a7&port=8082&clusterName=DEFAULT&ip=192.168.3.11, body: {}
2025-03-15 18:58:56 [com.alibaba.nacos.client.naming.updater] DEBUG com.alibaba.nacos.client.naming - HTTP method: GET, url: http://localhost:8848/nacos/v1/ns/instance/list?app=unknown&healthyOnly=false&namespaceId=1695f1a3-225f-4479-9dc1-1f71f7c845a7&clientIP=192.168.3.11&serviceName=DEFAULT_GROUP%40%40mock-ielts-speaklisten&udpPort=55022&clusters=DEFAULT, body: {}
2025-03-15 18:59:00 [com.alibaba.nacos.naming.failover] DEBUG com.alibaba.nacos.client.naming - failover switch is not found, failover00-00---000-VIPSRV_FAILOVER_SWITCH-000---00-00
2025-03-15 18:59:00 [com.alibaba.nacos.naming.beat.sender] DEBUG com.alibaba.nacos.client.naming - [BEAT] 1695f1a3-225f-4479-9dc1-1f71f7c845a7 sending beat to server: BeatInfo{port=8082, ip='192.168.3.11', weight=1.0, serviceName='DEFAULT_GROUP@@mock-ielts-speaklisten', cluster='DEFAULT', metadata={preserved.register.source=SPRING_CLOUD}, scheduled=false, period=5000, stopped=false}
2025-03-15 18:59:00 [com.alibaba.nacos.naming.beat.sender] DEBUG com.alibaba.nacos.client.naming - HTTP method: PUT, url: http://localhost:8848/nacos/v1/ns/instance/beat?app=unknown&serviceName=DEFAULT_GROUP%40%40mock-ielts-speaklisten&namespaceId=1695f1a3-225f-4479-9dc1-1f71f7c845a7&port=8082&clusterName=DEFAULT&ip=192.168.3.11, body: {}
2025-03-15 18:59:05 [com.alibaba.nacos.naming.failover] DEBUG com.alibaba.nacos.client.naming - failover switch is not found, failover00-00---000-VIPSRV_FAILOVER_SWITCH-000---00-00
2025-03-15 18:59:05 [com.alibaba.nacos.naming.beat.sender] DEBUG com.alibaba.nacos.client.naming - [BEAT] 1695f1a3-225f-4479-9dc1-1f71f7c845a7 sending beat to server: BeatInfo{port=8082, ip='192.168.3.11', weight=1.0, serviceName='DEFAULT_GROUP@@mock-ielts-speaklisten', cluster='DEFAULT', metadata={preserved.register.source=SPRING_CLOUD}, scheduled=false, period=5000, stopped=false}
2025-03-15 18:59:05 [com.alibaba.nacos.naming.beat.sender] DEBUG com.alibaba.nacos.client.naming - HTTP method: PUT, url: http://localhost:8848/nacos/v1/ns/instance/beat?app=unknown&serviceName=DEFAULT_GROUP%40%40mock-ielts-speaklisten&namespaceId=1695f1a3-225f-4479-9dc1-1f71f7c845a7&port=8082&clusterName=DEFAULT&ip=192.168.3.11, body: {}
2025-03-15 18:59:06 [com.alibaba.nacos.client.naming.updater] DEBUG com.alibaba.nacos.client.naming - HTTP method: GET, url: http://localhost:8848/nacos/v1/ns/instance/list?app=unknown&healthyOnly=false&namespaceId=1695f1a3-225f-4479-9dc1-1f71f7c845a7&clientIP=192.168.3.11&serviceName=DEFAULT_GROUP%40%40mock-ielts-speaklisten&udpPort=55022&clusters=DEFAULT, body: {}
2025-03-15 18:59:10 [com.alibaba.nacos.naming.failover] DEBUG com.alibaba.nacos.client.naming - failover switch is not found, failover00-00---000-VIPSRV_FAILOVER_SWITCH-000---00-00
2025-03-15 18:59:10 [com.alibaba.nacos.naming.beat.sender] DEBUG com.alibaba.nacos.client.naming - [BEAT] 1695f1a3-225f-4479-9dc1-1f71f7c845a7 sending beat to server: BeatInfo{port=8082, ip='192.168.3.11', weight=1.0, serviceName='DEFAULT_GROUP@@mock-ielts-speaklisten', cluster='DEFAULT', metadata={preserved.register.source=SPRING_CLOUD}, scheduled=false, period=5000, stopped=false}
2025-03-15 18:59:10 [com.alibaba.nacos.naming.beat.sender] DEBUG com.alibaba.nacos.client.naming - HTTP method: PUT, url: http://localhost:8848/nacos/v1/ns/instance/beat?app=unknown&serviceName=DEFAULT_GROUP%40%40mock-ielts-speaklisten&namespaceId=1695f1a3-225f-4479-9dc1-1f71f7c845a7&port=8082&clusterName=DEFAULT&ip=192.168.3.11, body: {}
2025-03-15 18:59:15 [com.alibaba.nacos.naming.failover] DEBUG com.alibaba.nacos.client.naming - failover switch is not found, failover00-00---000-VIPSRV_FAILOVER_SWITCH-000---00-00
2025-03-15 18:59:15 [com.alibaba.nacos.naming.beat.sender] DEBUG com.alibaba.nacos.client.naming - [BEAT] 1695f1a3-225f-4479-9dc1-1f71f7c845a7 sending beat to server: BeatInfo{port=8082, ip='192.168.3.11', weight=1.0, serviceName='DEFAULT_GROUP@@mock-ielts-speaklisten', cluster='DEFAULT', metadata={preserved.register.source=SPRING_CLOUD}, scheduled=false, period=5000, stopped=false}
2025-03-15 18:59:15 [com.alibaba.nacos.naming.beat.sender] DEBUG com.alibaba.nacos.client.naming - HTTP method: PUT, url: http://localhost:8848/nacos/v1/ns/instance/beat?app=unknown&serviceName=DEFAULT_GROUP%40%40mock-ielts-speaklisten&namespaceId=1695f1a3-225f-4479-9dc1-1f71f7c845a7&port=8082&clusterName=DEFAULT&ip=192.168.3.11, body: {}
2025-03-15 18:59:16 [com.alibaba.nacos.client.naming.updater] DEBUG com.alibaba.nacos.client.naming - HTTP method: GET, url: http://localhost:8848/nacos/v1/ns/instance/list?app=unknown&healthyOnly=false&namespaceId=1695f1a3-225f-4479-9dc1-1f71f7c845a7&clientIP=192.168.3.11&serviceName=DEFAULT_GROUP%40%40mock-ielts-speaklisten&udpPort=55022&clusters=DEFAULT, body: {}
2025-03-15 18:59:20 [com.alibaba.nacos.naming.failover] DEBUG com.alibaba.nacos.client.naming - failover switch is not found, failover00-00---000-VIPSRV_FAILOVER_SWITCH-000---00-00
2025-03-15 18:59:20 [com.alibaba.nacos.naming.beat.sender] DEBUG com.alibaba.nacos.client.naming - [BEAT] 1695f1a3-225f-4479-9dc1-1f71f7c845a7 sending beat to server: BeatInfo{port=8082, ip='192.168.3.11', weight=1.0, serviceName='DEFAULT_GROUP@@mock-ielts-speaklisten', cluster='DEFAULT', metadata={preserved.register.source=SPRING_CLOUD}, scheduled=false, period=5000, stopped=false}
2025-03-15 18:59:20 [com.alibaba.nacos.naming.beat.sender] DEBUG com.alibaba.nacos.client.naming - HTTP method: PUT, url: http://localhost:8848/nacos/v1/ns/instance/beat?app=unknown&serviceName=DEFAULT_GROUP%40%40mock-ielts-speaklisten&namespaceId=1695f1a3-225f-4479-9dc1-1f71f7c845a7&port=8082&clusterName=DEFAULT&ip=192.168.3.11, body: {}
2025-03-15 18:59:21 [com.alibaba.nacos.client.Worker.longPolling.fixed-127.0.0.1_8848] DEBUG c.a.n.c.c.i.ConfigHttpClientManager - HTTP method: POST, url: http://127.0.0.1:8848/nacos/v1/cs/configs/listener, body: {Listening-Configs=mock-ielts-speaklistenDEFAULT_GROUPcommon-mysql.yamlDEFAULT_GROUPmock-ielts-speaklisten.yamlDEFAULT_GROUP}
2025-03-15 18:59:21 [com.alibaba.nacos.client.Worker.longPolling.fixed-127.0.0.1_8848] DEBUG c.a.n.c.c.i.ConfigHttpClientManager - Execute via interceptors :[com.alibaba.nacos.client.config.impl.ConfigHttpClientManager$LimiterHttpClientRequestInterceptor@71159a9f]
2025-03-15 18:59:25 [com.alibaba.nacos.client.naming.updater] DEBUG com.alibaba.nacos.client.naming - server list provided by user: [localhost:8848]
2025-03-15 18:59:25 [com.alibaba.nacos.naming.failover] DEBUG com.alibaba.nacos.client.naming - failover switch is not found, failover00-00---000-VIPSRV_FAILOVER_SWITCH-000---00-00
2025-03-15 18:59:25 [com.alibaba.nacos.naming.beat.sender] DEBUG com.alibaba.nacos.client.naming - [BEAT] 1695f1a3-225f-4479-9dc1-1f71f7c845a7 sending beat to server: BeatInfo{port=8082, ip='192.168.3.11', weight=1.0, serviceName='DEFAULT_GROUP@@mock-ielts-speaklisten', cluster='DEFAULT', metadata={preserved.register.source=SPRING_CLOUD}, scheduled=false, period=5000, stopped=false}
2025-03-15 18:59:25 [com.alibaba.nacos.naming.beat.sender] DEBUG com.alibaba.nacos.client.naming - HTTP method: PUT, url: http://localhost:8848/nacos/v1/ns/instance/beat?app=unknown&serviceName=DEFAULT_GROUP%40%40mock-ielts-speaklisten&namespaceId=1695f1a3-225f-4479-9dc1-1f71f7c845a7&port=8082&clusterName=DEFAULT&ip=192.168.3.11, body: {}
2025-03-15 18:59:26 [com.alibaba.nacos.client.naming.updater] DEBUG com.alibaba.nacos.client.naming - HTTP method: GET, url: http://localhost:8848/nacos/v1/ns/instance/list?app=unknown&healthyOnly=false&namespaceId=1695f1a3-225f-4479-9dc1-1f71f7c845a7&clientIP=192.168.3.11&serviceName=DEFAULT_GROUP%40%40mock-ielts-speaklisten&udpPort=55022&clusters=DEFAULT, body: {}
2025-03-15 18:59:30 [com.alibaba.nacos.naming.failover] DEBUG com.alibaba.nacos.client.naming - failover switch is not found, failover00-00---000-VIPSRV_FAILOVER_SWITCH-000---00-00
2025-03-15 18:59:30 [com.alibaba.nacos.naming.beat.sender] DEBUG com.alibaba.nacos.client.naming - [BEAT] 1695f1a3-225f-4479-9dc1-1f71f7c845a7 sending beat to server: BeatInfo{port=8082, ip='192.168.3.11', weight=1.0, serviceName='DEFAULT_GROUP@@mock-ielts-speaklisten', cluster='DEFAULT', metadata={preserved.register.source=SPRING_CLOUD}, scheduled=false, period=5000, stopped=false}
2025-03-15 18:59:30 [com.alibaba.nacos.naming.beat.sender] DEBUG com.alibaba.nacos.client.naming - HTTP method: PUT, url: http://localhost:8848/nacos/v1/ns/instance/beat?app=unknown&serviceName=DEFAULT_GROUP%40%40mock-ielts-speaklisten&namespaceId=1695f1a3-225f-4479-9dc1-1f71f7c845a7&port=8082&clusterName=DEFAULT&ip=192.168.3.11, body: {}
2025-03-15 18:59:35 [com.alibaba.nacos.naming.failover] DEBUG com.alibaba.nacos.client.naming - failover switch is not found, failover00-00---000-VIPSRV_FAILOVER_SWITCH-000---00-00
2025-03-15 18:59:35 [com.alibaba.nacos.naming.beat.sender] DEBUG com.alibaba.nacos.client.naming - [BEAT] 1695f1a3-225f-4479-9dc1-1f71f7c845a7 sending beat to server: BeatInfo{port=8082, ip='192.168.3.11', weight=1.0, serviceName='DEFAULT_GROUP@@mock-ielts-speaklisten', cluster='DEFAULT', metadata={preserved.register.source=SPRING_CLOUD}, scheduled=false, period=5000, stopped=false}
2025-03-15 18:59:35 [com.alibaba.nacos.naming.beat.sender] DEBUG com.alibaba.nacos.client.naming - HTTP method: PUT, url: http://localhost:8848/nacos/v1/ns/instance/beat?app=unknown&serviceName=DEFAULT_GROUP%40%40mock-ielts-speaklisten&namespaceId=1695f1a3-225f-4479-9dc1-1f71f7c845a7&port=8082&clusterName=DEFAULT&ip=192.168.3.11, body: {}
2025-03-15 18:59:36 [com.alibaba.nacos.client.naming.updater] DEBUG com.alibaba.nacos.client.naming - HTTP method: GET, url: http://localhost:8848/nacos/v1/ns/instance/list?app=unknown&healthyOnly=false&namespaceId=1695f1a3-225f-4479-9dc1-1f71f7c845a7&clientIP=192.168.3.11&serviceName=DEFAULT_GROUP%40%40mock-ielts-speaklisten&udpPort=55022&clusters=DEFAULT, body: {}
2025-03-15 18:59:40 [com.alibaba.nacos.naming.failover] DEBUG com.alibaba.nacos.client.naming - failover switch is not found, failover00-00---000-VIPSRV_FAILOVER_SWITCH-000---00-00
2025-03-15 18:59:40 [com.alibaba.nacos.naming.beat.sender] DEBUG com.alibaba.nacos.client.naming - [BEAT] 1695f1a3-225f-4479-9dc1-1f71f7c845a7 sending beat to server: BeatInfo{port=8082, ip='192.168.3.11', weight=1.0, serviceName='DEFAULT_GROUP@@mock-ielts-speaklisten', cluster='DEFAULT', metadata={preserved.register.source=SPRING_CLOUD}, scheduled=false, period=5000, stopped=false}
2025-03-15 18:59:40 [com.alibaba.nacos.naming.beat.sender] DEBUG com.alibaba.nacos.client.naming - HTTP method: PUT, url: http://localhost:8848/nacos/v1/ns/instance/beat?app=unknown&serviceName=DEFAULT_GROUP%40%40mock-ielts-speaklisten&namespaceId=1695f1a3-225f-4479-9dc1-1f71f7c845a7&port=8082&clusterName=DEFAULT&ip=192.168.3.11, body: {}
2025-03-15 18:59:45 [com.alibaba.nacos.naming.failover] DEBUG com.alibaba.nacos.client.naming - failover switch is not found, failover00-00---000-VIPSRV_FAILOVER_SWITCH-000---00-00
2025-03-15 18:59:45 [com.alibaba.nacos.naming.beat.sender] DEBUG com.alibaba.nacos.client.naming - [BEAT] 1695f1a3-225f-4479-9dc1-1f71f7c845a7 sending beat to server: BeatInfo{port=8082, ip='192.168.3.11', weight=1.0, serviceName='DEFAULT_GROUP@@mock-ielts-speaklisten', cluster='DEFAULT', metadata={preserved.register.source=SPRING_CLOUD}, scheduled=false, period=5000, stopped=false}
2025-03-15 18:59:45 [com.alibaba.nacos.naming.beat.sender] DEBUG com.alibaba.nacos.client.naming - HTTP method: PUT, url: http://localhost:8848/nacos/v1/ns/instance/beat?app=unknown&serviceName=DEFAULT_GROUP%40%40mock-ielts-speaklisten&namespaceId=1695f1a3-225f-4479-9dc1-1f71f7c845a7&port=8082&clusterName=DEFAULT&ip=192.168.3.11, body: {}
2025-03-15 18:59:46 [com.alibaba.nacos.client.naming.updater] DEBUG com.alibaba.nacos.client.naming - HTTP method: GET, url: http://localhost:8848/nacos/v1/ns/instance/list?app=unknown&healthyOnly=false&namespaceId=1695f1a3-225f-4479-9dc1-1f71f7c845a7&clientIP=192.168.3.11&serviceName=DEFAULT_GROUP%40%40mock-ielts-speaklisten&udpPort=55022&clusters=DEFAULT, body: {}
2025-03-15 18:59:50 [com.alibaba.nacos.naming.failover] DEBUG com.alibaba.nacos.client.naming - failover switch is not found, failover00-00---000-VIPSRV_FAILOVER_SWITCH-000---00-00
2025-03-15 18:59:50 [com.alibaba.nacos.naming.beat.sender] DEBUG com.alibaba.nacos.client.naming - [BEAT] 1695f1a3-225f-4479-9dc1-1f71f7c845a7 sending beat to server: BeatInfo{port=8082, ip='192.168.3.11', weight=1.0, serviceName='DEFAULT_GROUP@@mock-ielts-speaklisten', cluster='DEFAULT', metadata={preserved.register.source=SPRING_CLOUD}, scheduled=false, period=5000, stopped=false}
2025-03-15 18:59:50 [com.alibaba.nacos.naming.beat.sender] DEBUG com.alibaba.nacos.client.naming - HTTP method: PUT, url: http://localhost:8848/nacos/v1/ns/instance/beat?app=unknown&serviceName=DEFAULT_GROUP%40%40mock-ielts-speaklisten&namespaceId=1695f1a3-225f-4479-9dc1-1f71f7c845a7&port=8082&clusterName=DEFAULT&ip=192.168.3.11, body: {}
2025-03-15 18:59:51 [com.alibaba.nacos.client.Worker.longPolling.fixed-127.0.0.1_8848] DEBUG c.a.n.c.c.i.ConfigHttpClientManager - HTTP method: POST, url: http://127.0.0.1:8848/nacos/v1/cs/configs/listener, body: {Listening-Configs=mock-ielts-speaklistenDEFAULT_GROUPcommon-mysql.yamlDEFAULT_GROUPmock-ielts-speaklisten.yamlDEFAULT_GROUP}
2025-03-15 18:59:51 [com.alibaba.nacos.client.Worker.longPolling.fixed-127.0.0.1_8848] DEBUG c.a.n.c.c.i.ConfigHttpClientManager - Execute via interceptors :[com.alibaba.nacos.client.config.impl.ConfigHttpClientManager$LimiterHttpClientRequestInterceptor@71159a9f]
2025-03-15 18:59:55 [com.alibaba.nacos.client.naming.updater] DEBUG com.alibaba.nacos.client.naming - server list provided by user: [localhost:8848]
2025-03-15 18:59:55 [com.alibaba.nacos.naming.failover] DEBUG com.alibaba.nacos.client.naming - failover switch is not found, failover00-00---000-VIPSRV_FAILOVER_SWITCH-000---00-00
2025-03-15 18:59:55 [com.alibaba.nacos.naming.beat.sender] DEBUG com.alibaba.nacos.client.naming - [BEAT] 1695f1a3-225f-4479-9dc1-1f71f7c845a7 sending beat to server: BeatInfo{port=8082, ip='192.168.3.11', weight=1.0, serviceName='DEFAULT_GROUP@@mock-ielts-speaklisten', cluster='DEFAULT', metadata={preserved.register.source=SPRING_CLOUD}, scheduled=false, period=5000, stopped=false}
2025-03-15 18:59:55 [com.alibaba.nacos.naming.beat.sender] DEBUG com.alibaba.nacos.client.naming - HTTP method: PUT, url: http://localhost:8848/nacos/v1/ns/instance/beat?app=unknown&serviceName=DEFAULT_GROUP%40%40mock-ielts-speaklisten&namespaceId=1695f1a3-225f-4479-9dc1-1f71f7c845a7&port=8082&clusterName=DEFAULT&ip=192.168.3.11, body: {}
2025-03-15 18:59:56 [com.alibaba.nacos.client.naming.updater] DEBUG com.alibaba.nacos.client.naming - HTTP method: GET, url: http://localhost:8848/nacos/v1/ns/instance/list?app=unknown&healthyOnly=false&namespaceId=1695f1a3-225f-4479-9dc1-1f71f7c845a7&clientIP=192.168.3.11&serviceName=DEFAULT_GROUP%40%40mock-ielts-speaklisten&udpPort=55022&clusters=DEFAULT, body: {}
2025-03-15 19:00:00 [com.alibaba.nacos.naming.failover] DEBUG com.alibaba.nacos.client.naming - failover switch is not found, failover00-00---000-VIPSRV_FAILOVER_SWITCH-000---00-00
2025-03-15 19:00:00 [com.alibaba.nacos.naming.beat.sender] DEBUG com.alibaba.nacos.client.naming - [BEAT] 1695f1a3-225f-4479-9dc1-1f71f7c845a7 sending beat to server: BeatInfo{port=8082, ip='192.168.3.11', weight=1.0, serviceName='DEFAULT_GROUP@@mock-ielts-speaklisten', cluster='DEFAULT', metadata={preserved.register.source=SPRING_CLOUD}, scheduled=false, period=5000, stopped=false}
2025-03-15 19:00:00 [com.alibaba.nacos.naming.beat.sender] DEBUG com.alibaba.nacos.client.naming - HTTP method: PUT, url: http://localhost:8848/nacos/v1/ns/instance/beat?app=unknown&serviceName=DEFAULT_GROUP%40%40mock-ielts-speaklisten&namespaceId=1695f1a3-225f-4479-9dc1-1f71f7c845a7&port=8082&clusterName=DEFAULT&ip=192.168.3.11, body: {}
2025-03-15 19:00:05 [com.alibaba.nacos.naming.failover] DEBUG com.alibaba.nacos.client.naming - failover switch is not found, failover00-00---000-VIPSRV_FAILOVER_SWITCH-000---00-00
2025-03-15 19:00:05 [com.alibaba.nacos.naming.beat.sender] DEBUG com.alibaba.nacos.client.naming - [BEAT] 1695f1a3-225f-4479-9dc1-1f71f7c845a7 sending beat to server: BeatInfo{port=8082, ip='192.168.3.11', weight=1.0, serviceName='DEFAULT_GROUP@@mock-ielts-speaklisten', cluster='DEFAULT', metadata={preserved.register.source=SPRING_CLOUD}, scheduled=false, period=5000, stopped=false}
2025-03-15 19:00:05 [com.alibaba.nacos.naming.beat.sender] DEBUG com.alibaba.nacos.client.naming - HTTP method: PUT, url: http://localhost:8848/nacos/v1/ns/instance/beat?app=unknown&serviceName=DEFAULT_GROUP%40%40mock-ielts-speaklisten&namespaceId=1695f1a3-225f-4479-9dc1-1f71f7c845a7&port=8082&clusterName=DEFAULT&ip=192.168.3.11, body: {}
2025-03-15 19:00:06 [com.alibaba.nacos.client.naming.updater] DEBUG com.alibaba.nacos.client.naming - HTTP method: GET, url: http://localhost:8848/nacos/v1/ns/instance/list?app=unknown&healthyOnly=false&namespaceId=1695f1a3-225f-4479-9dc1-1f71f7c845a7&clientIP=192.168.3.11&serviceName=DEFAULT_GROUP%40%40mock-ielts-speaklisten&udpPort=55022&clusters=DEFAULT, body: {}
2025-03-15 19:00:10 [com.alibaba.nacos.naming.failover] DEBUG com.alibaba.nacos.client.naming - failover switch is not found, failover00-00---000-VIPSRV_FAILOVER_SWITCH-000---00-00
2025-03-15 19:00:10 [com.alibaba.nacos.naming.beat.sender] DEBUG com.alibaba.nacos.client.naming - [BEAT] 1695f1a3-225f-4479-9dc1-1f71f7c845a7 sending beat to server: BeatInfo{port=8082, ip='192.168.3.11', weight=1.0, serviceName='DEFAULT_GROUP@@mock-ielts-speaklisten', cluster='DEFAULT', metadata={preserved.register.source=SPRING_CLOUD}, scheduled=false, period=5000, stopped=false}
2025-03-15 19:00:10 [com.alibaba.nacos.naming.beat.sender] DEBUG com.alibaba.nacos.client.naming - HTTP method: PUT, url: http://localhost:8848/nacos/v1/ns/instance/beat?app=unknown&serviceName=DEFAULT_GROUP%40%40mock-ielts-speaklisten&namespaceId=1695f1a3-225f-4479-9dc1-1f71f7c845a7&port=8082&clusterName=DEFAULT&ip=192.168.3.11, body: {}
2025-03-15 19:00:15 [com.alibaba.nacos.naming.failover] DEBUG com.alibaba.nacos.client.naming - failover switch is not found, failover00-00---000-VIPSRV_FAILOVER_SWITCH-000---00-00
2025-03-15 19:00:15 [com.alibaba.nacos.naming.beat.sender] DEBUG com.alibaba.nacos.client.naming - [BEAT] 1695f1a3-225f-4479-9dc1-1f71f7c845a7 sending beat to server: BeatInfo{port=8082, ip='192.168.3.11', weight=1.0, serviceName='DEFAULT_GROUP@@mock-ielts-speaklisten', cluster='DEFAULT', metadata={preserved.register.source=SPRING_CLOUD}, scheduled=false, period=5000, stopped=false}
2025-03-15 19:00:15 [com.alibaba.nacos.naming.beat.sender] DEBUG com.alibaba.nacos.client.naming - HTTP method: PUT, url: http://localhost:8848/nacos/v1/ns/instance/beat?app=unknown&serviceName=DEFAULT_GROUP%40%40mock-ielts-speaklisten&namespaceId=1695f1a3-225f-4479-9dc1-1f71f7c845a7&port=8082&clusterName=DEFAULT&ip=192.168.3.11, body: {}
2025-03-15 19:00:16 [com.alibaba.nacos.client.naming.updater] DEBUG com.alibaba.nacos.client.naming - HTTP method: GET, url: http://localhost:8848/nacos/v1/ns/instance/list?app=unknown&healthyOnly=false&namespaceId=1695f1a3-225f-4479-9dc1-1f71f7c845a7&clientIP=192.168.3.11&serviceName=DEFAULT_GROUP%40%40mock-ielts-speaklisten&udpPort=55022&clusters=DEFAULT, body: {}
2025-03-15 19:00:20 [com.alibaba.nacos.naming.failover] DEBUG com.alibaba.nacos.client.naming - failover switch is not found, failover00-00---000-VIPSRV_FAILOVER_SWITCH-000---00-00
2025-03-15 19:00:20 [com.alibaba.nacos.client.Worker.longPolling.fixed-127.0.0.1_8848] DEBUG c.a.n.c.c.i.ConfigHttpClientManager - HTTP method: POST, url: http://127.0.0.1:8848/nacos/v1/cs/configs/listener, body: {Listening-Configs=mock-ielts-speaklistenDEFAULT_GROUPcommon-mysql.yamlDEFAULT_GROUPmock-ielts-speaklisten.yamlDEFAULT_GROUP}
2025-03-15 19:00:20 [com.alibaba.nacos.client.Worker.longPolling.fixed-127.0.0.1_8848] DEBUG c.a.n.c.c.i.ConfigHttpClientManager - Execute via interceptors :[com.alibaba.nacos.client.config.impl.ConfigHttpClientManager$LimiterHttpClientRequestInterceptor@71159a9f]
2025-03-15 19:00:20 [com.alibaba.nacos.naming.beat.sender] DEBUG com.alibaba.nacos.client.naming - [BEAT] 1695f1a3-225f-4479-9dc1-1f71f7c845a7 sending beat to server: BeatInfo{port=8082, ip='192.168.3.11', weight=1.0, serviceName='DEFAULT_GROUP@@mock-ielts-speaklisten', cluster='DEFAULT', metadata={preserved.register.source=SPRING_CLOUD}, scheduled=false, period=5000, stopped=false}
2025-03-15 19:00:20 [com.alibaba.nacos.naming.beat.sender] DEBUG com.alibaba.nacos.client.naming - HTTP method: PUT, url: http://localhost:8848/nacos/v1/ns/instance/beat?app=unknown&serviceName=DEFAULT_GROUP%40%40mock-ielts-speaklisten&namespaceId=1695f1a3-225f-4479-9dc1-1f71f7c845a7&port=8082&clusterName=DEFAULT&ip=192.168.3.11, body: {}
2025-03-15 19:00:25 [com.alibaba.nacos.client.naming.updater] DEBUG com.alibaba.nacos.client.naming - server list provided by user: [localhost:8848]
2025-03-15 19:00:25 [com.alibaba.nacos.naming.failover] DEBUG com.alibaba.nacos.client.naming - failover switch is not found, failover00-00---000-VIPSRV_FAILOVER_SWITCH-000---00-00
2025-03-15 19:00:25 [com.alibaba.nacos.naming.beat.sender] DEBUG com.alibaba.nacos.client.naming - [BEAT] 1695f1a3-225f-4479-9dc1-1f71f7c845a7 sending beat to server: BeatInfo{port=8082, ip='192.168.3.11', weight=1.0, serviceName='DEFAULT_GROUP@@mock-ielts-speaklisten', cluster='DEFAULT', metadata={preserved.register.source=SPRING_CLOUD}, scheduled=false, period=5000, stopped=false}
2025-03-15 19:00:25 [com.alibaba.nacos.naming.beat.sender] DEBUG com.alibaba.nacos.client.naming - HTTP method: PUT, url: http://localhost:8848/nacos/v1/ns/instance/beat?app=unknown&serviceName=DEFAULT_GROUP%40%40mock-ielts-speaklisten&namespaceId=1695f1a3-225f-4479-9dc1-1f71f7c845a7&port=8082&clusterName=DEFAULT&ip=192.168.3.11, body: {}
2025-03-15 19:00:26 [com.alibaba.nacos.client.naming.updater] DEBUG com.alibaba.nacos.client.naming - HTTP method: GET, url: http://localhost:8848/nacos/v1/ns/instance/list?app=unknown&healthyOnly=false&namespaceId=1695f1a3-225f-4479-9dc1-1f71f7c845a7&clientIP=192.168.3.11&serviceName=DEFAULT_GROUP%40%40mock-ielts-speaklisten&udpPort=55022&clusters=DEFAULT, body: {}
2025-03-15 19:00:30 [com.alibaba.nacos.naming.failover] DEBUG com.alibaba.nacos.client.naming - failover switch is not found, failover00-00---000-VIPSRV_FAILOVER_SWITCH-000---00-00
2025-03-15 19:00:30 [com.alibaba.nacos.naming.beat.sender] DEBUG com.alibaba.nacos.client.naming - [BEAT] 1695f1a3-225f-4479-9dc1-1f71f7c845a7 sending beat to server: BeatInfo{port=8082, ip='192.168.3.11', weight=1.0, serviceName='DEFAULT_GROUP@@mock-ielts-speaklisten', cluster='DEFAULT', metadata={preserved.register.source=SPRING_CLOUD}, scheduled=false, period=5000, stopped=false}
2025-03-15 19:00:30 [com.alibaba.nacos.naming.beat.sender] DEBUG com.alibaba.nacos.client.naming - HTTP method: PUT, url: http://localhost:8848/nacos/v1/ns/instance/beat?app=unknown&serviceName=DEFAULT_GROUP%40%40mock-ielts-speaklisten&namespaceId=1695f1a3-225f-4479-9dc1-1f71f7c845a7&port=8082&clusterName=DEFAULT&ip=192.168.3.11, body: {}
2025-03-15 19:00:35 [com.alibaba.nacos.naming.failover] DEBUG com.alibaba.nacos.client.naming - failover switch is not found, failover00-00---000-VIPSRV_FAILOVER_SWITCH-000---00-00
2025-03-15 19:00:35 [com.alibaba.nacos.naming.beat.sender] DEBUG com.alibaba.nacos.client.naming - [BEAT] 1695f1a3-225f-4479-9dc1-1f71f7c845a7 sending beat to server: BeatInfo{port=8082, ip='192.168.3.11', weight=1.0, serviceName='DEFAULT_GROUP@@mock-ielts-speaklisten', cluster='DEFAULT', metadata={preserved.register.source=SPRING_CLOUD}, scheduled=false, period=5000, stopped=false}
2025-03-15 19:00:35 [com.alibaba.nacos.naming.beat.sender] DEBUG com.alibaba.nacos.client.naming - HTTP method: PUT, url: http://localhost:8848/nacos/v1/ns/instance/beat?app=unknown&serviceName=DEFAULT_GROUP%40%40mock-ielts-speaklisten&namespaceId=1695f1a3-225f-4479-9dc1-1f71f7c845a7&port=8082&clusterName=DEFAULT&ip=192.168.3.11, body: {}
2025-03-15 19:00:36 [com.alibaba.nacos.client.naming.updater] DEBUG com.alibaba.nacos.client.naming - HTTP method: GET, url: http://localhost:8848/nacos/v1/ns/instance/list?app=unknown&healthyOnly=false&namespaceId=1695f1a3-225f-4479-9dc1-1f71f7c845a7&clientIP=192.168.3.11&serviceName=DEFAULT_GROUP%40%40mock-ielts-speaklisten&udpPort=55022&clusters=DEFAULT, body: {}
2025-03-15 19:00:40 [com.alibaba.nacos.naming.failover] DEBUG com.alibaba.nacos.client.naming - failover switch is not found, failover00-00---000-VIPSRV_FAILOVER_SWITCH-000---00-00
2025-03-15 19:00:40 [com.alibaba.nacos.naming.beat.sender] DEBUG com.alibaba.nacos.client.naming - [BEAT] 1695f1a3-225f-4479-9dc1-1f71f7c845a7 sending beat to server: BeatInfo{port=8082, ip='192.168.3.11', weight=1.0, serviceName='DEFAULT_GROUP@@mock-ielts-speaklisten', cluster='DEFAULT', metadata={preserved.register.source=SPRING_CLOUD}, scheduled=false, period=5000, stopped=false}
2025-03-15 19:00:40 [com.alibaba.nacos.naming.beat.sender] DEBUG com.alibaba.nacos.client.naming - HTTP method: PUT, url: http://localhost:8848/nacos/v1/ns/instance/beat?app=unknown&serviceName=DEFAULT_GROUP%40%40mock-ielts-speaklisten&namespaceId=1695f1a3-225f-4479-9dc1-1f71f7c845a7&port=8082&clusterName=DEFAULT&ip=192.168.3.11, body: {}
2025-03-15 19:00:45 [com.alibaba.nacos.naming.failover] DEBUG com.alibaba.nacos.client.naming - failover switch is not found, failover00-00---000-VIPSRV_FAILOVER_SWITCH-000---00-00
2025-03-15 19:00:45 [com.alibaba.nacos.naming.beat.sender] DEBUG com.alibaba.nacos.client.naming - [BEAT] 1695f1a3-225f-4479-9dc1-1f71f7c845a7 sending beat to server: BeatInfo{port=8082, ip='192.168.3.11', weight=1.0, serviceName='DEFAULT_GROUP@@mock-ielts-speaklisten', cluster='DEFAULT', metadata={preserved.register.source=SPRING_CLOUD}, scheduled=false, period=5000, stopped=false}
2025-03-15 19:00:45 [com.alibaba.nacos.naming.beat.sender] DEBUG com.alibaba.nacos.client.naming - HTTP method: PUT, url: http://localhost:8848/nacos/v1/ns/instance/beat?app=unknown&serviceName=DEFAULT_GROUP%40%40mock-ielts-speaklisten&namespaceId=1695f1a3-225f-4479-9dc1-1f71f7c845a7&port=8082&clusterName=DEFAULT&ip=192.168.3.11, body: {}
2025-03-15 19:00:46 [com.alibaba.nacos.client.naming.updater] DEBUG com.alibaba.nacos.client.naming - HTTP method: GET, url: http://localhost:8848/nacos/v1/ns/instance/list?app=unknown&healthyOnly=false&namespaceId=1695f1a3-225f-4479-9dc1-1f71f7c845a7&clientIP=192.168.3.11&serviceName=DEFAULT_GROUP%40%40mock-ielts-speaklisten&udpPort=55022&clusters=DEFAULT, body: {}
2025-03-15 19:00:50 [com.alibaba.nacos.client.Worker.longPolling.fixed-127.0.0.1_8848] DEBUG c.a.n.c.c.i.ConfigHttpClientManager - HTTP method: POST, url: http://127.0.0.1:8848/nacos/v1/cs/configs/listener, body: {Listening-Configs=mock-ielts-speaklistenDEFAULT_GROUPcommon-mysql.yamlDEFAULT_GROUPmock-ielts-speaklisten.yamlDEFAULT_GROUP}
2025-03-15 19:00:50 [com.alibaba.nacos.client.Worker.longPolling.fixed-127.0.0.1_8848] DEBUG c.a.n.c.c.i.ConfigHttpClientManager - Execute via interceptors :[com.alibaba.nacos.client.config.impl.ConfigHttpClientManager$LimiterHttpClientRequestInterceptor@71159a9f]
2025-03-15 19:00:50 [com.alibaba.nacos.naming.failover] DEBUG com.alibaba.nacos.client.naming - failover switch is not found, failover00-00---000-VIPSRV_FAILOVER_SWITCH-000---00-00
2025-03-15 19:00:50 [com.alibaba.nacos.naming.beat.sender] DEBUG com.alibaba.nacos.client.naming - [BEAT] 1695f1a3-225f-4479-9dc1-1f71f7c845a7 sending beat to server: BeatInfo{port=8082, ip='192.168.3.11', weight=1.0, serviceName='DEFAULT_GROUP@@mock-ielts-speaklisten', cluster='DEFAULT', metadata={preserved.register.source=SPRING_CLOUD}, scheduled=false, period=5000, stopped=false}
2025-03-15 19:00:50 [com.alibaba.nacos.naming.beat.sender] DEBUG com.alibaba.nacos.client.naming - HTTP method: PUT, url: http://localhost:8848/nacos/v1/ns/instance/beat?app=unknown&serviceName=DEFAULT_GROUP%40%40mock-ielts-speaklisten&namespaceId=1695f1a3-225f-4479-9dc1-1f71f7c845a7&port=8082&clusterName=DEFAULT&ip=192.168.3.11, body: {}
2025-03-15 19:00:55 [com.alibaba.nacos.client.naming.updater] DEBUG com.alibaba.nacos.client.naming - server list provided by user: [localhost:8848]
2025-03-15 19:00:55 [com.alibaba.nacos.naming.failover] DEBUG com.alibaba.nacos.client.naming - failover switch is not found, failover00-00---000-VIPSRV_FAILOVER_SWITCH-000---00-00
2025-03-15 19:00:55 [com.alibaba.nacos.naming.beat.sender] DEBUG com.alibaba.nacos.client.naming - [BEAT] 1695f1a3-225f-4479-9dc1-1f71f7c845a7 sending beat to server: BeatInfo{port=8082, ip='192.168.3.11', weight=1.0, serviceName='DEFAULT_GROUP@@mock-ielts-speaklisten', cluster='DEFAULT', metadata={preserved.register.source=SPRING_CLOUD}, scheduled=false, period=5000, stopped=false}
2025-03-15 19:00:55 [com.alibaba.nacos.naming.beat.sender] DEBUG com.alibaba.nacos.client.naming - HTTP method: PUT, url: http://localhost:8848/nacos/v1/ns/instance/beat?app=unknown&serviceName=DEFAULT_GROUP%40%40mock-ielts-speaklisten&namespaceId=1695f1a3-225f-4479-9dc1-1f71f7c845a7&port=8082&clusterName=DEFAULT&ip=192.168.3.11, body: {}
2025-03-15 19:00:56 [com.alibaba.nacos.client.naming.updater] DEBUG com.alibaba.nacos.client.naming - HTTP method: GET, url: http://localhost:8848/nacos/v1/ns/instance/list?app=unknown&healthyOnly=false&namespaceId=1695f1a3-225f-4479-9dc1-1f71f7c845a7&clientIP=192.168.3.11&serviceName=DEFAULT_GROUP%40%40mock-ielts-speaklisten&udpPort=55022&clusters=DEFAULT, body: {}
2025-03-15 19:01:00 [com.alibaba.nacos.naming.failover] DEBUG com.alibaba.nacos.client.naming - failover switch is not found, failover00-00---000-VIPSRV_FAILOVER_SWITCH-000---00-00
2025-03-15 19:01:00 [com.alibaba.nacos.naming.beat.sender] DEBUG com.alibaba.nacos.client.naming - [BEAT] 1695f1a3-225f-4479-9dc1-1f71f7c845a7 sending beat to server: BeatInfo{port=8082, ip='192.168.3.11', weight=1.0, serviceName='DEFAULT_GROUP@@mock-ielts-speaklisten', cluster='DEFAULT', metadata={preserved.register.source=SPRING_CLOUD}, scheduled=false, period=5000, stopped=false}
2025-03-15 19:01:00 [com.alibaba.nacos.naming.beat.sender] DEBUG com.alibaba.nacos.client.naming - HTTP method: PUT, url: http://localhost:8848/nacos/v1/ns/instance/beat?app=unknown&serviceName=DEFAULT_GROUP%40%40mock-ielts-speaklisten&namespaceId=1695f1a3-225f-4479-9dc1-1f71f7c845a7&port=8082&clusterName=DEFAULT&ip=192.168.3.11, body: {}
2025-03-15 19:01:05 [com.alibaba.nacos.naming.failover] DEBUG com.alibaba.nacos.client.naming - failover switch is not found, failover00-00---000-VIPSRV_FAILOVER_SWITCH-000---00-00
2025-03-15 19:01:05 [com.alibaba.nacos.naming.beat.sender] DEBUG com.alibaba.nacos.client.naming - [BEAT] 1695f1a3-225f-4479-9dc1-1f71f7c845a7 sending beat to server: BeatInfo{port=8082, ip='192.168.3.11', weight=1.0, serviceName='DEFAULT_GROUP@@mock-ielts-speaklisten', cluster='DEFAULT', metadata={preserved.register.source=SPRING_CLOUD}, scheduled=false, period=5000, stopped=false}
2025-03-15 19:01:05 [com.alibaba.nacos.naming.beat.sender] DEBUG com.alibaba.nacos.client.naming - HTTP method: PUT, url: http://localhost:8848/nacos/v1/ns/instance/beat?app=unknown&serviceName=DEFAULT_GROUP%40%40mock-ielts-speaklisten&namespaceId=1695f1a3-225f-4479-9dc1-1f71f7c845a7&port=8082&clusterName=DEFAULT&ip=192.168.3.11, body: {}
2025-03-15 19:01:06 [com.alibaba.nacos.client.naming.updater] DEBUG com.alibaba.nacos.client.naming - HTTP method: GET, url: http://localhost:8848/nacos/v1/ns/instance/list?app=unknown&healthyOnly=false&namespaceId=1695f1a3-225f-4479-9dc1-1f71f7c845a7&clientIP=192.168.3.11&serviceName=DEFAULT_GROUP%40%40mock-ielts-speaklisten&udpPort=55022&clusters=DEFAULT, body: {}
2025-03-15 19:01:10 [com.alibaba.nacos.naming.failover] DEBUG com.alibaba.nacos.client.naming - failover switch is not found, failover00-00---000-VIPSRV_FAILOVER_SWITCH-000---00-00
2025-03-15 19:01:10 [com.alibaba.nacos.naming.beat.sender] DEBUG com.alibaba.nacos.client.naming - [BEAT] 1695f1a3-225f-4479-9dc1-1f71f7c845a7 sending beat to server: BeatInfo{port=8082, ip='192.168.3.11', weight=1.0, serviceName='DEFAULT_GROUP@@mock-ielts-speaklisten', cluster='DEFAULT', metadata={preserved.register.source=SPRING_CLOUD}, scheduled=false, period=5000, stopped=false}
2025-03-15 19:01:10 [com.alibaba.nacos.naming.beat.sender] DEBUG com.alibaba.nacos.client.naming - HTTP method: PUT, url: http://localhost:8848/nacos/v1/ns/instance/beat?app=unknown&serviceName=DEFAULT_GROUP%40%40mock-ielts-speaklisten&namespaceId=1695f1a3-225f-4479-9dc1-1f71f7c845a7&port=8082&clusterName=DEFAULT&ip=192.168.3.11, body: {}
2025-03-15 19:01:15 [com.alibaba.nacos.naming.failover] DEBUG com.alibaba.nacos.client.naming - failover switch is not found, failover00-00---000-VIPSRV_FAILOVER_SWITCH-000---00-00
2025-03-15 19:01:15 [com.alibaba.nacos.naming.beat.sender] DEBUG com.alibaba.nacos.client.naming - [BEAT] 1695f1a3-225f-4479-9dc1-1f71f7c845a7 sending beat to server: BeatInfo{port=8082, ip='192.168.3.11', weight=1.0, serviceName='DEFAULT_GROUP@@mock-ielts-speaklisten', cluster='DEFAULT', metadata={preserved.register.source=SPRING_CLOUD}, scheduled=false, period=5000, stopped=false}
2025-03-15 19:01:15 [com.alibaba.nacos.naming.beat.sender] DEBUG com.alibaba.nacos.client.naming - HTTP method: PUT, url: http://localhost:8848/nacos/v1/ns/instance/beat?app=unknown&serviceName=DEFAULT_GROUP%40%40mock-ielts-speaklisten&namespaceId=1695f1a3-225f-4479-9dc1-1f71f7c845a7&port=8082&clusterName=DEFAULT&ip=192.168.3.11, body: {}
2025-03-15 19:01:16 [com.alibaba.nacos.client.naming.updater] DEBUG com.alibaba.nacos.client.naming - HTTP method: GET, url: http://localhost:8848/nacos/v1/ns/instance/list?app=unknown&healthyOnly=false&namespaceId=1695f1a3-225f-4479-9dc1-1f71f7c845a7&clientIP=192.168.3.11&serviceName=DEFAULT_GROUP%40%40mock-ielts-speaklisten&udpPort=55022&clusters=DEFAULT, body: {}
2025-03-15 19:01:19 [com.alibaba.nacos.client.Worker.longPolling.fixed-127.0.0.1_8848] DEBUG c.a.n.c.c.i.ConfigHttpClientManager - HTTP method: POST, url: http://127.0.0.1:8848/nacos/v1/cs/configs/listener, body: {Listening-Configs=mock-ielts-speaklistenDEFAULT_GROUPcommon-mysql.yamlDEFAULT_GROUPmock-ielts-speaklisten.yamlDEFAULT_GROUP}
2025-03-15 19:01:19 [com.alibaba.nacos.client.Worker.longPolling.fixed-127.0.0.1_8848] DEBUG c.a.n.c.c.i.ConfigHttpClientManager - Execute via interceptors :[com.alibaba.nacos.client.config.impl.ConfigHttpClientManager$LimiterHttpClientRequestInterceptor@71159a9f]
2025-03-15 19:01:20 [com.alibaba.nacos.naming.failover] DEBUG com.alibaba.nacos.client.naming - failover switch is not found, failover00-00---000-VIPSRV_FAILOVER_SWITCH-000---00-00
2025-03-15 19:01:20 [com.alibaba.nacos.naming.beat.sender] DEBUG com.alibaba.nacos.client.naming - [BEAT] 1695f1a3-225f-4479-9dc1-1f71f7c845a7 sending beat to server: BeatInfo{port=8082, ip='192.168.3.11', weight=1.0, serviceName='DEFAULT_GROUP@@mock-ielts-speaklisten', cluster='DEFAULT', metadata={preserved.register.source=SPRING_CLOUD}, scheduled=false, period=5000, stopped=false}
2025-03-15 19:01:20 [com.alibaba.nacos.naming.beat.sender] DEBUG com.alibaba.nacos.client.naming - HTTP method: PUT, url: http://localhost:8848/nacos/v1/ns/instance/beat?app=unknown&serviceName=DEFAULT_GROUP%40%40mock-ielts-speaklisten&namespaceId=1695f1a3-225f-4479-9dc1-1f71f7c845a7&port=8082&clusterName=DEFAULT&ip=192.168.3.11, body: {}
2025-03-15 19:01:25 [com.alibaba.nacos.client.naming.updater] DEBUG com.alibaba.nacos.client.naming - server list provided by user: [localhost:8848]
2025-03-15 19:01:25 [com.alibaba.nacos.naming.failover] DEBUG com.alibaba.nacos.client.naming - failover switch is not found, failover00-00---000-VIPSRV_FAILOVER_SWITCH-000---00-00
2025-03-15 19:01:25 [com.alibaba.nacos.naming.beat.sender] DEBUG com.alibaba.nacos.client.naming - [BEAT] 1695f1a3-225f-4479-9dc1-1f71f7c845a7 sending beat to server: BeatInfo{port=8082, ip='192.168.3.11', weight=1.0, serviceName='DEFAULT_GROUP@@mock-ielts-speaklisten', cluster='DEFAULT', metadata={preserved.register.source=SPRING_CLOUD}, scheduled=false, period=5000, stopped=false}
2025-03-15 19:01:25 [com.alibaba.nacos.naming.beat.sender] DEBUG com.alibaba.nacos.client.naming - HTTP method: PUT, url: http://localhost:8848/nacos/v1/ns/instance/beat?app=unknown&serviceName=DEFAULT_GROUP%40%40mock-ielts-speaklisten&namespaceId=1695f1a3-225f-4479-9dc1-1f71f7c845a7&port=8082&clusterName=DEFAULT&ip=192.168.3.11, body: {}
2025-03-15 19:01:26 [com.alibaba.nacos.client.naming.updater] DEBUG com.alibaba.nacos.client.naming - HTTP method: GET, url: http://localhost:8848/nacos/v1/ns/instance/list?app=unknown&healthyOnly=false&namespaceId=1695f1a3-225f-4479-9dc1-1f71f7c845a7&clientIP=192.168.3.11&serviceName=DEFAULT_GROUP%40%40mock-ielts-speaklisten&udpPort=55022&clusters=DEFAULT, body: {}
2025-03-15 19:01:30 [com.alibaba.nacos.naming.failover] DEBUG com.alibaba.nacos.client.naming - failover switch is not found, failover00-00---000-VIPSRV_FAILOVER_SWITCH-000---00-00
2025-03-15 19:01:30 [com.alibaba.nacos.naming.beat.sender] DEBUG com.alibaba.nacos.client.naming - [BEAT] 1695f1a3-225f-4479-9dc1-1f71f7c845a7 sending beat to server: BeatInfo{port=8082, ip='192.168.3.11', weight=1.0, serviceName='DEFAULT_GROUP@@mock-ielts-speaklisten', cluster='DEFAULT', metadata={preserved.register.source=SPRING_CLOUD}, scheduled=false, period=5000, stopped=false}
2025-03-15 19:01:30 [com.alibaba.nacos.naming.beat.sender] DEBUG com.alibaba.nacos.client.naming - HTTP method: PUT, url: http://localhost:8848/nacos/v1/ns/instance/beat?app=unknown&serviceName=DEFAULT_GROUP%40%40mock-ielts-speaklisten&namespaceId=1695f1a3-225f-4479-9dc1-1f71f7c845a7&port=8082&clusterName=DEFAULT&ip=192.168.3.11, body: {}
2025-03-15 19:01:35 [com.alibaba.nacos.naming.failover] DEBUG com.alibaba.nacos.client.naming - failover switch is not found, failover00-00---000-VIPSRV_FAILOVER_SWITCH-000---00-00
2025-03-15 19:01:35 [com.alibaba.nacos.naming.beat.sender] DEBUG com.alibaba.nacos.client.naming - [BEAT] 1695f1a3-225f-4479-9dc1-1f71f7c845a7 sending beat to server: BeatInfo{port=8082, ip='192.168.3.11', weight=1.0, serviceName='DEFAULT_GROUP@@mock-ielts-speaklisten', cluster='DEFAULT', metadata={preserved.register.source=SPRING_CLOUD}, scheduled=false, period=5000, stopped=false}
2025-03-15 19:01:35 [com.alibaba.nacos.naming.beat.sender] DEBUG com.alibaba.nacos.client.naming - HTTP method: PUT, url: http://localhost:8848/nacos/v1/ns/instance/beat?app=unknown&serviceName=DEFAULT_GROUP%40%40mock-ielts-speaklisten&namespaceId=1695f1a3-225f-4479-9dc1-1f71f7c845a7&port=8082&clusterName=DEFAULT&ip=192.168.3.11, body: {}
2025-03-15 19:01:36 [com.alibaba.nacos.client.naming.updater] DEBUG com.alibaba.nacos.client.naming - HTTP method: GET, url: http://localhost:8848/nacos/v1/ns/instance/list?app=unknown&healthyOnly=false&namespaceId=1695f1a3-225f-4479-9dc1-1f71f7c845a7&clientIP=192.168.3.11&serviceName=DEFAULT_GROUP%40%40mock-ielts-speaklisten&udpPort=55022&clusters=DEFAULT, body: {}
2025-03-15 19:01:40 [com.alibaba.nacos.naming.failover] DEBUG com.alibaba.nacos.client.naming - failover switch is not found, failover00-00---000-VIPSRV_FAILOVER_SWITCH-000---00-00
2025-03-15 19:01:40 [com.alibaba.nacos.naming.beat.sender] DEBUG com.alibaba.nacos.client.naming - [BEAT] 1695f1a3-225f-4479-9dc1-1f71f7c845a7 sending beat to server: BeatInfo{port=8082, ip='192.168.3.11', weight=1.0, serviceName='DEFAULT_GROUP@@mock-ielts-speaklisten', cluster='DEFAULT', metadata={preserved.register.source=SPRING_CLOUD}, scheduled=false, period=5000, stopped=false}
2025-03-15 19:01:40 [com.alibaba.nacos.naming.beat.sender] DEBUG com.alibaba.nacos.client.naming - HTTP method: PUT, url: http://localhost:8848/nacos/v1/ns/instance/beat?app=unknown&serviceName=DEFAULT_GROUP%40%40mock-ielts-speaklisten&namespaceId=1695f1a3-225f-4479-9dc1-1f71f7c845a7&port=8082&clusterName=DEFAULT&ip=192.168.3.11, body: {}
2025-03-15 19:01:45 [com.alibaba.nacos.naming.failover] DEBUG com.alibaba.nacos.client.naming - failover switch is not found, failover00-00---000-VIPSRV_FAILOVER_SWITCH-000---00-00
2025-03-15 19:01:45 [com.alibaba.nacos.naming.beat.sender] DEBUG com.alibaba.nacos.client.naming - [BEAT] 1695f1a3-225f-4479-9dc1-1f71f7c845a7 sending beat to server: BeatInfo{port=8082, ip='192.168.3.11', weight=1.0, serviceName='DEFAULT_GROUP@@mock-ielts-speaklisten', cluster='DEFAULT', metadata={preserved.register.source=SPRING_CLOUD}, scheduled=false, period=5000, stopped=false}
2025-03-15 19:01:45 [com.alibaba.nacos.naming.beat.sender] DEBUG com.alibaba.nacos.client.naming - HTTP method: PUT, url: http://localhost:8848/nacos/v1/ns/instance/beat?app=unknown&serviceName=DEFAULT_GROUP%40%40mock-ielts-speaklisten&namespaceId=1695f1a3-225f-4479-9dc1-1f71f7c845a7&port=8082&clusterName=DEFAULT&ip=192.168.3.11, body: {}
2025-03-15 19:01:46 [com.alibaba.nacos.client.naming.updater] DEBUG com.alibaba.nacos.client.naming - HTTP method: GET, url: http://localhost:8848/nacos/v1/ns/instance/list?app=unknown&healthyOnly=false&namespaceId=1695f1a3-225f-4479-9dc1-1f71f7c845a7&clientIP=192.168.3.11&serviceName=DEFAULT_GROUP%40%40mock-ielts-speaklisten&udpPort=55022&clusters=DEFAULT, body: {}
2025-03-15 19:01:49 [com.alibaba.nacos.client.Worker.longPolling.fixed-127.0.0.1_8848] DEBUG c.a.n.c.c.i.ConfigHttpClientManager - HTTP method: POST, url: http://127.0.0.1:8848/nacos/v1/cs/configs/listener, body: {Listening-Configs=mock-ielts-speaklistenDEFAULT_GROUPcommon-mysql.yamlDEFAULT_GROUPmock-ielts-speaklisten.yamlDEFAULT_GROUP}
2025-03-15 19:01:49 [com.alibaba.nacos.client.Worker.longPolling.fixed-127.0.0.1_8848] DEBUG c.a.n.c.c.i.ConfigHttpClientManager - Execute via interceptors :[com.alibaba.nacos.client.config.impl.ConfigHttpClientManager$LimiterHttpClientRequestInterceptor@71159a9f]
2025-03-15 19:01:50 [com.alibaba.nacos.naming.failover] DEBUG com.alibaba.nacos.client.naming - failover switch is not found, failover00-00---000-VIPSRV_FAILOVER_SWITCH-000---00-00
2025-03-15 19:01:50 [com.alibaba.nacos.naming.beat.sender] DEBUG com.alibaba.nacos.client.naming - [BEAT] 1695f1a3-225f-4479-9dc1-1f71f7c845a7 sending beat to server: BeatInfo{port=8082, ip='192.168.3.11', weight=1.0, serviceName='DEFAULT_GROUP@@mock-ielts-speaklisten', cluster='DEFAULT', metadata={preserved.register.source=SPRING_CLOUD}, scheduled=false, period=5000, stopped=false}
2025-03-15 19:01:50 [com.alibaba.nacos.naming.beat.sender] DEBUG com.alibaba.nacos.client.naming - HTTP method: PUT, url: http://localhost:8848/nacos/v1/ns/instance/beat?app=unknown&serviceName=DEFAULT_GROUP%40%40mock-ielts-speaklisten&namespaceId=1695f1a3-225f-4479-9dc1-1f71f7c845a7&port=8082&clusterName=DEFAULT&ip=192.168.3.11, body: {}
2025-03-15 19:01:55 [com.alibaba.nacos.client.naming.updater] DEBUG com.alibaba.nacos.client.naming - server list provided by user: [localhost:8848]
2025-03-15 19:01:55 [com.alibaba.nacos.naming.failover] DEBUG com.alibaba.nacos.client.naming - failover switch is not found, failover00-00---000-VIPSRV_FAILOVER_SWITCH-000---00-00
2025-03-15 19:01:55 [com.alibaba.nacos.naming.beat.sender] DEBUG com.alibaba.nacos.client.naming - [BEAT] 1695f1a3-225f-4479-9dc1-1f71f7c845a7 sending beat to server: BeatInfo{port=8082, ip='192.168.3.11', weight=1.0, serviceName='DEFAULT_GROUP@@mock-ielts-speaklisten', cluster='DEFAULT', metadata={preserved.register.source=SPRING_CLOUD}, scheduled=false, period=5000, stopped=false}
2025-03-15 19:01:55 [com.alibaba.nacos.naming.beat.sender] DEBUG com.alibaba.nacos.client.naming - HTTP method: PUT, url: http://localhost:8848/nacos/v1/ns/instance/beat?app=unknown&serviceName=DEFAULT_GROUP%40%40mock-ielts-speaklisten&namespaceId=1695f1a3-225f-4479-9dc1-1f71f7c845a7&port=8082&clusterName=DEFAULT&ip=192.168.3.11, body: {}
2025-03-15 19:01:56 [com.alibaba.nacos.client.naming.updater] DEBUG com.alibaba.nacos.client.naming - HTTP method: GET, url: http://localhost:8848/nacos/v1/ns/instance/list?app=unknown&healthyOnly=false&namespaceId=1695f1a3-225f-4479-9dc1-1f71f7c845a7&clientIP=192.168.3.11&serviceName=DEFAULT_GROUP%40%40mock-ielts-speaklisten&udpPort=55022&clusters=DEFAULT, body: {}
2025-03-15 19:02:00 [com.alibaba.nacos.naming.failover] DEBUG com.alibaba.nacos.client.naming - failover switch is not found, failover00-00---000-VIPSRV_FAILOVER_SWITCH-000---00-00
2025-03-15 19:02:00 [com.alibaba.nacos.naming.beat.sender] DEBUG com.alibaba.nacos.client.naming - [BEAT] 1695f1a3-225f-4479-9dc1-1f71f7c845a7 sending beat to server: BeatInfo{port=8082, ip='192.168.3.11', weight=1.0, serviceName='DEFAULT_GROUP@@mock-ielts-speaklisten', cluster='DEFAULT', metadata={preserved.register.source=SPRING_CLOUD}, scheduled=false, period=5000, stopped=false}
2025-03-15 19:02:00 [com.alibaba.nacos.naming.beat.sender] DEBUG com.alibaba.nacos.client.naming - HTTP method: PUT, url: http://localhost:8848/nacos/v1/ns/instance/beat?app=unknown&serviceName=DEFAULT_GROUP%40%40mock-ielts-speaklisten&namespaceId=1695f1a3-225f-4479-9dc1-1f71f7c845a7&port=8082&clusterName=DEFAULT&ip=192.168.3.11, body: {}
2025-03-15 19:02:05 [com.alibaba.nacos.naming.failover] DEBUG com.alibaba.nacos.client.naming - failover switch is not found, failover00-00---000-VIPSRV_FAILOVER_SWITCH-000---00-00
2025-03-15 19:02:05 [com.alibaba.nacos.naming.beat.sender] DEBUG com.alibaba.nacos.client.naming - [BEAT] 1695f1a3-225f-4479-9dc1-1f71f7c845a7 sending beat to server: BeatInfo{port=8082, ip='192.168.3.11', weight=1.0, serviceName='DEFAULT_GROUP@@mock-ielts-speaklisten', cluster='DEFAULT', metadata={preserved.register.source=SPRING_CLOUD}, scheduled=false, period=5000, stopped=false}
2025-03-15 19:02:05 [com.alibaba.nacos.naming.beat.sender] DEBUG com.alibaba.nacos.client.naming - HTTP method: PUT, url: http://localhost:8848/nacos/v1/ns/instance/beat?app=unknown&serviceName=DEFAULT_GROUP%40%40mock-ielts-speaklisten&namespaceId=1695f1a3-225f-4479-9dc1-1f71f7c845a7&port=8082&clusterName=DEFAULT&ip=192.168.3.11, body: {}
2025-03-15 19:02:06 [com.alibaba.nacos.client.naming.updater] DEBUG com.alibaba.nacos.client.naming - HTTP method: GET, url: http://localhost:8848/nacos/v1/ns/instance/list?app=unknown&healthyOnly=false&namespaceId=1695f1a3-225f-4479-9dc1-1f71f7c845a7&clientIP=192.168.3.11&serviceName=DEFAULT_GROUP%40%40mock-ielts-speaklisten&udpPort=55022&clusters=DEFAULT, body: {}
2025-03-15 19:02:10 [com.alibaba.nacos.naming.failover] DEBUG com.alibaba.nacos.client.naming - failover switch is not found, failover00-00---000-VIPSRV_FAILOVER_SWITCH-000---00-00
2025-03-15 19:02:10 [com.alibaba.nacos.naming.beat.sender] DEBUG com.alibaba.nacos.client.naming - [BEAT] 1695f1a3-225f-4479-9dc1-1f71f7c845a7 sending beat to server: BeatInfo{port=8082, ip='192.168.3.11', weight=1.0, serviceName='DEFAULT_GROUP@@mock-ielts-speaklisten', cluster='DEFAULT', metadata={preserved.register.source=SPRING_CLOUD}, scheduled=false, period=5000, stopped=false}
2025-03-15 19:02:10 [com.alibaba.nacos.naming.beat.sender] DEBUG com.alibaba.nacos.client.naming - HTTP method: PUT, url: http://localhost:8848/nacos/v1/ns/instance/beat?app=unknown&serviceName=DEFAULT_GROUP%40%40mock-ielts-speaklisten&namespaceId=1695f1a3-225f-4479-9dc1-1f71f7c845a7&port=8082&clusterName=DEFAULT&ip=192.168.3.11, body: {}
2025-03-15 19:02:15 [com.alibaba.nacos.naming.failover] DEBUG com.alibaba.nacos.client.naming - failover switch is not found, failover00-00---000-VIPSRV_FAILOVER_SWITCH-000---00-00
2025-03-15 19:02:15 [com.alibaba.nacos.naming.beat.sender] DEBUG com.alibaba.nacos.client.naming - [BEAT] 1695f1a3-225f-4479-9dc1-1f71f7c845a7 sending beat to server: BeatInfo{port=8082, ip='192.168.3.11', weight=1.0, serviceName='DEFAULT_GROUP@@mock-ielts-speaklisten', cluster='DEFAULT', metadata={preserved.register.source=SPRING_CLOUD}, scheduled=false, period=5000, stopped=false}
2025-03-15 19:02:15 [com.alibaba.nacos.naming.beat.sender] DEBUG com.alibaba.nacos.client.naming - HTTP method: PUT, url: http://localhost:8848/nacos/v1/ns/instance/beat?app=unknown&serviceName=DEFAULT_GROUP%40%40mock-ielts-speaklisten&namespaceId=1695f1a3-225f-4479-9dc1-1f71f7c845a7&port=8082&clusterName=DEFAULT&ip=192.168.3.11, body: {}
2025-03-15 19:02:16 [com.alibaba.nacos.client.naming.updater] DEBUG com.alibaba.nacos.client.naming - HTTP method: GET, url: http://localhost:8848/nacos/v1/ns/instance/list?app=unknown&healthyOnly=false&namespaceId=1695f1a3-225f-4479-9dc1-1f71f7c845a7&clientIP=192.168.3.11&serviceName=DEFAULT_GROUP%40%40mock-ielts-speaklisten&udpPort=55022&clusters=DEFAULT, body: {}
2025-03-15 19:02:18 [com.alibaba.nacos.client.Worker.longPolling.fixed-127.0.0.1_8848] DEBUG c.a.n.c.c.i.ConfigHttpClientManager - HTTP method: POST, url: http://127.0.0.1:8848/nacos/v1/cs/configs/listener, body: {Listening-Configs=mock-ielts-speaklistenDEFAULT_GROUPcommon-mysql.yamlDEFAULT_GROUPmock-ielts-speaklisten.yamlDEFAULT_GROUP}
2025-03-15 19:02:18 [com.alibaba.nacos.client.Worker.longPolling.fixed-127.0.0.1_8848] DEBUG c.a.n.c.c.i.ConfigHttpClientManager - Execute via interceptors :[com.alibaba.nacos.client.config.impl.ConfigHttpClientManager$LimiterHttpClientRequestInterceptor@71159a9f]
2025-03-15 19:02:20 [com.alibaba.nacos.naming.failover] DEBUG com.alibaba.nacos.client.naming - failover switch is not found, failover00-00---000-VIPSRV_FAILOVER_SWITCH-000---00-00
2025-03-15 19:02:20 [com.alibaba.nacos.naming.beat.sender] DEBUG com.alibaba.nacos.client.naming - [BEAT] 1695f1a3-225f-4479-9dc1-1f71f7c845a7 sending beat to server: BeatInfo{port=8082, ip='192.168.3.11', weight=1.0, serviceName='DEFAULT_GROUP@@mock-ielts-speaklisten', cluster='DEFAULT', metadata={preserved.register.source=SPRING_CLOUD}, scheduled=false, period=5000, stopped=false}
2025-03-15 19:02:20 [com.alibaba.nacos.naming.beat.sender] DEBUG com.alibaba.nacos.client.naming - HTTP method: PUT, url: http://localhost:8848/nacos/v1/ns/instance/beat?app=unknown&serviceName=DEFAULT_GROUP%40%40mock-ielts-speaklisten&namespaceId=1695f1a3-225f-4479-9dc1-1f71f7c845a7&port=8082&clusterName=DEFAULT&ip=192.168.3.11, body: {}
2025-03-15 19:02:25 [com.alibaba.nacos.client.naming.updater] DEBUG com.alibaba.nacos.client.naming - server list provided by user: [localhost:8848]
2025-03-15 19:02:25 [com.alibaba.nacos.naming.failover] DEBUG com.alibaba.nacos.client.naming - failover switch is not found, failover00-00---000-VIPSRV_FAILOVER_SWITCH-000---00-00
2025-03-15 19:02:26 [com.alibaba.nacos.naming.beat.sender] DEBUG com.alibaba.nacos.client.naming - [BEAT] 1695f1a3-225f-4479-9dc1-1f71f7c845a7 sending beat to server: BeatInfo{port=8082, ip='192.168.3.11', weight=1.0, serviceName='DEFAULT_GROUP@@mock-ielts-speaklisten', cluster='DEFAULT', metadata={preserved.register.source=SPRING_CLOUD}, scheduled=false, period=5000, stopped=false}
2025-03-15 19:02:26 [com.alibaba.nacos.naming.beat.sender] DEBUG com.alibaba.nacos.client.naming - HTTP method: PUT, url: http://localhost:8848/nacos/v1/ns/instance/beat?app=unknown&serviceName=DEFAULT_GROUP%40%40mock-ielts-speaklisten&namespaceId=1695f1a3-225f-4479-9dc1-1f71f7c845a7&port=8082&clusterName=DEFAULT&ip=192.168.3.11, body: {}
2025-03-15 19:02:26 [com.alibaba.nacos.client.naming.updater] DEBUG com.alibaba.nacos.client.naming - HTTP method: GET, url: http://localhost:8848/nacos/v1/ns/instance/list?app=unknown&healthyOnly=false&namespaceId=1695f1a3-225f-4479-9dc1-1f71f7c845a7&clientIP=192.168.3.11&serviceName=DEFAULT_GROUP%40%40mock-ielts-speaklisten&udpPort=55022&clusters=DEFAULT, body: {}
2025-03-15 19:02:30 [com.alibaba.nacos.naming.failover] DEBUG com.alibaba.nacos.client.naming - failover switch is not found, failover00-00---000-VIPSRV_FAILOVER_SWITCH-000---00-00
2025-03-15 19:02:31 [com.alibaba.nacos.naming.beat.sender] DEBUG com.alibaba.nacos.client.naming - [BEAT] 1695f1a3-225f-4479-9dc1-1f71f7c845a7 sending beat to server: BeatInfo{port=8082, ip='192.168.3.11', weight=1.0, serviceName='DEFAULT_GROUP@@mock-ielts-speaklisten', cluster='DEFAULT', metadata={preserved.register.source=SPRING_CLOUD}, scheduled=false, period=5000, stopped=false}
2025-03-15 19:02:31 [com.alibaba.nacos.naming.beat.sender] DEBUG com.alibaba.nacos.client.naming - HTTP method: PUT, url: http://localhost:8848/nacos/v1/ns/instance/beat?app=unknown&serviceName=DEFAULT_GROUP%40%40mock-ielts-speaklisten&namespaceId=1695f1a3-225f-4479-9dc1-1f71f7c845a7&port=8082&clusterName=DEFAULT&ip=192.168.3.11, body: {}
2025-03-15 19:02:35 [com.alibaba.nacos.naming.failover] DEBUG com.alibaba.nacos.client.naming - failover switch is not found, failover00-00---000-VIPSRV_FAILOVER_SWITCH-000---00-00
2025-03-15 19:02:36 [com.alibaba.nacos.naming.beat.sender] DEBUG com.alibaba.nacos.client.naming - [BEAT] 1695f1a3-225f-4479-9dc1-1f71f7c845a7 sending beat to server: BeatInfo{port=8082, ip='192.168.3.11', weight=1.0, serviceName='DEFAULT_GROUP@@mock-ielts-speaklisten', cluster='DEFAULT', metadata={preserved.register.source=SPRING_CLOUD}, scheduled=false, period=5000, stopped=false}
2025-03-15 19:02:36 [com.alibaba.nacos.naming.beat.sender] DEBUG com.alibaba.nacos.client.naming - HTTP method: PUT, url: http://localhost:8848/nacos/v1/ns/instance/beat?app=unknown&serviceName=DEFAULT_GROUP%40%40mock-ielts-speaklisten&namespaceId=1695f1a3-225f-4479-9dc1-1f71f7c845a7&port=8082&clusterName=DEFAULT&ip=192.168.3.11, body: {}
2025-03-15 19:02:36 [com.alibaba.nacos.client.naming.updater] DEBUG com.alibaba.nacos.client.naming - HTTP method: GET, url: http://localhost:8848/nacos/v1/ns/instance/list?app=unknown&healthyOnly=false&namespaceId=1695f1a3-225f-4479-9dc1-1f71f7c845a7&clientIP=192.168.3.11&serviceName=DEFAULT_GROUP%40%40mock-ielts-speaklisten&udpPort=55022&clusters=DEFAULT, body: {}
2025-03-15 19:02:40 [com.alibaba.nacos.naming.failover] DEBUG com.alibaba.nacos.client.naming - failover switch is not found, failover00-00---000-VIPSRV_FAILOVER_SWITCH-000---00-00
2025-03-15 19:02:41 [com.alibaba.nacos.naming.beat.sender] DEBUG com.alibaba.nacos.client.naming - [BEAT] 1695f1a3-225f-4479-9dc1-1f71f7c845a7 sending beat to server: BeatInfo{port=8082, ip='192.168.3.11', weight=1.0, serviceName='DEFAULT_GROUP@@mock-ielts-speaklisten', cluster='DEFAULT', metadata={preserved.register.source=SPRING_CLOUD}, scheduled=false, period=5000, stopped=false}
2025-03-15 19:02:41 [com.alibaba.nacos.naming.beat.sender] DEBUG com.alibaba.nacos.client.naming - HTTP method: PUT, url: http://localhost:8848/nacos/v1/ns/instance/beat?app=unknown&serviceName=DEFAULT_GROUP%40%40mock-ielts-speaklisten&namespaceId=1695f1a3-225f-4479-9dc1-1f71f7c845a7&port=8082&clusterName=DEFAULT&ip=192.168.3.11, body: {}
2025-03-15 19:02:45 [com.alibaba.nacos.naming.failover] DEBUG com.alibaba.nacos.client.naming - failover switch is not found, failover00-00---000-VIPSRV_FAILOVER_SWITCH-000---00-00
2025-03-15 19:02:46 [com.alibaba.nacos.naming.beat.sender] DEBUG com.alibaba.nacos.client.naming - [BEAT] 1695f1a3-225f-4479-9dc1-1f71f7c845a7 sending beat to server: BeatInfo{port=8082, ip='192.168.3.11', weight=1.0, serviceName='DEFAULT_GROUP@@mock-ielts-speaklisten', cluster='DEFAULT', metadata={preserved.register.source=SPRING_CLOUD}, scheduled=false, period=5000, stopped=false}
2025-03-15 19:02:46 [com.alibaba.nacos.naming.beat.sender] DEBUG com.alibaba.nacos.client.naming - HTTP method: PUT, url: http://localhost:8848/nacos/v1/ns/instance/beat?app=unknown&serviceName=DEFAULT_GROUP%40%40mock-ielts-speaklisten&namespaceId=1695f1a3-225f-4479-9dc1-1f71f7c845a7&port=8082&clusterName=DEFAULT&ip=192.168.3.11, body: {}
2025-03-15 19:02:46 [com.alibaba.nacos.client.naming.updater] DEBUG com.alibaba.nacos.client.naming - HTTP method: GET, url: http://localhost:8848/nacos/v1/ns/instance/list?app=unknown&healthyOnly=false&namespaceId=1695f1a3-225f-4479-9dc1-1f71f7c845a7&clientIP=192.168.3.11&serviceName=DEFAULT_GROUP%40%40mock-ielts-speaklisten&udpPort=55022&clusters=DEFAULT, body: {}
2025-03-15 19:02:48 [com.alibaba.nacos.client.Worker.longPolling.fixed-127.0.0.1_8848] DEBUG c.a.n.c.c.i.ConfigHttpClientManager - HTTP method: POST, url: http://127.0.0.1:8848/nacos/v1/cs/configs/listener, body: {Listening-Configs=mock-ielts-speaklistenDEFAULT_GROUPcommon-mysql.yamlDEFAULT_GROUPmock-ielts-speaklisten.yamlDEFAULT_GROUP}
2025-03-15 19:02:48 [com.alibaba.nacos.client.Worker.longPolling.fixed-127.0.0.1_8848] DEBUG c.a.n.c.c.i.ConfigHttpClientManager - Execute via interceptors :[com.alibaba.nacos.client.config.impl.ConfigHttpClientManager$LimiterHttpClientRequestInterceptor@71159a9f]
2025-03-15 19:02:50 [com.alibaba.nacos.naming.failover] DEBUG com.alibaba.nacos.client.naming - failover switch is not found, failover00-00---000-VIPSRV_FAILOVER_SWITCH-000---00-00
2025-03-15 19:02:51 [com.alibaba.nacos.naming.beat.sender] DEBUG com.alibaba.nacos.client.naming - [BEAT] 1695f1a3-225f-4479-9dc1-1f71f7c845a7 sending beat to server: BeatInfo{port=8082, ip='192.168.3.11', weight=1.0, serviceName='DEFAULT_GROUP@@mock-ielts-speaklisten', cluster='DEFAULT', metadata={preserved.register.source=SPRING_CLOUD}, scheduled=false, period=5000, stopped=false}
2025-03-15 19:02:51 [com.alibaba.nacos.naming.beat.sender] DEBUG com.alibaba.nacos.client.naming - HTTP method: PUT, url: http://localhost:8848/nacos/v1/ns/instance/beat?app=unknown&serviceName=DEFAULT_GROUP%40%40mock-ielts-speaklisten&namespaceId=1695f1a3-225f-4479-9dc1-1f71f7c845a7&port=8082&clusterName=DEFAULT&ip=192.168.3.11, body: {}
2025-03-15 19:02:55 [com.alibaba.nacos.client.naming.updater] DEBUG com.alibaba.nacos.client.naming - server list provided by user: [localhost:8848]
2025-03-15 19:02:55 [com.alibaba.nacos.naming.failover] DEBUG com.alibaba.nacos.client.naming - failover switch is not found, failover00-00---000-VIPSRV_FAILOVER_SWITCH-000---00-00
2025-03-15 19:02:56 [com.alibaba.nacos.naming.beat.sender] DEBUG com.alibaba.nacos.client.naming - [BEAT] 1695f1a3-225f-4479-9dc1-1f71f7c845a7 sending beat to server: BeatInfo{port=8082, ip='192.168.3.11', weight=1.0, serviceName='DEFAULT_GROUP@@mock-ielts-speaklisten', cluster='DEFAULT', metadata={preserved.register.source=SPRING_CLOUD}, scheduled=false, period=5000, stopped=false}
2025-03-15 19:02:56 [com.alibaba.nacos.naming.beat.sender] DEBUG com.alibaba.nacos.client.naming - HTTP method: PUT, url: http://localhost:8848/nacos/v1/ns/instance/beat?app=unknown&serviceName=DEFAULT_GROUP%40%40mock-ielts-speaklisten&namespaceId=1695f1a3-225f-4479-9dc1-1f71f7c845a7&port=8082&clusterName=DEFAULT&ip=192.168.3.11, body: {}
