2025-03-17 10:01:05 [main] DEBUG o.s.boot.SpringApplication - Loading source class org.springframework.cloud.bootstrap.BootstrapImportSelectorConfiguration
2025-03-17 10:01:05 [main] DEBUG o.s.c.a.AnnotationConfigApplicationContext - Refreshing org.springframework.context.annotation.AnnotationConfigApplicationContext@1df8da7a
2025-03-17 10:01:05 [main] DEBUG o.s.b.f.s.DefaultListableBeanFactory - Creating shared instance of singleton bean 'org.springframework.context.annotation.internalConfigurationAnnotationProcessor'
2025-03-17 10:01:05 [main] DEBUG o.s.b.f.s.DefaultListableBeanFactory - Creating shared instance of singleton bean 'org.springframework.boot.autoconfigure.internalCachingMetadataReaderFactory'
2025-03-17 10:01:05 [main] DEBUG o.s.b.f.s.DefaultListableBeanFactory - Creating shared instance of singleton bean 'propertySourcesPlaceholderConfigurer'
2025-03-17 10:01:05 [main] DEBUG o.s.b.f.s.DefaultListableBeanFactory - Creating shared instance of singleton bean 'org.springframework.context.event.internalEventListenerProcessor'
2025-03-17 10:01:05 [main] DEBUG o.s.b.f.s.DefaultListableBeanFactory - Creating shared instance of singleton bean 'org.springframework.context.event.internalEventListenerFactory'
2025-03-17 10:01:05 [main] DEBUG o.s.b.f.s.DefaultListableBeanFactory - Creating shared instance of singleton bean 'org.springframework.context.annotation.internalAutowiredAnnotationProcessor'
2025-03-17 10:01:05 [main] DEBUG o.s.b.f.s.DefaultListableBeanFactory - Creating shared instance of singleton bean 'org.springframework.context.annotation.internalCommonAnnotationProcessor'
2025-03-17 10:01:05 [main] DEBUG o.s.b.f.s.DefaultListableBeanFactory - Creating shared instance of singleton bean 'org.springframework.context.annotation.internalPersistenceAnnotationProcessor'
2025-03-17 10:01:05 [main] DEBUG o.s.b.f.s.DefaultListableBeanFactory - Creating shared instance of singleton bean 'org.springframework.boot.context.properties.ConfigurationPropertiesBindingPostProcessor'
2025-03-17 10:01:05 [main] DEBUG o.s.b.f.s.DefaultListableBeanFactory - Creating shared instance of singleton bean 'org.springframework.boot.context.internalConfigurationPropertiesBinder'
2025-03-17 10:01:05 [main] DEBUG o.s.b.f.s.DefaultListableBeanFactory - Creating shared instance of singleton bean 'org.springframework.boot.context.internalConfigurationPropertiesBinderFactory'
2025-03-17 10:01:05 [main] DEBUG o.s.b.f.s.DefaultListableBeanFactory - Creating shared instance of singleton bean 'configurationPropertiesBeans'
2025-03-17 10:01:05 [main] DEBUG o.s.b.f.s.DefaultListableBeanFactory - Creating shared instance of singleton bean 'bootstrapImportSelectorConfiguration'
2025-03-17 10:01:05 [main] DEBUG o.s.b.f.s.DefaultListableBeanFactory - Creating shared instance of singleton bean 'org.springframework.cloud.bootstrap.config.PropertySourceBootstrapConfiguration'
2025-03-17 10:01:05 [main] DEBUG o.s.b.f.s.DefaultListableBeanFactory - Creating shared instance of singleton bean 'nacosPropertySourceLocator'
2025-03-17 10:01:05 [main] DEBUG o.s.b.f.s.DefaultListableBeanFactory - Creating shared instance of singleton bean 'com.alibaba.cloud.nacos.NacosConfigBootstrapConfiguration'
2025-03-17 10:01:05 [main] DEBUG o.s.b.f.s.DefaultListableBeanFactory - Creating shared instance of singleton bean 'nacosConfigManager'
2025-03-17 10:01:05 [main] DEBUG o.s.b.f.s.DefaultListableBeanFactory - Creating shared instance of singleton bean 'nacosConfigProperties'
2025-03-17 10:01:05 [main] DEBUG o.s.b.f.s.DefaultListableBeanFactory - Creating shared instance of singleton bean 'org.springframework.boot.context.properties.BoundConfigurationProperties'
2025-03-17 10:01:05 [main] DEBUG o.s.b.f.s.DefaultListableBeanFactory - Autowiring by type from bean name 'nacosConfigManager' via factory method to bean named 'nacosConfigProperties'
2025-03-17 10:01:05 [main] DEBUG o.s.b.f.s.DefaultListableBeanFactory - Autowiring by type from bean name 'nacosPropertySourceLocator' via factory method to bean named 'nacosConfigManager'
2025-03-17 10:01:05 [main] DEBUG o.s.b.f.s.DefaultListableBeanFactory - Creating shared instance of singleton bean 'org.springframework.boot.context.properties.EnableConfigurationPropertiesRegistrar.methodValidationExcludeFilter'
2025-03-17 10:01:05 [main] DEBUG o.s.b.f.s.DefaultListableBeanFactory - Creating shared instance of singleton bean 'spring.cloud.config-org.springframework.cloud.bootstrap.config.PropertySourceBootstrapProperties'
2025-03-17 10:01:05 [main] DEBUG o.s.b.f.s.DefaultListableBeanFactory - Creating shared instance of singleton bean 'org.springframework.cloud.bootstrap.encrypt.EncryptionBootstrapConfiguration'
2025-03-17 10:01:05 [main] DEBUG o.s.b.f.s.DefaultListableBeanFactory - Creating shared instance of singleton bean 'keyProperties'
2025-03-17 10:01:05 [main] DEBUG o.s.b.f.s.DefaultListableBeanFactory - Creating shared instance of singleton bean 'environmentDecryptApplicationListener'
2025-03-17 10:01:05 [main] DEBUG o.s.b.f.s.DefaultListableBeanFactory - Autowiring by type from bean name 'environmentDecryptApplicationListener' via factory method to bean named 'org.springframework.context.annotation.AnnotationConfigApplicationContext@1df8da7a'
2025-03-17 10:01:05 [main] DEBUG o.s.b.f.s.DefaultListableBeanFactory - Autowiring by type from bean name 'environmentDecryptApplicationListener' via factory method to bean named 'keyProperties'
2025-03-17 10:01:05 [main] DEBUG o.s.b.f.s.DefaultListableBeanFactory - Creating shared instance of singleton bean 'org.springframework.cloud.autoconfigure.ConfigurationPropertiesRebinderAutoConfiguration'
2025-03-17 10:01:05 [main] DEBUG o.s.b.f.s.DefaultListableBeanFactory - Creating shared instance of singleton bean 'configurationPropertiesRebinder'
2025-03-17 10:01:05 [main] DEBUG o.s.b.f.s.DefaultListableBeanFactory - Autowiring by type from bean name 'configurationPropertiesRebinder' via factory method to bean named 'configurationPropertiesBeans'
2025-03-17 10:01:05 [main] DEBUG o.s.b.f.s.DefaultListableBeanFactory - Creating shared instance of singleton bean 'org.springframework.boot.autoconfigure.context.PropertyPlaceholderAutoConfiguration'
2025-03-17 10:01:05 [main] DEBUG o.s.b.a.l.ConditionEvaluationReportLoggingListener - 


============================
CONDITIONS EVALUATION REPORT
============================


Positive matches:
-----------------

   ConfigurationPropertiesRebinderAutoConfiguration matched:
      - @ConditionalOnBean (types: org.springframework.boot.context.properties.ConfigurationPropertiesBindingPostProcessor; SearchStrategy: all) found bean 'org.springframework.boot.context.properties.ConfigurationPropertiesBindingPostProcessor' (OnBeanCondition)

   ConfigurationPropertiesRebinderAutoConfiguration#configurationPropertiesBeans matched:
      - @ConditionalOnMissingBean (types: org.springframework.cloud.context.properties.ConfigurationPropertiesBeans; SearchStrategy: current) did not find any beans (OnBeanCondition)

   ConfigurationPropertiesRebinderAutoConfiguration#configurationPropertiesRebinder matched:
      - @ConditionalOnMissingBean (types: org.springframework.cloud.context.properties.ConfigurationPropertiesRebinder; SearchStrategy: current) did not find any beans (OnBeanCondition)

   EncryptionBootstrapConfiguration matched:
      - @ConditionalOnClass found required class 'org.springframework.security.crypto.encrypt.TextEncryptor' (OnClassCondition)

   EncryptionBootstrapConfiguration#keyProperties matched:
      - @ConditionalOnMissingBean (types: org.springframework.cloud.bootstrap.encrypt.KeyProperties; SearchStrategy: all) did not find any beans (OnBeanCondition)

   NacosConfigBootstrapConfiguration matched:
      - @ConditionalOnProperty (spring.cloud.nacos.config.enabled) matched (OnPropertyCondition)

   NacosConfigBootstrapConfiguration#nacosConfigManager matched:
      - @ConditionalOnMissingBean (types: com.alibaba.cloud.nacos.NacosConfigManager; SearchStrategy: all) did not find any beans (OnBeanCondition)

   NacosConfigBootstrapConfiguration#nacosConfigProperties matched:
      - @ConditionalOnMissingBean (types: com.alibaba.cloud.nacos.NacosConfigProperties; SearchStrategy: all) did not find any beans (OnBeanCondition)

   PropertyPlaceholderAutoConfiguration#propertySourcesPlaceholderConfigurer matched:
      - @ConditionalOnMissingBean (types: org.springframework.context.support.PropertySourcesPlaceholderConfigurer; SearchStrategy: current) did not find any beans (OnBeanCondition)


Negative matches:
-----------------

   EncryptionBootstrapConfiguration.RsaEncryptionConfiguration:
      Did not match:
         - Keystore nor key found in Environment (EncryptionBootstrapConfiguration.KeyCondition)
      Matched:
         - @ConditionalOnClass found required class 'org.springframework.security.rsa.crypto.RsaSecretEncryptor' (OnClassCondition)

   EncryptionBootstrapConfiguration.VanillaEncryptionConfiguration:
      Did not match:
         - @ConditionalOnMissingClass found unwanted class 'org.springframework.security.rsa.crypto.RsaSecretEncryptor' (OnClassCondition)

   NacosDiscoveryClientConfigServiceBootstrapConfiguration:
      Did not match:
         - @ConditionalOnClass did not find required class 'org.springframework.cloud.config.client.ConfigServicePropertySourceLocator' (OnClassCondition)


Exclusions:
-----------

    None


Unconditional classes:
----------------------

    None



2025-03-17 10:01:05 [main] DEBUG o.s.c.e.PropertySourcesPropertyResolver - Found key 'spring.liveBeansView.mbeanDomain' in PropertySource 'systemProperties' with value of type String
2025-03-17 10:01:05 [main] DEBUG c.a.c.n.c.NacosPropertySourceBuilder - Loading nacos data, dataId: 'mock-ielts-app-dev.yaml', group: 'DEFAULT_GROUP', data: spring:
  datasource:
    url: jdbc:mysql://localhost:3306/mock_ielts?setUnicode=true&characterEncoding=utf8
    username: root
    password: cxdpassword
    driver-class-name: com.mysql.cj.jdbc.Driver


2025-03-17 10:01:05 [main] DEBUG o.s.boot.env.OriginTrackedYamlLoader - Loading from YAML: Byte array resource [mock-ielts-app-dev.yaml]
2025-03-17 10:01:05 [main] DEBUG o.s.boot.env.OriginTrackedYamlLoader - Merging document (no matchers set): {spring={datasource={url=jdbc:mysql://localhost:3306/mock_ielts?setUnicode=true&characterEncoding=utf8, username=root, password=cxdpassword, driver-class-name=com.mysql.cj.jdbc.Driver}}}
2025-03-17 10:01:05 [main] DEBUG o.s.boot.env.OriginTrackedYamlLoader - Loaded 1 document from YAML resource: Byte array resource [mock-ielts-app-dev.yaml]
2025-03-17 10:01:05 [main] WARN  c.a.c.n.c.NacosPropertySourceBuilder - Ignore the empty nacos configuration and get it based on dataId[mock-ielts-topic] & group[DEFAULT_GROUP]
2025-03-17 10:01:05 [main] WARN  c.a.c.n.c.NacosPropertySourceBuilder - Ignore the empty nacos configuration and get it based on dataId[mock-ielts-topic.yml] & group[DEFAULT_GROUP]
2025-03-17 10:01:05 [main] INFO  o.s.c.b.c.PropertySourceBootstrapConfiguration - Located property source: [BootstrapPropertySource@1527007086 {name='bootstrapProperties-mock-ielts-topic.yml,DEFAULT_GROUP', properties={}}, BootstrapPropertySource@1523649562 {name='bootstrapProperties-mock-ielts-topic,DEFAULT_GROUP', properties={}}, BootstrapPropertySource@1807176280 {name='bootstrapProperties-mock-ielts-app-dev.yaml,DEFAULT_GROUP', properties={spring.datasource.url=jdbc:mysql://localhost:3306/mock_ielts?setUnicode=true&characterEncoding=utf8, spring.datasource.username=root, spring.datasource.password=cxdpassword, spring.datasource.driver-class-name=com.mysql.cj.jdbc.Driver}}]
2025-03-17 10:01:05 [main] INFO  com.MockIeltsTopicApplication - No active profile set, falling back to 1 default profile: "default"
2025-03-17 10:01:05 [main] DEBUG o.s.boot.SpringApplication - Loading source class com.MockIeltsTopicApplication,class org.springframework.cloud.bootstrap.BootstrapApplicationListener$BootstrapMarkerConfiguration
2025-03-17 10:01:05 [main] DEBUG o.s.b.w.s.c.AnnotationConfigServletWebServerApplicationContext - Refreshing org.springframework.boot.web.servlet.context.AnnotationConfigServletWebServerApplicationContext@66b7550d
2025-03-17 10:01:05 [main] DEBUG o.s.b.f.s.DefaultListableBeanFactory - Creating shared instance of singleton bean 'org.springframework.context.annotation.internalConfigurationAnnotationProcessor'
2025-03-17 10:01:05 [main] DEBUG o.s.b.f.s.DefaultListableBeanFactory - Creating shared instance of singleton bean 'org.springframework.boot.autoconfigure.internalCachingMetadataReaderFactory'
2025-03-17 10:01:06 [main] DEBUG o.s.c.a.ClassPathBeanDefinitionScanner - Identified candidate component class: file [D:\a毕设\项目文件夹\后端\新建无权限\mock-ielts-app\mock-ielts-topic\target\classes\com\apps\config\CorsConfig.class]
2025-03-17 10:01:06 [main] DEBUG o.s.c.a.ClassPathBeanDefinitionScanner - Identified candidate component class: file [D:\a毕设\项目文件夹\后端\新建无权限\mock-ielts-app\mock-ielts-topic\target\classes\com\apps\controller\read\AnswerController.class]
2025-03-17 10:01:06 [main] DEBUG o.s.c.a.ClassPathBeanDefinitionScanner - Identified candidate component class: file [D:\a毕设\项目文件夹\后端\新建无权限\mock-ielts-app\mock-ielts-topic\target\classes\com\apps\controller\read\ReadingController.class]
2025-03-17 10:01:06 [main] DEBUG o.s.c.a.ClassPathBeanDefinitionScanner - Identified candidate component class: file [D:\a毕设\项目文件夹\后端\新建无权限\mock-ielts-app\mock-ielts-topic\target\classes\com\apps\controller\write\WritingAnswerController.class]
2025-03-17 10:01:06 [main] DEBUG o.s.c.a.ClassPathBeanDefinitionScanner - Identified candidate component class: file [D:\a毕设\项目文件夹\后端\新建无权限\mock-ielts-app\mock-ielts-topic\target\classes\com\apps\controller\write\WritingQuestionController.class]
2025-03-17 10:01:06 [main] DEBUG o.s.c.a.ClassPathBeanDefinitionScanner - Identified candidate component class: file [D:\a毕设\项目文件夹\后端\新建无权限\mock-ielts-app\mock-ielts-topic\target\classes\com\apps\service\read\AnswerService.class]
2025-03-17 10:01:06 [main] DEBUG o.s.c.a.ClassPathBeanDefinitionScanner - Identified candidate component class: file [D:\a毕设\项目文件夹\后端\新建无权限\mock-ielts-app\mock-ielts-topic\target\classes\com\apps\service\read\ReadingService.class]
2025-03-17 10:01:06 [main] DEBUG o.s.c.a.ClassPathBeanDefinitionScanner - Identified candidate component class: file [D:\a毕设\项目文件夹\后端\新建无权限\mock-ielts-app\mock-ielts-topic\target\classes\com\apps\service\write\WritingAnswerService.class]
2025-03-17 10:01:06 [main] DEBUG o.s.c.a.ClassPathBeanDefinitionScanner - Identified candidate component class: file [D:\a毕设\项目文件夹\后端\新建无权限\mock-ielts-app\mock-ielts-topic\target\classes\com\apps\service\write\WritingQuestionService.class]
2025-03-17 10:01:06 [main] DEBUG o.s.c.a.ClassPathBeanDefinitionScanner - Identified candidate component class: URL [jar:file:/D:/JavaDevelopment/maven/apache-maven-3.6.2/maven_base/com/alibaba/cloud/spring-cloud-starter-alibaba-nacos-discovery/2021.0.1.0/spring-cloud-starter-alibaba-nacos-discovery-2021.0.1.0.jar!/com/alibaba/cloud/nacos/loadbalancer/NacosLoadBalancerClientConfiguration.class]
2025-03-17 10:01:06 [main] DEBUG o.s.c.a.ClassPathBeanDefinitionScanner - Identified candidate component class: URL [jar:file:/D:/JavaDevelopment/maven/apache-maven-3.6.2/maven_base/com/alibaba/cloud/spring-cloud-starter-alibaba-nacos-discovery/2021.0.1.0/spring-cloud-starter-alibaba-nacos-discovery-2021.0.1.0.jar!/com/alibaba/cloud/nacos/loadbalancer/NacosLoadBalancerClientConfiguration$BlockingSupportConfiguration.class]
2025-03-17 10:01:06 [main] DEBUG o.s.c.a.ClassPathBeanDefinitionScanner - Identified candidate component class: URL [jar:file:/D:/JavaDevelopment/maven/apache-maven-3.6.2/maven_base/com/alibaba/cloud/spring-cloud-starter-alibaba-nacos-config/2021.0.1.0/spring-cloud-starter-alibaba-nacos-config-2021.0.1.0.jar!/com/alibaba/cloud/nacos/NacosConfigBootstrapConfiguration.class]
2025-03-17 10:01:06 [main] DEBUG o.s.c.a.ClassPathBeanDefinitionScanner - Identified candidate component class: URL [jar:file:/D:/JavaDevelopment/maven/apache-maven-3.6.2/maven_base/com/alibaba/cloud/spring-cloud-starter-alibaba-sentinel/2021.0.1.0/spring-cloud-starter-alibaba-sentinel-2021.0.1.0.jar!/com/alibaba/cloud/sentinel/custom/SentinelAutoConfiguration$SentinelConverterConfiguration.class]
2025-03-17 10:01:06 [main] DEBUG o.s.c.a.ClassPathBeanDefinitionScanner - Identified candidate component class: URL [jar:file:/D:/JavaDevelopment/maven/apache-maven-3.6.2/maven_base/com/alibaba/cloud/spring-cloud-starter-alibaba-sentinel/2021.0.1.0/spring-cloud-starter-alibaba-sentinel-2021.0.1.0.jar!/com/alibaba/cloud/sentinel/custom/SentinelAutoConfiguration$SentinelConverterConfiguration$SentinelJsonConfiguration.class]
2025-03-17 10:01:06 [main] DEBUG o.s.c.a.ClassPathBeanDefinitionScanner - Identified candidate component class: URL [jar:file:/D:/JavaDevelopment/maven/apache-maven-3.6.2/maven_base/com/alibaba/cloud/spring-cloud-starter-alibaba-sentinel/2021.0.1.0/spring-cloud-starter-alibaba-sentinel-2021.0.1.0.jar!/com/alibaba/cloud/sentinel/custom/SentinelCircuitBreakerConfiguration.class]
2025-03-17 10:01:06 [main] DEBUG o.s.c.a.ClassPathBeanDefinitionScanner - Identified candidate component class: URL [jar:file:/D:/JavaDevelopment/maven/apache-maven-3.6.2/maven_base/com/alibaba/fastjson/1.2.75/fastjson-1.2.75.jar!/com/alibaba/fastjson/support/spring/JSONPResponseBodyAdvice.class]
2025-03-17 10:01:06 [main] DEBUG o.s.c.a.ClassPathBeanDefinitionScanner - Identified candidate component class: URL [jar:file:/D:/JavaDevelopment/maven/apache-maven-3.6.2/maven_base/com/alibaba/fastjson/1.2.75/fastjson-1.2.75.jar!/com/alibaba/fastjson/support/spring/FastJsonViewResponseBodyAdvice.class]
2025-03-17 10:01:06 [main] DEBUG o.s.c.a.ClassPathBeanDefinitionScanner - Identified candidate component class: URL [jar:file:/D:/JavaDevelopment/maven/apache-maven-3.6.2/maven_base/com/alibaba/fastjson/1.2.75/fastjson-1.2.75.jar!/com/alibaba/fastjson/support/spring/FastJsonpResponseBodyAdvice.class]
2025-03-17 10:01:06 [main] DEBUG o.s.c.a.ClassPathBeanDefinitionScanner - Identified candidate component class: URL [jar:file:/D:/JavaDevelopment/maven/apache-maven-3.6.2/maven_base/com/alibaba/cloud/spring-cloud-circuitbreaker-sentinel/2021.0.1.0/spring-cloud-circuitbreaker-sentinel-2021.0.1.0.jar!/com/alibaba/cloud/circuitbreaker/sentinel/feign/SentinelFeignClientAutoConfiguration$ReactiveSentinelCustomizerConfiguration.class]
2025-03-17 10:01:07 [main] DEBUG o.s.c.a.ClassPathBeanDefinitionScanner - Identified candidate component class: URL [jar:file:/D:/JavaDevelopment/maven/apache-maven-3.6.2/maven_base/com/alibaba/cloud/spring-cloud-circuitbreaker-sentinel/2021.0.1.0/spring-cloud-circuitbreaker-sentinel-2021.0.1.0.jar!/com/alibaba/cloud/circuitbreaker/sentinel/feign/SentinelFeignClientAutoConfiguration$CircuitBreakerNameResolverConfiguration.class]
2025-03-17 10:01:07 [main] DEBUG o.s.c.a.ClassPathBeanDefinitionScanner - Identified candidate component class: URL [jar:file:/D:/JavaDevelopment/maven/apache-maven-3.6.2/maven_base/com/alibaba/cloud/spring-cloud-circuitbreaker-sentinel/2021.0.1.0/spring-cloud-circuitbreaker-sentinel-2021.0.1.0.jar!/com/alibaba/cloud/circuitbreaker/sentinel/feign/SentinelFeignClientAutoConfiguration$CircuitBreakerListenerConfiguration.class]
2025-03-17 10:01:07 [main] DEBUG o.s.c.a.ClassPathBeanDefinitionScanner - Identified candidate component class: URL [jar:file:/D:/JavaDevelopment/maven/apache-maven-3.6.2/maven_base/com/alibaba/cloud/spring-cloud-circuitbreaker-sentinel/2021.0.1.0/spring-cloud-circuitbreaker-sentinel-2021.0.1.0.jar!/com/alibaba/cloud/circuitbreaker/sentinel/feign/SentinelFeignClientAutoConfiguration$SentinelCustomizerConfiguration.class]
2025-03-17 10:01:07 [main] INFO  o.s.d.r.c.RepositoryConfigurationDelegate - Bootstrapping Spring Data JPA repositories in DEFAULT mode.
2025-03-17 10:01:07 [main] DEBUG o.s.b.f.s.DefaultListableBeanFactory - Creating shared instance of singleton bean 'org.springframework.boot.autoconfigure.AutoConfigurationPackages'
2025-03-17 10:01:07 [main] DEBUG o.s.b.a.AutoConfigurationPackages - @EnableAutoConfiguration was declared on a class in the package 'com'. Automatic @Repository and @Entity scanning is enabled.
2025-03-17 10:01:07 [main] DEBUG o.s.d.r.c.RepositoryConfigurationDelegate - Scanning for JPA repositories in packages com.
2025-03-17 10:01:07 [main] DEBUG o.s.c.t.filter.AnnotationTypeFilter - Could not read super class [org.eclipse.swt.dnd.ByteArrayTransfer] of type-filtered class [com.sun.glass.ui.swt.CustomTransfer]
2025-03-17 10:01:07 [main] DEBUG o.s.c.t.filter.AnnotationTypeFilter - Could not read interface [org.eclipse.swt.dnd.DragSourceListener] for type-filtered class [com.sun.glass.ui.swt.SWTClipboard$1]
2025-03-17 10:01:07 [main] DEBUG o.s.c.t.filter.AnnotationTypeFilter - Could not read interface [org.eclipse.swt.dnd.DropTargetListener] for type-filtered class [com.sun.glass.ui.swt.SWTClipboard$2]
2025-03-17 10:01:07 [main] DEBUG o.s.c.t.filter.AnnotationTypeFilter - Could not read interface [org.eclipse.swt.widgets.Listener] for type-filtered class [com.sun.glass.ui.swt.SWTMenuDelegate$1]
2025-03-17 10:01:07 [main] DEBUG o.s.c.t.filter.AnnotationTypeFilter - Could not read interface [org.eclipse.swt.widgets.Listener] for type-filtered class [com.sun.glass.ui.swt.SWTMenuDelegate$2]
2025-03-17 10:01:07 [main] DEBUG o.s.c.t.filter.AnnotationTypeFilter - Could not read super class [com.codahale.metrics.health.HealthCheck] of type-filtered class [com.zaxxer.hikari.metrics.dropwizard.CodahaleHealthChecker$Connection99Percent]
2025-03-17 10:01:07 [main] DEBUG o.s.c.t.filter.AnnotationTypeFilter - Could not read super class [com.codahale.metrics.health.HealthCheck] of type-filtered class [com.zaxxer.hikari.metrics.dropwizard.CodahaleHealthChecker$ConnectivityHealthCheck]
2025-03-17 10:01:08 [main] DEBUG o.s.c.t.filter.AnnotationTypeFilter - Could not read interface [org.jvnet.fastinfoset.VocabularyApplicationData] for type-filtered class [com.sun.xml.bind.v2.runtime.output.FastInfosetStreamWriterOutput$AppData]
2025-03-17 10:01:08 [main] DEBUG o.s.c.t.filter.AnnotationTypeFilter - Could not read interface [com.mchange.v2.c3p0.QueryConnectionTester] for type-filtered class [com.mysql.cj.jdbc.integration.c3p0.MysqlConnectionTester]
2025-03-17 10:01:08 [main] DEBUG o.s.c.t.filter.AnnotationTypeFilter - Could not read super class [org.springframework.boot.actuate.health.AbstractHealthIndicator] of type-filtered class [com.alibaba.cloud.nacos.discovery.actuate.health.NacosDiscoveryHealthIndicator]
2025-03-17 10:01:08 [main] DEBUG o.s.c.t.filter.AnnotationTypeFilter - Could not read super class [org.springframework.boot.actuate.health.AbstractHealthIndicator] of type-filtered class [com.alibaba.cloud.nacos.endpoint.NacosConfigHealthIndicator]
2025-03-17 10:01:08 [main] DEBUG o.s.c.t.filter.AnnotationTypeFilter - Could not read super class [org.springframework.boot.actuate.health.AbstractHealthIndicator] of type-filtered class [com.alibaba.cloud.sentinel.endpoint.SentinelHealthIndicator]
2025-03-17 10:01:08 [main] DEBUG o.s.c.t.filter.AnnotationTypeFilter - Could not read super class [retrofit2.Converter$Factory] of type-filtered class [com.alibaba.fastjson.support.retrofit.Retrofit2ConverterFactory]
2025-03-17 10:01:08 [main] DEBUG o.s.c.t.filter.AnnotationTypeFilter - Could not read interface [retrofit2.Converter] for type-filtered class [com.alibaba.fastjson.support.retrofit.Retrofit2ConverterFactory$RequestBodyConverter]
2025-03-17 10:01:08 [main] DEBUG o.s.c.t.filter.AnnotationTypeFilter - Could not read interface [retrofit2.Converter] for type-filtered class [com.alibaba.fastjson.support.retrofit.Retrofit2ConverterFactory$ResponseBodyConverter]
2025-03-17 10:01:08 [main] DEBUG o.s.c.t.filter.AnnotationTypeFilter - Could not read interface [org.glassfish.jersey.internal.spi.AutoDiscoverable] for type-filtered class [com.alibaba.fastjson.support.jaxrs.FastJsonAutoDiscoverable]
2025-03-17 10:01:08 [main] DEBUG o.s.c.t.filter.AnnotationTypeFilter - Could not read interface [org.springframework.data.redis.serializer.RedisSerializer] for type-filtered class [com.alibaba.fastjson.support.spring.GenericFastJsonRedisSerializer]
2025-03-17 10:01:08 [main] DEBUG o.s.c.t.filter.AnnotationTypeFilter - Could not read interface [org.springframework.data.redis.serializer.RedisSerializer] for type-filtered class [com.alibaba.fastjson.support.spring.FastJsonRedisSerializer]
2025-03-17 10:01:08 [main] DEBUG o.s.c.t.filter.AnnotationTypeFilter - Could not read super class [org.springframework.web.socket.sockjs.frame.AbstractSockJsMessageCodec] of type-filtered class [com.alibaba.fastjson.support.spring.FastjsonSockJsMessageCodec]
2025-03-17 10:01:08 [main] DEBUG o.s.c.t.filter.AnnotationTypeFilter - Could not read super class [org.springframework.messaging.converter.AbstractMessageConverter] of type-filtered class [com.alibaba.fastjson.support.spring.messaging.MappingFastJsonMessageConverter]
2025-03-17 10:01:08 [main] DEBUG o.s.c.t.filter.AnnotationTypeFilter - Could not read interface [org.springframework.web.reactive.function.server.ServerResponse$Context] for type-filtered class [com.alibaba.csp.sentinel.adapter.spring.webflux.exception.SentinelBlockExceptionHandler$1]
2025-03-17 10:01:08 [main] DEBUG o.s.c.t.filter.AnnotationTypeFilter - Could not read super class [com.aliyun.odps.udf.UDF] of type-filtered class [com.alibaba.druid.support.opds.udf.ExportConditionColumns]
2025-03-17 10:01:08 [main] DEBUG o.s.c.t.filter.AnnotationTypeFilter - Could not read super class [com.aliyun.odps.udf.UDF] of type-filtered class [com.alibaba.druid.support.opds.udf.SqlParamsFill]
2025-03-17 10:01:08 [main] DEBUG o.s.c.t.filter.AnnotationTypeFilter - Could not read super class [com.aliyun.odps.udf.UDF] of type-filtered class [com.alibaba.druid.support.opds.udf.SqlParams]
2025-03-17 10:01:08 [main] DEBUG o.s.c.t.filter.AnnotationTypeFilter - Could not read super class [com.aliyun.odps.udf.UDF] of type-filtered class [com.alibaba.druid.support.opds.udf.ExportConditions]
2025-03-17 10:01:08 [main] DEBUG o.s.c.t.filter.AnnotationTypeFilter - Could not read super class [com.aliyun.odps.udf.UDF] of type-filtered class [com.alibaba.druid.support.opds.udf.SqlCodeStat]
2025-03-17 10:01:08 [main] DEBUG o.s.c.t.filter.AnnotationTypeFilter - Could not read super class [com.ibatis.sqlmap.engine.impl.SqlMapClientImpl] of type-filtered class [com.alibaba.druid.support.ibatis.SqlMapClientImplWrapper]
2025-03-17 10:01:08 [main] DEBUG o.s.c.t.filter.AnnotationTypeFilter - Could not read super class [com.aliyun.odps.udf.UDF] of type-filtered class [com.alibaba.druid.support.opds.udf.SqlSyntaxCheck]
2025-03-17 10:01:08 [main] DEBUG o.s.c.t.filter.AnnotationTypeFilter - Could not read super class [com.aliyun.odps.udf.UDF] of type-filtered class [com.alibaba.druid.support.opds.udf.MetaSqlExtract]
2025-03-17 10:01:08 [main] DEBUG o.s.c.t.filter.AnnotationTypeFilter - Could not read interface [com.ibatis.sqlmap.client.SqlMapExecutor] for type-filtered class [com.alibaba.druid.support.ibatis.SqlMapExecutorWrapper]
2025-03-17 10:01:08 [main] DEBUG o.s.c.t.filter.AnnotationTypeFilter - Could not read super class [com.aliyun.odps.udf.UDF] of type-filtered class [com.alibaba.druid.support.opds.udf.ExportTables]
2025-03-17 10:01:08 [main] DEBUG o.s.c.t.filter.AnnotationTypeFilter - Could not read interface [com.ibatis.sqlmap.client.SqlMapExecutor] for type-filtered class [com.alibaba.druid.support.ibatis.SqlMapExecutorWrapper]
2025-03-17 10:01:08 [main] DEBUG o.s.c.t.filter.AnnotationTypeFilter - Could not read interface [com.ibatis.sqlmap.client.SqlMapSession] for type-filtered class [com.alibaba.druid.support.ibatis.SqlMapSessionWrapper]
2025-03-17 10:01:08 [main] DEBUG o.s.c.t.filter.AnnotationTypeFilter - Could not read super class [org.apache.calcite.sql.SqlSelect] of type-filtered class [com.alibaba.druid.support.calcite.TDDLSqlSelect]
2025-03-17 10:01:08 [main] DEBUG o.s.c.t.filter.AnnotationTypeFilter - Could not read interface [org.quartz.utils.ConnectionProvider] for type-filtered class [com.alibaba.druid.support.quartz.DruidQuartzConnectionProvider]
2025-03-17 10:01:08 [main] DEBUG o.s.c.t.filter.AnnotationTypeFilter - Could not read super class [org.springframework.jdbc.support.nativejdbc.NativeJdbcExtractorAdapter] of type-filtered class [com.alibaba.druid.support.spring.DruidNativeJdbcExtractor]
2025-03-17 10:01:08 [main] DEBUG o.s.c.t.filter.AnnotationTypeFilter - Could not read super class [com.aliyun.odps.udf.UDF] of type-filtered class [com.alibaba.druid.support.opds.udf.ExportColumns]
2025-03-17 10:01:08 [main] DEBUG o.s.c.t.filter.AnnotationTypeFilter - Could not read super class [com.sun.tools.jconsole.JConsolePlugin] of type-filtered class [com.alibaba.druid.support.jconsole.DruidPlugin]
2025-03-17 10:01:08 [main] DEBUG o.s.c.t.filter.AnnotationTypeFilter - Could not read super class [com.aliyun.odps.udf.UDF] of type-filtered class [com.alibaba.druid.support.opds.udf.ExportSelectListColumns]
2025-03-17 10:01:08 [main] DEBUG o.s.c.t.filter.AnnotationTypeFilter - Could not read super class [com.aliyun.odps.udf.UDF] of type-filtered class [com.alibaba.druid.support.opds.udf.SqlTypeUDF]
2025-03-17 10:01:08 [main] DEBUG o.s.c.t.filter.AnnotationTypeFilter - Could not read super class [com.aliyun.odps.udf.UDF] of type-filtered class [com.alibaba.druid.support.opds.udf.ExportFunctions]
2025-03-17 10:01:08 [main] DEBUG o.s.c.t.filter.AnnotationTypeFilter - Could not read interface [com.ibatis.sqlmap.engine.datasource.DataSourceFactory] for type-filtered class [com.alibaba.druid.support.ibatis.DruidDataSourceFactory]
2025-03-17 10:01:08 [main] DEBUG o.s.c.t.filter.AnnotationTypeFilter - Could not read super class [org.apache.calcite.sql.SqlBasicCall] of type-filtered class [com.alibaba.druid.support.calcite.CalciteSqlBasicCall]
2025-03-17 10:01:08 [main] DEBUG o.s.c.t.filter.AnnotationTypeFilter - Could not read super class [com.aliyun.odps.udf.UDF] of type-filtered class [com.alibaba.druid.support.opds.udf.SqlPattern]
2025-03-17 10:01:08 [main] DEBUG o.s.c.t.filter.AnnotationTypeFilter - Could not read super class [com.aliyun.odps.udf.UDF] of type-filtered class [com.alibaba.druid.support.opds.udf.SqlFormat]
2025-03-17 10:01:08 [main] DEBUG o.s.c.t.filter.AnnotationTypeFilter - Could not read interface [com.ibatis.sqlmap.client.SqlMapExecutor] for type-filtered class [com.alibaba.druid.support.ibatis.SqlMapExecutorWrapper]
2025-03-17 10:01:08 [main] DEBUG o.s.c.t.filter.AnnotationTypeFilter - Could not read interface [com.ibatis.sqlmap.client.SqlMapClient] for type-filtered class [com.alibaba.druid.support.ibatis.SqlMapClientWrapper]
2025-03-17 10:01:08 [main] DEBUG o.s.c.t.filter.AnnotationTypeFilter - Could not read interface [com.ibatis.sqlmap.engine.impl.ExtendedSqlMapClient] for type-filtered class [com.alibaba.druid.support.ibatis.SqlMapClientWrapper]
2025-03-17 10:01:08 [main] DEBUG o.s.c.t.filter.AnnotationTypeFilter - Could not read super class [com.aliyun.odps.udf.UDF] of type-filtered class [com.alibaba.druid.support.opds.udf.SqlPatternHash]
2025-03-17 10:01:08 [main] DEBUG o.s.c.t.filter.AnnotationTypeFilter - Could not read interface [org.osjava.sj.loader.convert.Converter] for type-filtered class [com.alibaba.druid.support.simplejndi.DruidDataSourceConverter]
2025-03-17 10:01:08 [main] DEBUG o.s.c.t.filter.AnnotationTypeFilter - Could not read interface [org.apache.curator.framework.recipes.cache.PathChildrenCacheListener] for type-filtered class [com.alibaba.druid.pool.ha.node.ZookeeperNodeListener$1]
2025-03-17 10:01:08 [main] INFO  o.s.d.r.c.RepositoryConfigurationDelegate - Finished Spring Data repository scanning in 1185 ms. Found 0 JPA repository interfaces.
2025-03-17 10:01:09 [main] DEBUG o.s.b.f.s.DefaultListableBeanFactory - Creating shared instance of singleton bean 'refreshScope'
2025-03-17 10:01:09 [main] DEBUG o.s.b.f.s.DefaultListableBeanFactory - Creating shared instance of singleton bean 'com.MockIeltsTopicApplication#MapperScannerRegistrar#0'
2025-03-17 10:01:09 [main] DEBUG o.s.b.f.s.DefaultListableBeanFactory - Creating shared instance of singleton bean 'org.springframework.cloud.autoconfigure.RefreshAutoConfiguration$RefreshScopeBeanDefinitionEnhancer'
2025-03-17 10:01:09 [main] DEBUG o.s.b.f.s.DefaultListableBeanFactory - Creating shared instance of singleton bean 'propertySourcesPlaceholderConfigurer'
2025-03-17 10:01:09 [main] DEBUG org.apache.ibatis.logging.LogFactory - Logging initialized using 'class org.apache.ibatis.logging.slf4j.Slf4jImpl' adapter.
2025-03-17 10:01:09 [main] DEBUG o.m.s.mapper.ClassPathMapperScanner - Identified candidate component class: file [D:\a毕设\项目文件夹\后端\新建无权限\mock-ielts-app\mock-ielts-topic\target\classes\com\apps\mapper\read\AnswerMapper.class]
2025-03-17 10:01:09 [main] DEBUG o.m.s.mapper.ClassPathMapperScanner - Identified candidate component class: file [D:\a毕设\项目文件夹\后端\新建无权限\mock-ielts-app\mock-ielts-topic\target\classes\com\apps\mapper\read\QuestionMapper.class]
2025-03-17 10:01:09 [main] DEBUG o.m.s.mapper.ClassPathMapperScanner - Identified candidate component class: file [D:\a毕设\项目文件夹\后端\新建无权限\mock-ielts-app\mock-ielts-topic\target\classes\com\apps\mapper\read\ReadingMapper.class]
2025-03-17 10:01:09 [main] DEBUG o.m.s.mapper.ClassPathMapperScanner - Identified candidate component class: file [D:\a毕设\项目文件夹\后端\新建无权限\mock-ielts-app\mock-ielts-topic\target\classes\com\apps\mapper\read\UserAnswerDetailMapper.class]
2025-03-17 10:01:09 [main] DEBUG o.m.s.mapper.ClassPathMapperScanner - Identified candidate component class: file [D:\a毕设\项目文件夹\后端\新建无权限\mock-ielts-app\mock-ielts-topic\target\classes\com\apps\mapper\read\UserAnswerRecordMapper.class]
2025-03-17 10:01:09 [main] DEBUG o.m.s.mapper.ClassPathMapperScanner - Identified candidate component class: file [D:\a毕设\项目文件夹\后端\新建无权限\mock-ielts-app\mock-ielts-topic\target\classes\com\apps\mapper\write\WritingAnswerDetailMapper.class]
2025-03-17 10:01:09 [main] DEBUG o.m.s.mapper.ClassPathMapperScanner - Identified candidate component class: file [D:\a毕设\项目文件夹\后端\新建无权限\mock-ielts-app\mock-ielts-topic\target\classes\com\apps\mapper\write\WritingAnswerRecordMapper.class]
2025-03-17 10:01:09 [main] DEBUG o.m.s.mapper.ClassPathMapperScanner - Identified candidate component class: file [D:\a毕设\项目文件夹\后端\新建无权限\mock-ielts-app\mock-ielts-topic\target\classes\com\apps\mapper\write\WritingQuestionMapper.class]
2025-03-17 10:01:09 [main] DEBUG o.m.s.mapper.ClassPathMapperScanner - Identified candidate component class: file [D:\a毕设\项目文件夹\后端\新建无权限\mock-ielts-app\mock-ielts-topic\target\classes\com\apps\mapper\write\WritingTaskRecordMapper.class]
2025-03-17 10:01:09 [main] DEBUG o.m.s.mapper.ClassPathMapperScanner - Creating MapperFactoryBean with name 'answerMapper' and 'com.apps.mapper.read.AnswerMapper' mapperInterface
2025-03-17 10:01:09 [main] DEBUG o.m.s.mapper.ClassPathMapperScanner - Enabling autowire by type for MapperFactoryBean with name 'answerMapper'.
2025-03-17 10:01:09 [main] DEBUG o.m.s.mapper.ClassPathMapperScanner - Creating MapperFactoryBean with name 'questionMapper' and 'com.apps.mapper.read.QuestionMapper' mapperInterface
2025-03-17 10:01:09 [main] DEBUG o.m.s.mapper.ClassPathMapperScanner - Enabling autowire by type for MapperFactoryBean with name 'questionMapper'.
2025-03-17 10:01:09 [main] DEBUG o.m.s.mapper.ClassPathMapperScanner - Creating MapperFactoryBean with name 'readingMapper' and 'com.apps.mapper.read.ReadingMapper' mapperInterface
2025-03-17 10:01:09 [main] DEBUG o.m.s.mapper.ClassPathMapperScanner - Enabling autowire by type for MapperFactoryBean with name 'readingMapper'.
2025-03-17 10:01:09 [main] DEBUG o.m.s.mapper.ClassPathMapperScanner - Creating MapperFactoryBean with name 'userAnswerDetailMapper' and 'com.apps.mapper.read.UserAnswerDetailMapper' mapperInterface
2025-03-17 10:01:09 [main] DEBUG o.m.s.mapper.ClassPathMapperScanner - Enabling autowire by type for MapperFactoryBean with name 'userAnswerDetailMapper'.
2025-03-17 10:01:09 [main] DEBUG o.m.s.mapper.ClassPathMapperScanner - Creating MapperFactoryBean with name 'userAnswerRecordMapper' and 'com.apps.mapper.read.UserAnswerRecordMapper' mapperInterface
2025-03-17 10:01:09 [main] DEBUG o.m.s.mapper.ClassPathMapperScanner - Enabling autowire by type for MapperFactoryBean with name 'userAnswerRecordMapper'.
2025-03-17 10:01:09 [main] DEBUG o.m.s.mapper.ClassPathMapperScanner - Creating MapperFactoryBean with name 'writingAnswerDetailMapper' and 'com.apps.mapper.write.WritingAnswerDetailMapper' mapperInterface
2025-03-17 10:01:09 [main] DEBUG o.m.s.mapper.ClassPathMapperScanner - Enabling autowire by type for MapperFactoryBean with name 'writingAnswerDetailMapper'.
2025-03-17 10:01:09 [main] DEBUG o.m.s.mapper.ClassPathMapperScanner - Creating MapperFactoryBean with name 'writingAnswerRecordMapper' and 'com.apps.mapper.write.WritingAnswerRecordMapper' mapperInterface
2025-03-17 10:01:09 [main] DEBUG o.m.s.mapper.ClassPathMapperScanner - Enabling autowire by type for MapperFactoryBean with name 'writingAnswerRecordMapper'.
2025-03-17 10:01:09 [main] DEBUG o.m.s.mapper.ClassPathMapperScanner - Creating MapperFactoryBean with name 'writingQuestionMapper' and 'com.apps.mapper.write.WritingQuestionMapper' mapperInterface
2025-03-17 10:01:09 [main] DEBUG o.m.s.mapper.ClassPathMapperScanner - Enabling autowire by type for MapperFactoryBean with name 'writingQuestionMapper'.
2025-03-17 10:01:09 [main] DEBUG o.m.s.mapper.ClassPathMapperScanner - Creating MapperFactoryBean with name 'writingTaskRecordMapper' and 'com.apps.mapper.write.WritingTaskRecordMapper' mapperInterface
2025-03-17 10:01:09 [main] DEBUG o.m.s.mapper.ClassPathMapperScanner - Enabling autowire by type for MapperFactoryBean with name 'writingTaskRecordMapper'.
2025-03-17 10:01:09 [main] DEBUG o.s.cloud.context.scope.GenericScope - Generating bean factory id from names: [JSONPResponseBodyAdvice, answerController, answerMapper, answerService, apacheHttpClientBuilder, apacheHttpClientFactory, applicationAvailability, applicationTaskExecutor, asyncLoadBalancerInterceptor, asyncRestTemplateCustomizer, basicErrorController, beanNameHandlerMapping, beanNameViewResolver, blockingLoadBalancerClient, bootstrapApplicationListener.BootstrapMarkerConfiguration, caffeineWarnLogger, characterEncodingFilter, circuitBreakerRuleChangeListener, com.MockIeltsTopicApplication#MapperScannerRegistrar#0, com.alibaba.cloud.circuitbreaker.sentinel.ReactiveSentinelCircuitBreakerAutoConfiguration, com.alibaba.cloud.circuitbreaker.sentinel.SentinelCircuitBreakerAutoConfiguration, com.alibaba.cloud.circuitbreaker.sentinel.feign.SentinelFeignClientAutoConfiguration, com.alibaba.cloud.nacos.NacosConfigAutoConfiguration, com.alibaba.cloud.nacos.NacosServiceAutoConfiguration, com.alibaba.cloud.nacos.discovery.NacosDiscoveryAutoConfiguration, com.alibaba.cloud.nacos.discovery.NacosDiscoveryClientConfiguration, com.alibaba.cloud.nacos.registry.NacosServiceRegistryAutoConfiguration, com.alibaba.cloud.sentinel.SentinelWebAutoConfiguration, com.alibaba.cloud.sentinel.custom.SentinelAutoConfiguration, com.alibaba.cloud.sentinel.feign.SentinelFeignAutoConfiguration, com.alibaba.druid.spring.boot.autoconfigure.DruidDataSourceAutoConfigure, com.alibaba.druid.spring.boot.autoconfigure.stat.DruidFilterConfiguration, compositeCompatibilityVerifier, compositeDiscoveryClient, configurationPropertiesBeans, configurationPropertiesRebinder, configureRulesCustomizer, connManFactory, conventionErrorViewResolver, corsConfig, corsConfigurer, dataSource, dataSourceScriptDatabaseInitializer, default.org.springframework.cloud.loadbalancer.config.BlockingLoadBalancerClientAutoConfiguration.LoadBalancerClientSpecification, default.org.springframework.cloud.loadbalancer.config.LoadBalancerAutoConfiguration.LoadBalancerClientSpecification, defaultServletHandlerMapping, defaultViewResolver, defaultsBindHandlerAdvisor, dispatcherServlet, dispatcherServletRegistration, emBeanDefinitionRegistrarPostProcessor, entityManagerFactory, entityManagerFactoryBuilder, environmentManager, error, errorAttributes, errorPageCustomizer, errorPageRegistrarBeanPostProcessor, fastJsonViewResponseBodyAdvice, fastJsonpResponseBodyAdvice, feign.client-org.springframework.cloud.openfeign.FeignClientProperties, feign.encoder-org.springframework.cloud.openfeign.support.FeignEncoderProperties, feign.httpclient-org.springframework.cloud.openfeign.support.FeignHttpClientProperties, feign.sentinel-com.alibaba.cloud.circuitbreaker.sentinel.feign.SentinelFeignClientProperties, feignClient, feignClientCircuitNameResolver, feignContext, feignFeature, feignSentinelBuilder, feignTargeter, flashMapManager, formContentFilter, handlerExceptionResolver, handlerFunctionAdapter, hikariPoolDataSourceMetadataProvider, httpRequestHandlerAdapter, inetUtils, inetUtilsProperties, jacksonGeoModule, jacksonObjectMapper, jacksonObjectMapperBuilder, jdbcTemplate, jpaContext, jpaMappingContext, jpaVendorAdapter, jsonComponentModule, legacyContextRefresher, lifecycleProcessor, loadBalancedAsyncRestTemplateInitializer, loadBalancedRestTemplateInitializerDeprecated, loadBalancerClientFactory, loadBalancerClientsDefaultsMappingsProvider, loadBalancerInterceptor, loadBalancerRequestFactory, loadBalancerServiceInstanceCookieTransformer, localeCharsetMappingsCustomizer, localeResolver, loggingRebinder, mappingJackson2HttpMessageConverter, mbeanExporter, mbeanServer, messageConverters, mockIeltsTopicApplication, multipartConfigElement, multipartResolver, mvcContentNegotiationManager, mvcConversionService, mvcHandlerMappingIntrospector, mvcPathMatcher, mvcPatternParser, mvcResourceUrlProvider, mvcUriComponentsContributor, mvcUrlPathHelper, mvcValidator, mvcViewResolver, mybatis-org.mybatis.spring.boot.autoconfigure.MybatisProperties, nacosAutoServiceRegistration, nacosConfigBootstrapConfiguration, nacosConfigManager, nacosConfigProperties, nacosContextRefresher, nacosDiscoveryClient, nacosLoadBalancer, nacosLoadBalancerClientConfiguration, nacosLoadBalancerClientConfiguration.BlockingSupportConfiguration, nacosProperties, nacosPropertySourceLocator, nacosRefreshHistory, nacosRegistration, nacosServiceDiscovery, nacosServiceManager, nacosServiceRegistry, nacosWatch, namedParameterJdbcTemplate, objectNamingStrategy, openEntityManagerInViewInterceptor, openEntityManagerInViewInterceptorConfigurer, org.mybatis.spring.boot.autoconfigure.MybatisAutoConfiguration, org.mybatis.spring.boot.autoconfigure.MybatisLanguageDriverAutoConfiguration, org.springframework.aop.config.internalAutoProxyCreator, org.springframework.boot.autoconfigure.AutoConfigurationPackages, org.springframework.boot.autoconfigure.admin.SpringApplicationAdminJmxAutoConfiguration, org.springframework.boot.autoconfigure.aop.AopAutoConfiguration, org.springframework.boot.autoconfigure.aop.AopAutoConfiguration$AspectJAutoProxyingConfiguration, org.springframework.boot.autoconfigure.aop.AopAutoConfiguration$AspectJAutoProxyingConfiguration$CglibAutoProxyConfiguration, org.springframework.boot.autoconfigure.availability.ApplicationAvailabilityAutoConfiguration, org.springframework.boot.autoconfigure.context.ConfigurationPropertiesAutoConfiguration, org.springframework.boot.autoconfigure.context.LifecycleAutoConfiguration, org.springframework.boot.autoconfigure.context.PropertyPlaceholderAutoConfiguration, org.springframework.boot.autoconfigure.dao.PersistenceExceptionTranslationAutoConfiguration, org.springframework.boot.autoconfigure.data.jpa.JpaRepositoriesAutoConfiguration, org.springframework.boot.autoconfigure.data.web.SpringDataWebAutoConfiguration, org.springframework.boot.autoconfigure.http.HttpMessageConvertersAutoConfiguration, org.springframework.boot.autoconfigure.http.HttpMessageConvertersAutoConfiguration$StringHttpMessageConverterConfiguration, org.springframework.boot.autoconfigure.http.JacksonHttpMessageConvertersConfiguration, org.springframework.boot.autoconfigure.http.JacksonHttpMessageConvertersConfiguration$MappingJackson2HttpMessageConverterConfiguration, org.springframework.boot.autoconfigure.info.ProjectInfoAutoConfiguration, org.springframework.boot.autoconfigure.internalCachingMetadataReaderFactory, org.springframework.boot.autoconfigure.jackson.JacksonAutoConfiguration, org.springframework.boot.autoconfigure.jackson.JacksonAutoConfiguration$Jackson2ObjectMapperBuilderCustomizerConfiguration, org.springframework.boot.autoconfigure.jackson.JacksonAutoConfiguration$JacksonObjectMapperBuilderConfiguration, org.springframework.boot.autoconfigure.jackson.JacksonAutoConfiguration$JacksonObjectMapperConfiguration, org.springframework.boot.autoconfigure.jackson.JacksonAutoConfiguration$ParameterNamesModuleConfiguration, org.springframework.boot.autoconfigure.jdbc.DataSourceAutoConfiguration, org.springframework.boot.autoconfigure.jdbc.DataSourceTransactionManagerAutoConfiguration, org.springframework.boot.autoconfigure.jdbc.DataSourceTransactionManagerAutoConfiguration$JdbcTransactionManagerConfiguration, org.springframework.boot.autoconfigure.jdbc.JdbcTemplateAutoConfiguration, org.springframework.boot.autoconfigure.jdbc.JdbcTemplateConfiguration, org.springframework.boot.autoconfigure.jdbc.NamedParameterJdbcTemplateConfiguration, org.springframework.boot.autoconfigure.jdbc.metadata.DataSourcePoolMetadataProvidersConfiguration, org.springframework.boot.autoconfigure.jdbc.metadata.DataSourcePoolMetadataProvidersConfiguration$HikariPoolDataSourceMetadataProviderConfiguration, org.springframework.boot.autoconfigure.jmx.JmxAutoConfiguration, org.springframework.boot.autoconfigure.netty.NettyAutoConfiguration, org.springframework.boot.autoconfigure.orm.jpa.HibernateJpaAutoConfiguration, org.springframework.boot.autoconfigure.orm.jpa.HibernateJpaConfiguration, org.springframework.boot.autoconfigure.orm.jpa.JpaBaseConfiguration$JpaWebConfiguration, org.springframework.boot.autoconfigure.sql.init.DataSourceInitializationConfiguration, org.springframework.boot.autoconfigure.sql.init.SqlInitializationAutoConfiguration, org.springframework.boot.autoconfigure.task.TaskExecutionAutoConfiguration, org.springframework.boot.autoconfigure.task.TaskSchedulingAutoConfiguration, org.springframework.boot.autoconfigure.transaction.TransactionAutoConfiguration, org.springframework.boot.autoconfigure.transaction.TransactionAutoConfiguration$EnableTransactionManagementConfiguration, org.springframework.boot.autoconfigure.transaction.TransactionAutoConfiguration$EnableTransactionManagementConfiguration$CglibAutoProxyConfiguration, org.springframework.boot.autoconfigure.transaction.TransactionAutoConfiguration$TransactionTemplateConfiguration, org.springframework.boot.autoconfigure.transaction.jta.JtaAutoConfiguration, org.springframework.boot.autoconfigure.web.client.RestTemplateAutoConfiguration, org.springframework.boot.autoconfigure.web.embedded.EmbeddedWebServerFactoryCustomizerAutoConfiguration, org.springframework.boot.autoconfigure.web.embedded.EmbeddedWebServerFactoryCustomizerAutoConfiguration$TomcatWebServerFactoryCustomizerConfiguration, org.springframework.boot.autoconfigure.web.servlet.DispatcherServletAutoConfiguration, org.springframework.boot.autoconfigure.web.servlet.DispatcherServletAutoConfiguration$DispatcherServletConfiguration, org.springframework.boot.autoconfigure.web.servlet.DispatcherServletAutoConfiguration$DispatcherServletRegistrationConfiguration, org.springframework.boot.autoconfigure.web.servlet.HttpEncodingAutoConfiguration, org.springframework.boot.autoconfigure.web.servlet.MultipartAutoConfiguration, org.springframework.boot.autoconfigure.web.servlet.ServletWebServerFactoryAutoConfiguration, org.springframework.boot.autoconfigure.web.servlet.ServletWebServerFactoryConfiguration$EmbeddedTomcat, org.springframework.boot.autoconfigure.web.servlet.WebMvcAutoConfiguration, org.springframework.boot.autoconfigure.web.servlet.WebMvcAutoConfiguration$EnableWebMvcConfiguration, org.springframework.boot.autoconfigure.web.servlet.WebMvcAutoConfiguration$WebMvcAutoConfigurationAdapter, org.springframework.boot.autoconfigure.web.servlet.error.ErrorMvcAutoConfiguration, org.springframework.boot.autoconfigure.web.servlet.error.ErrorMvcAutoConfiguration$DefaultErrorViewResolverConfiguration, org.springframework.boot.autoconfigure.web.servlet.error.ErrorMvcAutoConfiguration$WhitelabelErrorViewConfiguration, org.springframework.boot.autoconfigure.websocket.servlet.WebSocketServletAutoConfiguration, org.springframework.boot.autoconfigure.websocket.servlet.WebSocketServletAutoConfiguration$TomcatWebSocketConfiguration, org.springframework.boot.context.internalConfigurationPropertiesBinder, org.springframework.boot.context.internalConfigurationPropertiesBinderFactory, org.springframework.boot.context.properties.BoundConfigurationProperties, org.springframework.boot.context.properties.ConfigurationPropertiesBindingPostProcessor, org.springframework.boot.context.properties.EnableConfigurationPropertiesRegistrar.methodValidationExcludeFilter, org.springframework.boot.sql.init.dependency.DatabaseInitializationDependencyConfigurer$DependsOnDatabaseInitializationPostProcessor, org.springframework.cloud.autoconfigure.ConfigurationPropertiesRebinderAutoConfiguration, org.springframework.cloud.autoconfigure.LifecycleMvcEndpointAutoConfiguration, org.springframework.cloud.autoconfigure.RefreshAutoConfiguration, org.springframework.cloud.autoconfigure.RefreshAutoConfiguration$JpaInvokerConfiguration, org.springframework.cloud.autoconfigure.RefreshAutoConfiguration$RefreshScopeBeanDefinitionEnhancer, org.springframework.cloud.client.CommonsClientAutoConfiguration, org.springframework.cloud.client.ReactiveCommonsClientAutoConfiguration, org.springframework.cloud.client.discovery.composite.CompositeDiscoveryClientAutoConfiguration, org.springframework.cloud.client.discovery.simple.SimpleDiscoveryClientAutoConfiguration, org.springframework.cloud.client.loadbalancer.AsyncLoadBalancerAutoConfiguration, org.springframework.cloud.client.loadbalancer.AsyncLoadBalancerAutoConfiguration$AsyncRestTemplateCustomizerConfig, org.springframework.cloud.client.loadbalancer.AsyncLoadBalancerAutoConfiguration$LoadBalancerInterceptorConfig, org.springframework.cloud.client.loadbalancer.LoadBalancerAutoConfiguration, org.springframework.cloud.client.loadbalancer.LoadBalancerAutoConfiguration$LoadBalancerInterceptorConfig, org.springframework.cloud.client.loadbalancer.LoadBalancerDefaultMappingsProviderAutoConfiguration, org.springframework.cloud.client.serviceregistry.AutoServiceRegistrationAutoConfiguration, org.springframework.cloud.client.serviceregistry.AutoServiceRegistrationConfiguration, org.springframework.cloud.client.serviceregistry.ServiceRegistryAutoConfiguration, org.springframework.cloud.commons.config.CommonsConfigAutoConfiguration, org.springframework.cloud.commons.httpclient.HttpClientConfiguration, org.springframework.cloud.commons.httpclient.HttpClientConfiguration$ApacheHttpClientConfiguration, org.springframework.cloud.commons.util.UtilAutoConfiguration, org.springframework.cloud.configuration.CompatibilityVerifierAutoConfiguration, org.springframework.cloud.loadbalancer.config.BlockingLoadBalancerClientAutoConfiguration, org.springframework.cloud.loadbalancer.config.LoadBalancerAutoConfiguration, org.springframework.cloud.loadbalancer.config.LoadBalancerCacheAutoConfiguration, org.springframework.cloud.loadbalancer.config.LoadBalancerCacheAutoConfiguration$LoadBalancerCacheManagerWarnConfiguration, org.springframework.cloud.openfeign.FeignAutoConfiguration, org.springframework.cloud.openfeign.FeignAutoConfiguration$DefaultFeignTargeterConfiguration, org.springframework.cloud.openfeign.loadbalancer.DefaultFeignLoadBalancerConfiguration, org.springframework.cloud.openfeign.loadbalancer.FeignLoadBalancerAutoConfiguration, org.springframework.context.annotation.internalAutowiredAnnotationProcessor, org.springframework.context.annotation.internalCommonAnnotationProcessor, org.springframework.context.annotation.internalConfigurationAnnotationProcessor, org.springframework.context.annotation.internalPersistenceAnnotationProcessor, org.springframework.context.event.internalEventListenerFactory, org.springframework.context.event.internalEventListenerProcessor, org.springframework.data.jpa.repository.support.JpaEvaluationContextExtension, org.springframework.data.jpa.util.JpaMetamodelCacheCleanup, org.springframework.data.web.config.ProjectingArgumentResolverRegistrar, org.springframework.data.web.config.SpringDataJacksonConfiguration, org.springframework.data.web.config.SpringDataWebConfiguration, org.springframework.transaction.annotation.ProxyTransactionManagementConfiguration, org.springframework.transaction.config.internalTransactionAdvisor, org.springframework.transaction.config.internalTransactionalEventListenerFactory, pageableCustomizer, pageableResolver, parameterNamesModule, persistenceExceptionTranslationPostProcessor, platformTransactionManagerCustomizers, preserveErrorControllerTargetClassPostProcessor, projectingArgumentResolverBeanPostProcessor, propertySourcesPlaceholderConfigurer, questionMapper, reactiveConfigureRulesCustomizer, reactiveSentinelCircuitBreakerFactory, readingController, readingMapper, readingService, refreshEventListener, refreshScope, requestContextFilter, requestMappingHandlerAdapter, requestMappingHandlerMapping, resourceHandlerMapping, restTemplateBuilder, restTemplateBuilderConfigurer, restTemplateCustomizer, routerFunctionMapping, scheduledBeanLazyInitializationExcludeFilter, sentinel-json-authority-converter, sentinel-json-degrade-converter, sentinel-json-flow-converter, sentinel-json-param-flow-converter, sentinel-json-system-converter, sentinelAutoConfiguration.SentinelConverterConfiguration, sentinelAutoConfiguration.SentinelConverterConfiguration.SentinelJsonConfiguration, sentinelBeanPostProcessor, sentinelCircuitBreakerConfiguration, sentinelCircuitBreakerFactory, sentinelDataSourceHandler, sentinelFeignClientAutoConfiguration.CircuitBreakerListenerConfiguration, sentinelFeignClientAutoConfiguration.CircuitBreakerNameResolverConfiguration, sentinelFeignClientAutoConfiguration.ReactiveSentinelCustomizerConfiguration, sentinelFeignClientAutoConfiguration.SentinelCustomizerConfiguration, sentinelResourceAspect, sentinelWebInterceptor, sentinelWebMvcConfig, sentinelWebMvcConfigurer, server-org.springframework.boot.autoconfigure.web.ServerProperties, servletWebServerFactoryCustomizer, simpleControllerHandlerAdapter, simpleDiscoveryClient, simpleDiscoveryProperties, sortCustomizer, sortResolver, spring.cloud.compatibility-verifier-org.springframework.cloud.configuration.CompatibilityVerifierProperties, spring.cloud.loadbalancer-org.springframework.cloud.client.loadbalancer.LoadBalancerClientsProperties, spring.cloud.loadbalancer.cache-org.springframework.cloud.loadbalancer.cache.LoadBalancerCacheProperties, spring.cloud.refresh-org.springframework.cloud.autoconfigure.RefreshAutoConfiguration$RefreshProperties, spring.cloud.sentinel-com.alibaba.cloud.sentinel.SentinelProperties, spring.cloud.service-registry.auto-registration-org.springframework.cloud.client.serviceregistry.AutoServiceRegistrationProperties, spring.data.web-org.springframework.boot.autoconfigure.data.web.SpringDataWebProperties, spring.datasource-org.springframework.boot.autoconfigure.jdbc.DataSourceProperties, spring.datasource.druid-com.alibaba.druid.spring.boot.autoconfigure.properties.DruidStatProperties, spring.info-org.springframework.boot.autoconfigure.info.ProjectInfoProperties, spring.jackson-org.springframework.boot.autoconfigure.jackson.JacksonProperties, spring.jdbc-org.springframework.boot.autoconfigure.jdbc.JdbcProperties, spring.jpa-org.springframework.boot.autoconfigure.orm.jpa.JpaProperties, spring.jpa.hibernate-org.springframework.boot.autoconfigure.orm.jpa.HibernateProperties, spring.lifecycle-org.springframework.boot.autoconfigure.context.LifecycleProperties, spring.mvc-org.springframework.boot.autoconfigure.web.servlet.WebMvcProperties, spring.netty-org.springframework.boot.autoconfigure.netty.NettyProperties, spring.servlet.multipart-org.springframework.boot.autoconfigure.web.servlet.MultipartProperties, spring.sql.init-org.springframework.boot.autoconfigure.sql.init.SqlInitializationProperties, spring.task.execution-org.springframework.boot.autoconfigure.task.TaskExecutionProperties, spring.task.scheduling-org.springframework.boot.autoconfigure.task.TaskSchedulingProperties, spring.transaction-org.springframework.boot.autoconfigure.transaction.TransactionProperties, spring.web-org.springframework.boot.autoconfigure.web.WebProperties, springApplicationAdminRegistrar, springBootVersionVerifier, sqlSessionFactory, sqlSessionTemplate, standardJacksonObjectMapperBuilderCustomizer, stringHttpMessageConverter, taskExecutorBuilder, taskSchedulerBuilder, themeResolver, tomcatServletWebServerFactory, tomcatServletWebServerFactoryCustomizer, tomcatWebServerFactoryCustomizer, transactionAttributeSource, transactionInterceptor, transactionManager, transactionTemplate, userAnswerDetailMapper, userAnswerRecordMapper, viewControllerHandlerMapping, viewNameTranslator, viewResolver, webServerFactoryCustomizerBeanPostProcessor, websocketServletWebServerCustomizer, welcomePageHandlerMapping, writingAnswerController, writingAnswerDetailMapper, writingAnswerRecordMapper, writingAnswerService, writingQuestionController, writingQuestionMapper, writingQuestionService, writingTaskRecordMapper, xForwarderHeadersTransformer, zoneConfig]
2025-03-17 10:01:09 [main] INFO  o.s.cloud.context.scope.GenericScope - BeanFactory id=1c205ed2-15b3-333b-9eab-cfc6b5e8de79
2025-03-17 10:01:09 [main] DEBUG o.s.b.f.s.DefaultListableBeanFactory - Creating shared instance of singleton bean 'emBeanDefinitionRegistrarPostProcessor'
2025-03-17 10:01:09 [main] DEBUG o.s.b.f.s.DefaultListableBeanFactory - Creating shared instance of singleton bean 'org.springframework.boot.sql.init.dependency.DatabaseInitializationDependencyConfigurer$DependsOnDatabaseInitializationPostProcessor'
2025-03-17 10:01:09 [main] DEBUG o.s.b.f.s.DefaultListableBeanFactory - Creating shared instance of singleton bean 'org.springframework.context.event.internalEventListenerProcessor'
2025-03-17 10:01:09 [main] DEBUG o.s.b.f.s.DefaultListableBeanFactory - Creating shared instance of singleton bean 'preserveErrorControllerTargetClassPostProcessor'
2025-03-17 10:01:09 [main] DEBUG o.s.b.f.s.DefaultListableBeanFactory - Creating shared instance of singleton bean 'org.springframework.context.event.internalEventListenerFactory'
2025-03-17 10:01:09 [main] DEBUG o.s.b.f.s.DefaultListableBeanFactory - Creating shared instance of singleton bean 'org.springframework.transaction.config.internalTransactionalEventListenerFactory'
2025-03-17 10:01:09 [main] DEBUG o.s.b.f.s.DefaultListableBeanFactory - Creating shared instance of singleton bean 'org.springframework.context.annotation.internalAutowiredAnnotationProcessor'
2025-03-17 10:01:09 [main] DEBUG o.s.b.f.s.DefaultListableBeanFactory - Creating shared instance of singleton bean 'org.springframework.context.annotation.internalCommonAnnotationProcessor'
2025-03-17 10:01:09 [main] DEBUG o.s.b.f.s.DefaultListableBeanFactory - Creating shared instance of singleton bean 'org.springframework.context.annotation.internalPersistenceAnnotationProcessor'
2025-03-17 10:01:09 [main] DEBUG o.s.b.f.s.DefaultListableBeanFactory - Creating shared instance of singleton bean 'org.springframework.boot.context.properties.ConfigurationPropertiesBindingPostProcessor'
2025-03-17 10:01:09 [main] DEBUG o.s.b.f.s.DefaultListableBeanFactory - Creating shared instance of singleton bean 'org.springframework.boot.context.internalConfigurationPropertiesBinder'
2025-03-17 10:01:09 [main] DEBUG o.s.b.f.s.DefaultListableBeanFactory - Creating shared instance of singleton bean 'org.springframework.boot.context.internalConfigurationPropertiesBinderFactory'
2025-03-17 10:01:09 [main] DEBUG o.s.b.f.s.DefaultListableBeanFactory - Creating shared instance of singleton bean 'org.springframework.aop.config.internalAutoProxyCreator'
2025-03-17 10:01:09 [main] DEBUG o.s.b.f.s.DefaultListableBeanFactory - Creating shared instance of singleton bean 'persistenceExceptionTranslationPostProcessor'
2025-03-17 10:01:09 [main] DEBUG o.s.b.f.s.DefaultListableBeanFactory - Autowiring by type from bean name 'persistenceExceptionTranslationPostProcessor' via factory method to bean named 'environment'
2025-03-17 10:01:09 [main] DEBUG o.s.b.f.s.DefaultListableBeanFactory - Creating shared instance of singleton bean 'webServerFactoryCustomizerBeanPostProcessor'
2025-03-17 10:01:09 [main] DEBUG o.s.b.f.s.DefaultListableBeanFactory - Creating shared instance of singleton bean 'errorPageRegistrarBeanPostProcessor'
2025-03-17 10:01:09 [main] DEBUG o.s.b.f.s.DefaultListableBeanFactory - Creating shared instance of singleton bean 'sentinelBeanPostProcessor'
2025-03-17 10:01:09 [main] DEBUG o.s.b.f.s.DefaultListableBeanFactory - Creating shared instance of singleton bean 'org.springframework.transaction.config.internalTransactionAdvisor'
2025-03-17 10:01:09 [main] DEBUG o.s.b.f.s.DefaultListableBeanFactory - Creating shared instance of singleton bean 'org.springframework.transaction.annotation.ProxyTransactionManagementConfiguration'
2025-03-17 10:01:09 [main] DEBUG o.s.a.a.a.ReflectiveAspectJAdvisorFactory - Found AspectJ method: public java.lang.Object com.alibaba.csp.sentinel.annotation.aspectj.SentinelResourceAspect.invokeResourceWithSentinel(org.aspectj.lang.ProceedingJoinPoint) throws java.lang.Throwable
2025-03-17 10:01:10 [main] DEBUG o.s.b.f.s.DefaultListableBeanFactory - Creating shared instance of singleton bean 'transactionAttributeSource'
2025-03-17 10:01:10 [main] DEBUG o.s.b.f.s.DefaultListableBeanFactory - Creating shared instance of singleton bean 'transactionInterceptor'
2025-03-17 10:01:10 [main] DEBUG o.s.b.f.s.DefaultListableBeanFactory - Autowiring by type from bean name 'transactionInterceptor' via factory method to bean named 'transactionAttributeSource'
2025-03-17 10:01:10 [main] DEBUG o.s.b.f.s.DefaultListableBeanFactory - Autowiring by type from bean name 'org.springframework.transaction.config.internalTransactionAdvisor' via factory method to bean named 'transactionAttributeSource'
2025-03-17 10:01:10 [main] DEBUG o.s.b.f.s.DefaultListableBeanFactory - Autowiring by type from bean name 'org.springframework.transaction.config.internalTransactionAdvisor' via factory method to bean named 'transactionInterceptor'
2025-03-17 10:01:10 [main] DEBUG o.s.b.f.s.DefaultListableBeanFactory - Creating shared instance of singleton bean 'com.alibaba.cloud.sentinel.custom.SentinelAutoConfiguration'
2025-03-17 10:01:10 [main] DEBUG o.s.c.e.PropertySourcesPropertyResolver - Found key 'spring.application.name' in PropertySource 'environmentProperties' with value of type String
2025-03-17 10:01:10 [main] DEBUG o.s.b.f.s.DefaultListableBeanFactory - Creating shared instance of singleton bean 'spring.cloud.sentinel-com.alibaba.cloud.sentinel.SentinelProperties'
2025-03-17 10:01:10 [main] DEBUG o.s.b.f.s.DefaultListableBeanFactory - Creating shared instance of singleton bean 'org.springframework.boot.context.properties.BoundConfigurationProperties'
2025-03-17 10:01:10 [main] DEBUG o.s.b.f.s.DefaultListableBeanFactory - Creating shared instance of singleton bean 'defaultsBindHandlerAdvisor'
2025-03-17 10:01:10 [main] DEBUG o.s.b.f.s.DefaultListableBeanFactory - Creating shared instance of singleton bean 'org.springframework.cloud.commons.config.CommonsConfigAutoConfiguration'
2025-03-17 10:01:10 [main] INFO  o.s.c.s.PostProcessorRegistrationDelegate$BeanPostProcessorChecker - Bean 'org.springframework.cloud.commons.config.CommonsConfigAutoConfiguration' of type [org.springframework.cloud.commons.config.CommonsConfigAutoConfiguration] is not eligible for getting processed by all BeanPostProcessors (for example: not eligible for auto-proxying)
2025-03-17 10:01:10 [main] DEBUG o.s.b.f.s.DefaultListableBeanFactory - Creating shared instance of singleton bean 'loadBalancerClientsDefaultsMappingsProvider'
2025-03-17 10:01:10 [main] DEBUG o.s.b.f.s.DefaultListableBeanFactory - Creating shared instance of singleton bean 'org.springframework.cloud.client.loadbalancer.LoadBalancerDefaultMappingsProviderAutoConfiguration'
2025-03-17 10:01:10 [main] INFO  o.s.c.s.PostProcessorRegistrationDelegate$BeanPostProcessorChecker - Bean 'org.springframework.cloud.client.loadbalancer.LoadBalancerDefaultMappingsProviderAutoConfiguration' of type [org.springframework.cloud.client.loadbalancer.LoadBalancerDefaultMappingsProviderAutoConfiguration] is not eligible for getting processed by all BeanPostProcessors (for example: not eligible for auto-proxying)
2025-03-17 10:01:10 [main] INFO  o.s.c.s.PostProcessorRegistrationDelegate$BeanPostProcessorChecker - Bean 'loadBalancerClientsDefaultsMappingsProvider' of type [org.springframework.cloud.client.loadbalancer.LoadBalancerDefaultMappingsProviderAutoConfiguration$$Lambda$445/1010955966] is not eligible for getting processed by all BeanPostProcessors (for example: not eligible for auto-proxying)
2025-03-17 10:01:10 [main] DEBUG o.s.b.f.s.DefaultListableBeanFactory - Autowiring by type from bean name 'defaultsBindHandlerAdvisor' via factory method to bean named 'loadBalancerClientsDefaultsMappingsProvider'
2025-03-17 10:01:10 [main] INFO  o.s.c.s.PostProcessorRegistrationDelegate$BeanPostProcessorChecker - Bean 'defaultsBindHandlerAdvisor' of type [org.springframework.cloud.commons.config.DefaultsBindHandlerAdvisor] is not eligible for getting processed by all BeanPostProcessors (for example: not eligible for auto-proxying)
2025-03-17 10:01:10 [main] INFO  o.s.c.s.PostProcessorRegistrationDelegate$BeanPostProcessorChecker - Bean 'spring.cloud.sentinel-com.alibaba.cloud.sentinel.SentinelProperties' of type [com.alibaba.cloud.sentinel.SentinelProperties] is not eligible for getting processed by all BeanPostProcessors (for example: not eligible for auto-proxying)
2025-03-17 10:01:10 [main] INFO  o.s.c.s.PostProcessorRegistrationDelegate$BeanPostProcessorChecker - Bean 'com.alibaba.cloud.sentinel.custom.SentinelAutoConfiguration' of type [com.alibaba.cloud.sentinel.custom.SentinelAutoConfiguration] is not eligible for getting processed by all BeanPostProcessors (for example: not eligible for auto-proxying)
2025-03-17 10:01:10 [main] DEBUG o.s.b.f.s.DefaultListableBeanFactory - Autowiring by type from bean name 'sentinelBeanPostProcessor' via factory method to bean named 'org.springframework.boot.web.servlet.context.AnnotationConfigServletWebServerApplicationContext@66b7550d'
2025-03-17 10:01:10 [main] DEBUG o.s.b.f.s.DefaultListableBeanFactory - Creating shared instance of singleton bean 'projectingArgumentResolverBeanPostProcessor'
2025-03-17 10:01:10 [main] DEBUG o.s.b.f.s.DefaultListableBeanFactory - Creating shared instance of singleton bean 'configurationPropertiesBeans'
2025-03-17 10:01:10 [main] DEBUG o.s.u.c.s.UiApplicationContextUtils - Unable to locate ThemeSource with name 'themeSource': using default [org.springframework.ui.context.support.ResourceBundleThemeSource@790ed2d9]
2025-03-17 10:01:10 [main] DEBUG o.s.b.f.s.DefaultListableBeanFactory - Creating shared instance of singleton bean 'tomcatServletWebServerFactory'
2025-03-17 10:01:10 [main] DEBUG o.s.b.f.s.DefaultListableBeanFactory - Creating shared instance of singleton bean 'org.springframework.boot.autoconfigure.web.servlet.ServletWebServerFactoryConfiguration$EmbeddedTomcat'
2025-03-17 10:01:10 [main] DEBUG o.s.b.f.s.DefaultListableBeanFactory - Creating shared instance of singleton bean 'websocketServletWebServerCustomizer'
2025-03-17 10:01:10 [main] DEBUG o.s.b.f.s.DefaultListableBeanFactory - Creating shared instance of singleton bean 'org.springframework.boot.autoconfigure.websocket.servlet.WebSocketServletAutoConfiguration$TomcatWebSocketConfiguration'
2025-03-17 10:01:10 [main] DEBUG o.s.b.f.s.DefaultListableBeanFactory - Creating shared instance of singleton bean 'servletWebServerFactoryCustomizer'
2025-03-17 10:01:10 [main] DEBUG o.s.b.f.s.DefaultListableBeanFactory - Creating shared instance of singleton bean 'org.springframework.boot.autoconfigure.web.servlet.ServletWebServerFactoryAutoConfiguration'
2025-03-17 10:01:10 [main] DEBUG o.s.b.f.s.DefaultListableBeanFactory - Creating shared instance of singleton bean 'server-org.springframework.boot.autoconfigure.web.ServerProperties'
2025-03-17 10:01:10 [main] DEBUG o.s.b.f.s.DefaultListableBeanFactory - Autowiring by type from bean name 'servletWebServerFactoryCustomizer' via factory method to bean named 'server-org.springframework.boot.autoconfigure.web.ServerProperties'
2025-03-17 10:01:10 [main] DEBUG o.s.b.f.s.DefaultListableBeanFactory - Creating shared instance of singleton bean 'tomcatServletWebServerFactoryCustomizer'
2025-03-17 10:01:10 [main] DEBUG o.s.b.f.s.DefaultListableBeanFactory - Autowiring by type from bean name 'tomcatServletWebServerFactoryCustomizer' via factory method to bean named 'server-org.springframework.boot.autoconfigure.web.ServerProperties'
2025-03-17 10:01:10 [main] DEBUG o.s.b.f.s.DefaultListableBeanFactory - Creating shared instance of singleton bean 'tomcatWebServerFactoryCustomizer'
2025-03-17 10:01:10 [main] DEBUG o.s.b.f.s.DefaultListableBeanFactory - Creating shared instance of singleton bean 'org.springframework.boot.autoconfigure.web.embedded.EmbeddedWebServerFactoryCustomizerAutoConfiguration$TomcatWebServerFactoryCustomizerConfiguration'
2025-03-17 10:01:10 [main] DEBUG o.s.b.f.s.DefaultListableBeanFactory - Autowiring by type from bean name 'tomcatWebServerFactoryCustomizer' via factory method to bean named 'environment'
2025-03-17 10:01:10 [main] DEBUG o.s.b.f.s.DefaultListableBeanFactory - Autowiring by type from bean name 'tomcatWebServerFactoryCustomizer' via factory method to bean named 'server-org.springframework.boot.autoconfigure.web.ServerProperties'
2025-03-17 10:01:10 [main] DEBUG o.s.b.f.s.DefaultListableBeanFactory - Creating shared instance of singleton bean 'localeCharsetMappingsCustomizer'
2025-03-17 10:01:10 [main] DEBUG o.s.b.f.s.DefaultListableBeanFactory - Creating shared instance of singleton bean 'org.springframework.boot.autoconfigure.web.servlet.HttpEncodingAutoConfiguration'
2025-03-17 10:01:10 [main] DEBUG o.s.b.f.s.DefaultListableBeanFactory - Autowiring by type from bean name 'org.springframework.boot.autoconfigure.web.servlet.HttpEncodingAutoConfiguration' via constructor to bean named 'server-org.springframework.boot.autoconfigure.web.ServerProperties'
2025-03-17 10:01:10 [main] DEBUG o.s.b.f.s.DefaultListableBeanFactory - Creating shared instance of singleton bean 'errorPageCustomizer'
2025-03-17 10:01:10 [main] DEBUG o.s.b.f.s.DefaultListableBeanFactory - Creating shared instance of singleton bean 'org.springframework.boot.autoconfigure.web.servlet.error.ErrorMvcAutoConfiguration'
2025-03-17 10:01:10 [main] DEBUG o.s.b.f.s.DefaultListableBeanFactory - Autowiring by type from bean name 'org.springframework.boot.autoconfigure.web.servlet.error.ErrorMvcAutoConfiguration' via constructor to bean named 'server-org.springframework.boot.autoconfigure.web.ServerProperties'
2025-03-17 10:01:10 [main] DEBUG o.s.b.f.s.DefaultListableBeanFactory - Creating shared instance of singleton bean 'dispatcherServletRegistration'
2025-03-17 10:01:10 [main] DEBUG o.s.b.f.s.DefaultListableBeanFactory - Creating shared instance of singleton bean 'org.springframework.boot.autoconfigure.web.servlet.DispatcherServletAutoConfiguration$DispatcherServletRegistrationConfiguration'
2025-03-17 10:01:10 [main] DEBUG o.s.b.f.s.DefaultListableBeanFactory - Creating shared instance of singleton bean 'dispatcherServlet'
2025-03-17 10:01:10 [main] DEBUG o.s.b.f.s.DefaultListableBeanFactory - Creating shared instance of singleton bean 'org.springframework.boot.autoconfigure.web.servlet.DispatcherServletAutoConfiguration$DispatcherServletConfiguration'
2025-03-17 10:01:10 [main] DEBUG o.s.b.f.s.DefaultListableBeanFactory - Creating shared instance of singleton bean 'spring.mvc-org.springframework.boot.autoconfigure.web.servlet.WebMvcProperties'
2025-03-17 10:01:10 [main] DEBUG o.s.b.f.s.DefaultListableBeanFactory - Autowiring by type from bean name 'dispatcherServlet' via factory method to bean named 'spring.mvc-org.springframework.boot.autoconfigure.web.servlet.WebMvcProperties'
2025-03-17 10:01:10 [main] DEBUG o.s.b.f.s.DefaultListableBeanFactory - Autowiring by type from bean name 'dispatcherServletRegistration' via factory method to bean named 'dispatcherServlet'
2025-03-17 10:01:10 [main] DEBUG o.s.b.f.s.DefaultListableBeanFactory - Autowiring by type from bean name 'dispatcherServletRegistration' via factory method to bean named 'spring.mvc-org.springframework.boot.autoconfigure.web.servlet.WebMvcProperties'
2025-03-17 10:01:10 [main] DEBUG o.s.b.f.s.DefaultListableBeanFactory - Creating shared instance of singleton bean 'multipartConfigElement'
2025-03-17 10:01:10 [main] DEBUG o.s.b.f.s.DefaultListableBeanFactory - Creating shared instance of singleton bean 'org.springframework.boot.autoconfigure.web.servlet.MultipartAutoConfiguration'
2025-03-17 10:01:10 [main] DEBUG o.s.b.f.s.DefaultListableBeanFactory - Creating shared instance of singleton bean 'spring.servlet.multipart-org.springframework.boot.autoconfigure.web.servlet.MultipartProperties'
2025-03-17 10:01:10 [main] DEBUG o.s.b.f.s.DefaultListableBeanFactory - Autowiring by type from bean name 'org.springframework.boot.autoconfigure.web.servlet.MultipartAutoConfiguration' via constructor to bean named 'spring.servlet.multipart-org.springframework.boot.autoconfigure.web.servlet.MultipartProperties'
2025-03-17 10:01:10 [main] DEBUG o.s.b.f.s.DefaultListableBeanFactory - Autowiring by type from bean name 'errorPageCustomizer' via factory method to bean named 'dispatcherServletRegistration'
2025-03-17 10:01:10 [main] DEBUG o.s.b.w.e.t.TomcatServletWebServerFactory - Code archive: D:\JavaDevelopment\maven\apache-maven-3.6.2\maven_base\org\springframework\boot\spring-boot\2.6.4\spring-boot-2.6.4.jar
2025-03-17 10:01:10 [main] DEBUG o.s.b.w.e.t.TomcatServletWebServerFactory - Code archive: D:\JavaDevelopment\maven\apache-maven-3.6.2\maven_base\org\springframework\boot\spring-boot\2.6.4\spring-boot-2.6.4.jar
2025-03-17 10:01:10 [main] DEBUG o.s.b.w.e.t.TomcatServletWebServerFactory - None of the document roots [src/main/webapp, public, static] point to a directory and will be ignored.
2025-03-17 10:01:10 [main] INFO  o.s.b.w.e.tomcat.TomcatWebServer - Tomcat initialized with port(s): 9485 (http)
2025-03-17 10:01:10 [main] INFO  o.a.coyote.http11.Http11NioProtocol - Initializing ProtocolHandler ["http-nio-9485"]
2025-03-17 10:01:10 [main] INFO  o.a.catalina.core.StandardService - Starting service [Tomcat]
2025-03-17 10:01:10 [main] INFO  o.a.catalina.core.StandardEngine - Starting Servlet engine: [Apache Tomcat/9.0.58]
2025-03-17 10:01:10 [main] INFO  o.a.c.c.C.[Tomcat].[localhost].[/] - Initializing Spring embedded WebApplicationContext
2025-03-17 10:01:10 [main] DEBUG o.s.b.w.s.c.ServletWebServerApplicationContext - Published root WebApplicationContext as ServletContext attribute with name [org.springframework.web.context.WebApplicationContext.ROOT]
2025-03-17 10:01:10 [main] INFO  o.s.b.w.s.c.ServletWebServerApplicationContext - Root WebApplicationContext: initialization completed in 5025 ms
2025-03-17 10:01:10 [main] DEBUG o.s.b.f.s.DefaultListableBeanFactory - Creating shared instance of singleton bean 'requestContextFilter'
2025-03-17 10:01:10 [main] DEBUG o.s.b.f.s.DefaultListableBeanFactory - Creating shared instance of singleton bean 'formContentFilter'
2025-03-17 10:01:10 [main] DEBUG o.s.b.f.s.DefaultListableBeanFactory - Creating shared instance of singleton bean 'org.springframework.boot.autoconfigure.web.servlet.WebMvcAutoConfiguration'
2025-03-17 10:01:10 [main] DEBUG o.s.b.f.s.DefaultListableBeanFactory - Creating shared instance of singleton bean 'characterEncodingFilter'
2025-03-17 10:01:10 [main] DEBUG o.s.b.w.s.ServletContextInitializerBeans - Mapping filters: characterEncodingFilter urls=[/*] order=-2147483648, formContentFilter urls=[/*] order=-9900, requestContextFilter urls=[/*] order=-105
2025-03-17 10:01:10 [main] DEBUG o.s.b.w.s.ServletContextInitializerBeans - Mapping servlets: dispatcherServlet urls=[/]
2025-03-17 10:01:10 [main] DEBUG o.s.b.w.s.f.OrderedRequestContextFilter - Filter 'requestContextFilter' configured for use
2025-03-17 10:01:10 [main] DEBUG o.s.b.w.s.f.OrderedCharacterEncodingFilter - Filter 'characterEncodingFilter' configured for use
2025-03-17 10:01:10 [main] DEBUG o.s.b.w.s.f.OrderedFormContentFilter - Filter 'formContentFilter' configured for use
2025-03-17 10:01:10 [main] DEBUG o.s.b.f.s.DefaultListableBeanFactory - Creating shared instance of singleton bean 'org.springframework.cloud.autoconfigure.RefreshAutoConfiguration$JpaInvokerConfiguration'
2025-03-17 10:01:10 [main] DEBUG o.s.b.f.s.DefaultListableBeanFactory - Creating shared instance of singleton bean 'dataSourceScriptDatabaseInitializer'
2025-03-17 10:01:10 [main] DEBUG o.s.b.f.s.DefaultListableBeanFactory - Creating shared instance of singleton bean 'org.springframework.boot.autoconfigure.sql.init.DataSourceInitializationConfiguration'
2025-03-17 10:01:10 [main] DEBUG o.s.b.f.s.DefaultListableBeanFactory - Creating shared instance of singleton bean 'dataSource'
2025-03-17 10:01:10 [main] DEBUG o.s.b.f.s.DefaultListableBeanFactory - Creating shared instance of singleton bean 'com.alibaba.druid.spring.boot.autoconfigure.DruidDataSourceAutoConfigure'
2025-03-17 10:01:10 [main] INFO  c.a.d.s.b.a.DruidDataSourceAutoConfigure - Init DruidDataSource
2025-03-17 10:01:10 [main] DEBUG o.s.b.f.s.DefaultListableBeanFactory - Creating shared instance of singleton bean 'spring.datasource-org.springframework.boot.autoconfigure.jdbc.DataSourceProperties'
2025-03-17 10:01:10 [main] INFO  c.alibaba.druid.pool.DruidDataSource - {dataSource-1} inited
2025-03-17 10:01:10 [main] DEBUG o.s.b.f.s.DefaultListableBeanFactory - Creating shared instance of singleton bean 'spring.sql.init-org.springframework.boot.autoconfigure.sql.init.SqlInitializationProperties'
2025-03-17 10:01:10 [main] DEBUG o.s.b.f.s.DefaultListableBeanFactory - Autowiring by type from bean name 'dataSourceScriptDatabaseInitializer' via factory method to bean named 'dataSource'
2025-03-17 10:01:10 [main] DEBUG o.s.b.f.s.DefaultListableBeanFactory - Autowiring by type from bean name 'dataSourceScriptDatabaseInitializer' via factory method to bean named 'spring.sql.init-org.springframework.boot.autoconfigure.sql.init.SqlInitializationProperties'
2025-03-17 10:01:10 [main] DEBUG o.s.b.f.s.DefaultListableBeanFactory - Creating shared instance of singleton bean 'entityManagerFactory'
2025-03-17 10:01:10 [main] DEBUG o.s.b.f.s.DefaultListableBeanFactory - Creating shared instance of singleton bean 'org.springframework.boot.autoconfigure.orm.jpa.HibernateJpaConfiguration'
2025-03-17 10:01:10 [main] DEBUG o.s.b.f.s.DefaultListableBeanFactory - Creating shared instance of singleton bean 'spring.jpa-org.springframework.boot.autoconfigure.orm.jpa.JpaProperties'
2025-03-17 10:01:10 [main] DEBUG o.s.b.f.s.DefaultListableBeanFactory - Creating shared instance of singleton bean 'spring.jpa.hibernate-org.springframework.boot.autoconfigure.orm.jpa.HibernateProperties'
2025-03-17 10:01:10 [main] DEBUG o.s.b.f.s.DefaultListableBeanFactory - Autowiring by type from bean name 'org.springframework.boot.autoconfigure.orm.jpa.HibernateJpaConfiguration' via constructor to bean named 'dataSource'
2025-03-17 10:01:10 [main] DEBUG o.s.b.f.s.DefaultListableBeanFactory - Autowiring by type from bean name 'org.springframework.boot.autoconfigure.orm.jpa.HibernateJpaConfiguration' via constructor to bean named 'spring.jpa-org.springframework.boot.autoconfigure.orm.jpa.JpaProperties'
2025-03-17 10:01:10 [main] DEBUG o.s.b.f.s.DefaultListableBeanFactory - Autowiring by type from bean name 'org.springframework.boot.autoconfigure.orm.jpa.HibernateJpaConfiguration' via constructor to bean named 'org.springframework.beans.factory.support.DefaultListableBeanFactory@4275c20c'
2025-03-17 10:01:10 [main] DEBUG o.s.b.f.s.DefaultListableBeanFactory - Autowiring by type from bean name 'org.springframework.boot.autoconfigure.orm.jpa.HibernateJpaConfiguration' via constructor to bean named 'spring.jpa.hibernate-org.springframework.boot.autoconfigure.orm.jpa.HibernateProperties'
2025-03-17 10:01:10 [main] DEBUG o.s.b.f.s.DefaultListableBeanFactory - Creating shared instance of singleton bean 'hikariPoolDataSourceMetadataProvider'
2025-03-17 10:01:10 [main] DEBUG o.s.b.f.s.DefaultListableBeanFactory - Creating shared instance of singleton bean 'org.springframework.boot.autoconfigure.jdbc.metadata.DataSourcePoolMetadataProvidersConfiguration$HikariPoolDataSourceMetadataProviderConfiguration'
2025-03-17 10:01:10 [main] DEBUG o.s.b.f.s.DefaultListableBeanFactory - Creating shared instance of singleton bean 'entityManagerFactoryBuilder'
2025-03-17 10:01:10 [main] DEBUG o.s.b.f.s.DefaultListableBeanFactory - Creating shared instance of singleton bean 'jpaVendorAdapter'
2025-03-17 10:01:10 [main] DEBUG org.jboss.logging - Logging Provider: org.jboss.logging.Log4j2LoggerProvider
2025-03-17 10:01:10 [main] DEBUG o.s.b.f.s.DefaultListableBeanFactory - Autowiring by type from bean name 'entityManagerFactoryBuilder' via factory method to bean named 'jpaVendorAdapter'
2025-03-17 10:01:10 [main] DEBUG o.s.b.f.s.DefaultListableBeanFactory - Autowiring by type from bean name 'entityManagerFactory' via factory method to bean named 'entityManagerFactoryBuilder'
2025-03-17 10:01:10 [main] DEBUG o.s.jdbc.datasource.DataSourceUtils - Fetching JDBC Connection from DataSource
2025-03-17 10:01:11 [main] DEBUG o.s.o.j.LocalContainerEntityManagerFactoryBean - Building JPA container EntityManagerFactory for persistence unit 'default'
2025-03-17 10:01:11 [main] DEBUG o.h.jpa.internal.util.LogHelper - PersistenceUnitInfo [
	name: default
	persistence provider classname: null
	classloader: sun.misc.Launcher$AppClassLoader@18b4aac2
	excludeUnlistedClasses: true
	JTA datasource: null
	Non JTA datasource: {
	CreateTime:"2025-03-17 10:01:10",
	ActiveCount:0,
	PoolingCount:1,
	CreateCount:1,
	DestroyCount:0,
	CloseCount:1,
	ConnectCount:1,
	Connections:[
		{ID:1648306089, ConnectTime:"2025-03-17 10:01:11", UseCount:1, LastActiveTime:"2025-03-17 10:01:11"}
	]
}
	Transaction type: RESOURCE_LOCAL
	PU root URL: file:/D:/a%e6%af%95%e8%ae%be/%e9%a1%b9%e7%9b%ae%e6%96%87%e4%bb%b6%e5%a4%b9/%e5%90%8e%e7%ab%af/%e6%96%b0%e5%bb%ba%e6%97%a0%e6%9d%83%e9%99%90/mock-ielts-app/mock-ielts-topic/target/classes/
	Shared Cache Mode: UNSPECIFIED
	Validation Mode: AUTO
	Jar files URLs []
	Managed classes names [
		com.sun.xml.bind.v2.model.core
		com.sun.xml.bind.v2.model.runtime
		com.sun.xml.bind.v2.schemagen.xmlschema
		com.sun.xml.bind.v2.schemagen.episode
		com.mysql.cj.x.protobuf
		com.mysql.cj.xdevapi
		com.google.common.base
		com.google.common.cache
		com.google.common.collect
		com.google.common.escape
		com.google.common.eventbus
		com.google.common.graph
		com.google.common.hash
		com.google.common.html
		com.google.common.io
		com.google.common.math
		com.google.common.net
		com.google.common.primitives
		com.google.common.reflect
		com.google.common.util.concurrent
		com.google.common.xml]
	Mapping files names []
	Properties []
2025-03-17 10:01:11 [main] DEBUG o.h.i.internal.IntegratorServiceImpl - Adding Integrator [org.hibernate.cfg.beanvalidation.BeanValidationIntegrator].
2025-03-17 10:01:11 [main] DEBUG o.h.i.internal.IntegratorServiceImpl - Adding Integrator [org.hibernate.secure.spi.JaccIntegrator].
2025-03-17 10:01:11 [main] DEBUG o.h.i.internal.IntegratorServiceImpl - Adding Integrator [org.hibernate.cache.internal.CollectionCacheInvalidator].
2025-03-17 10:01:11 [main] INFO  org.hibernate.Version - HHH000412: Hibernate ORM core version 5.6.5.Final
2025-03-17 10:01:11 [main] DEBUG org.hibernate.cfg.Environment - HHH000206: hibernate.properties not found
2025-03-17 10:01:11 [main] DEBUG o.h.service.spi.ServiceBinding - Overriding existing service binding [org.hibernate.secure.spi.JaccService]
2025-03-17 10:01:11 [main] DEBUG o.h.c.i.RegionFactoryInitiator - Cannot default RegionFactory based on registered strategies as `[]` RegionFactory strategies were registered
2025-03-17 10:01:11 [main] DEBUG o.h.c.i.RegionFactoryInitiator - Cache region factory : org.hibernate.cache.internal.NoCachingRegionFactory
2025-03-17 10:01:11 [main] INFO  o.h.annotations.common.Version - HCANN000001: Hibernate Commons Annotations {5.1.2.Final}
2025-03-17 10:01:11 [main] DEBUG org.hibernate.type.BasicTypeRegistry - Adding type registration boolean -> org.hibernate.type.BooleanType@53941224
2025-03-17 10:01:11 [main] DEBUG org.hibernate.type.BasicTypeRegistry - Adding type registration boolean -> org.hibernate.type.BooleanType@53941224
2025-03-17 10:01:11 [main] DEBUG org.hibernate.type.BasicTypeRegistry - Adding type registration java.lang.Boolean -> org.hibernate.type.BooleanType@53941224
2025-03-17 10:01:11 [main] DEBUG org.hibernate.type.BasicTypeRegistry - Adding type registration numeric_boolean -> org.hibernate.type.NumericBooleanType@67e321e0
2025-03-17 10:01:11 [main] DEBUG org.hibernate.type.BasicTypeRegistry - Adding type registration true_false -> org.hibernate.type.TrueFalseType@104ce963
2025-03-17 10:01:11 [main] DEBUG org.hibernate.type.BasicTypeRegistry - Adding type registration yes_no -> org.hibernate.type.YesNoType@8a325ca
2025-03-17 10:01:11 [main] DEBUG org.hibernate.type.BasicTypeRegistry - Adding type registration byte -> org.hibernate.type.ByteType@79ed43f8
2025-03-17 10:01:11 [main] DEBUG org.hibernate.type.BasicTypeRegistry - Adding type registration byte -> org.hibernate.type.ByteType@79ed43f8
2025-03-17 10:01:11 [main] DEBUG org.hibernate.type.BasicTypeRegistry - Adding type registration java.lang.Byte -> org.hibernate.type.ByteType@79ed43f8
2025-03-17 10:01:11 [main] DEBUG org.hibernate.type.BasicTypeRegistry - Adding type registration character -> org.hibernate.type.CharacterType@5e3d3bfd
2025-03-17 10:01:11 [main] DEBUG org.hibernate.type.BasicTypeRegistry - Adding type registration char -> org.hibernate.type.CharacterType@5e3d3bfd
2025-03-17 10:01:11 [main] DEBUG org.hibernate.type.BasicTypeRegistry - Adding type registration java.lang.Character -> org.hibernate.type.CharacterType@5e3d3bfd
2025-03-17 10:01:11 [main] DEBUG org.hibernate.type.BasicTypeRegistry - Adding type registration short -> org.hibernate.type.ShortType@35c8dd30
2025-03-17 10:01:11 [main] DEBUG org.hibernate.type.BasicTypeRegistry - Adding type registration short -> org.hibernate.type.ShortType@35c8dd30
2025-03-17 10:01:11 [main] DEBUG org.hibernate.type.BasicTypeRegistry - Adding type registration java.lang.Short -> org.hibernate.type.ShortType@35c8dd30
2025-03-17 10:01:11 [main] DEBUG org.hibernate.type.BasicTypeRegistry - Adding type registration integer -> org.hibernate.type.IntegerType@4891aee2
2025-03-17 10:01:11 [main] DEBUG org.hibernate.type.BasicTypeRegistry - Adding type registration int -> org.hibernate.type.IntegerType@4891aee2
2025-03-17 10:01:11 [main] DEBUG org.hibernate.type.BasicTypeRegistry - Adding type registration java.lang.Integer -> org.hibernate.type.IntegerType@4891aee2
2025-03-17 10:01:11 [main] DEBUG org.hibernate.type.BasicTypeRegistry - Adding type registration long -> org.hibernate.type.LongType@404ea1e4
2025-03-17 10:01:11 [main] DEBUG org.hibernate.type.BasicTypeRegistry - Adding type registration long -> org.hibernate.type.LongType@404ea1e4
2025-03-17 10:01:11 [main] DEBUG org.hibernate.type.BasicTypeRegistry - Adding type registration java.lang.Long -> org.hibernate.type.LongType@404ea1e4
2025-03-17 10:01:11 [main] DEBUG org.hibernate.type.BasicTypeRegistry - Adding type registration float -> org.hibernate.type.FloatType@37630101
2025-03-17 10:01:11 [main] DEBUG org.hibernate.type.BasicTypeRegistry - Adding type registration float -> org.hibernate.type.FloatType@37630101
2025-03-17 10:01:11 [main] DEBUG org.hibernate.type.BasicTypeRegistry - Adding type registration java.lang.Float -> org.hibernate.type.FloatType@37630101
2025-03-17 10:01:11 [main] DEBUG org.hibernate.type.BasicTypeRegistry - Adding type registration double -> org.hibernate.type.DoubleType@2523c97a
2025-03-17 10:01:11 [main] DEBUG org.hibernate.type.BasicTypeRegistry - Adding type registration double -> org.hibernate.type.DoubleType@2523c97a
2025-03-17 10:01:11 [main] DEBUG org.hibernate.type.BasicTypeRegistry - Adding type registration java.lang.Double -> org.hibernate.type.DoubleType@2523c97a
2025-03-17 10:01:11 [main] DEBUG org.hibernate.type.BasicTypeRegistry - Adding type registration big_decimal -> org.hibernate.type.BigDecimalType@49e11ca7
2025-03-17 10:01:11 [main] DEBUG org.hibernate.type.BasicTypeRegistry - Adding type registration java.math.BigDecimal -> org.hibernate.type.BigDecimalType@49e11ca7
2025-03-17 10:01:11 [main] DEBUG org.hibernate.type.BasicTypeRegistry - Adding type registration big_integer -> org.hibernate.type.BigIntegerType@3b00a7b9
2025-03-17 10:01:11 [main] DEBUG org.hibernate.type.BasicTypeRegistry - Adding type registration java.math.BigInteger -> org.hibernate.type.BigIntegerType@3b00a7b9
2025-03-17 10:01:11 [main] DEBUG org.hibernate.type.BasicTypeRegistry - Adding type registration string -> org.hibernate.type.StringType@8a1bd62
2025-03-17 10:01:11 [main] DEBUG org.hibernate.type.BasicTypeRegistry - Adding type registration java.lang.String -> org.hibernate.type.StringType@8a1bd62
2025-03-17 10:01:11 [main] DEBUG org.hibernate.type.BasicTypeRegistry - Adding type registration nstring -> org.hibernate.type.StringNVarcharType@54236211
2025-03-17 10:01:11 [main] DEBUG org.hibernate.type.BasicTypeRegistry - Adding type registration ncharacter -> org.hibernate.type.CharacterNCharType@102d4cea
2025-03-17 10:01:11 [main] DEBUG org.hibernate.type.BasicTypeRegistry - Adding type registration url -> org.hibernate.type.UrlType@70d259a5
2025-03-17 10:01:11 [main] DEBUG org.hibernate.type.BasicTypeRegistry - Adding type registration java.net.URL -> org.hibernate.type.UrlType@70d259a5
2025-03-17 10:01:11 [main] DEBUG org.hibernate.type.BasicTypeRegistry - Adding type registration Duration -> org.hibernate.type.DurationType@6719b4a
2025-03-17 10:01:11 [main] DEBUG org.hibernate.type.BasicTypeRegistry - Adding type registration java.time.Duration -> org.hibernate.type.DurationType@6719b4a
2025-03-17 10:01:11 [main] DEBUG org.hibernate.type.BasicTypeRegistry - Adding type registration Instant -> org.hibernate.type.InstantType@2c1e4d9e
2025-03-17 10:01:11 [main] DEBUG org.hibernate.type.BasicTypeRegistry - Adding type registration java.time.Instant -> org.hibernate.type.InstantType@2c1e4d9e
2025-03-17 10:01:11 [main] DEBUG org.hibernate.type.BasicTypeRegistry - Adding type registration LocalDateTime -> org.hibernate.type.LocalDateTimeType@53ac6bb4
2025-03-17 10:01:11 [main] DEBUG org.hibernate.type.BasicTypeRegistry - Adding type registration java.time.LocalDateTime -> org.hibernate.type.LocalDateTimeType@53ac6bb4
2025-03-17 10:01:11 [main] DEBUG org.hibernate.type.BasicTypeRegistry - Adding type registration LocalDate -> org.hibernate.type.LocalDateType@4e5361df
2025-03-17 10:01:11 [main] DEBUG org.hibernate.type.BasicTypeRegistry - Adding type registration java.time.LocalDate -> org.hibernate.type.LocalDateType@4e5361df
2025-03-17 10:01:11 [main] DEBUG org.hibernate.type.BasicTypeRegistry - Adding type registration LocalTime -> org.hibernate.type.LocalTimeType@5736cc4e
2025-03-17 10:01:11 [main] DEBUG org.hibernate.type.BasicTypeRegistry - Adding type registration java.time.LocalTime -> org.hibernate.type.LocalTimeType@5736cc4e
2025-03-17 10:01:11 [main] DEBUG org.hibernate.type.BasicTypeRegistry - Adding type registration OffsetDateTime -> org.hibernate.type.OffsetDateTimeType@73ac846
2025-03-17 10:01:11 [main] DEBUG org.hibernate.type.BasicTypeRegistry - Adding type registration java.time.OffsetDateTime -> org.hibernate.type.OffsetDateTimeType@73ac846
2025-03-17 10:01:11 [main] DEBUG org.hibernate.type.BasicTypeRegistry - Adding type registration OffsetTime -> org.hibernate.type.OffsetTimeType@22272bac
2025-03-17 10:01:11 [main] DEBUG org.hibernate.type.BasicTypeRegistry - Adding type registration java.time.OffsetTime -> org.hibernate.type.OffsetTimeType@22272bac
2025-03-17 10:01:11 [main] DEBUG org.hibernate.type.BasicTypeRegistry - Adding type registration ZonedDateTime -> org.hibernate.type.ZonedDateTimeType@40692fc3
2025-03-17 10:01:11 [main] DEBUG org.hibernate.type.BasicTypeRegistry - Adding type registration java.time.ZonedDateTime -> org.hibernate.type.ZonedDateTimeType@40692fc3
2025-03-17 10:01:11 [main] DEBUG org.hibernate.type.BasicTypeRegistry - Adding type registration date -> org.hibernate.type.DateType@9628240
2025-03-17 10:01:11 [main] DEBUG org.hibernate.type.BasicTypeRegistry - Adding type registration java.sql.Date -> org.hibernate.type.DateType@9628240
2025-03-17 10:01:11 [main] DEBUG org.hibernate.type.BasicTypeRegistry - Adding type registration time -> org.hibernate.type.TimeType@62110754
2025-03-17 10:01:11 [main] DEBUG org.hibernate.type.BasicTypeRegistry - Adding type registration java.sql.Time -> org.hibernate.type.TimeType@62110754
2025-03-17 10:01:11 [main] DEBUG org.hibernate.type.BasicTypeRegistry - Adding type registration timestamp -> org.hibernate.type.TimestampType@41eeff3b
2025-03-17 10:01:11 [main] DEBUG org.hibernate.type.BasicTypeRegistry - Adding type registration java.sql.Timestamp -> org.hibernate.type.TimestampType@41eeff3b
2025-03-17 10:01:11 [main] DEBUG org.hibernate.type.BasicTypeRegistry - Adding type registration java.util.Date -> org.hibernate.type.TimestampType@41eeff3b
2025-03-17 10:01:11 [main] DEBUG org.hibernate.type.BasicTypeRegistry - Adding type registration dbtimestamp -> org.hibernate.type.DbTimestampType@6fe8e276
2025-03-17 10:01:11 [main] DEBUG org.hibernate.type.BasicTypeRegistry - Adding type registration calendar -> org.hibernate.type.CalendarType@3d920227
2025-03-17 10:01:11 [main] DEBUG org.hibernate.type.BasicTypeRegistry - Adding type registration java.util.Calendar -> org.hibernate.type.CalendarType@3d920227
2025-03-17 10:01:11 [main] DEBUG org.hibernate.type.BasicTypeRegistry - Adding type registration java.util.GregorianCalendar -> org.hibernate.type.CalendarType@3d920227
2025-03-17 10:01:11 [main] DEBUG org.hibernate.type.BasicTypeRegistry - Adding type registration calendar_date -> org.hibernate.type.CalendarDateType@77d68b94
2025-03-17 10:01:11 [main] DEBUG org.hibernate.type.BasicTypeRegistry - Adding type registration calendar_time -> org.hibernate.type.CalendarTimeType@424bcd62
2025-03-17 10:01:11 [main] DEBUG org.hibernate.type.BasicTypeRegistry - Adding type registration locale -> org.hibernate.type.LocaleType@c98dc7c
2025-03-17 10:01:11 [main] DEBUG org.hibernate.type.BasicTypeRegistry - Adding type registration java.util.Locale -> org.hibernate.type.LocaleType@c98dc7c
2025-03-17 10:01:11 [main] DEBUG org.hibernate.type.BasicTypeRegistry - Adding type registration currency -> org.hibernate.type.CurrencyType@edb28f6
2025-03-17 10:01:11 [main] DEBUG org.hibernate.type.BasicTypeRegistry - Adding type registration java.util.Currency -> org.hibernate.type.CurrencyType@edb28f6
2025-03-17 10:01:11 [main] DEBUG org.hibernate.type.BasicTypeRegistry - Adding type registration timezone -> org.hibernate.type.TimeZoneType@797ed02e
2025-03-17 10:01:11 [main] DEBUG org.hibernate.type.BasicTypeRegistry - Adding type registration java.util.TimeZone -> org.hibernate.type.TimeZoneType@797ed02e
2025-03-17 10:01:11 [main] DEBUG org.hibernate.type.BasicTypeRegistry - Adding type registration class -> org.hibernate.type.ClassType@c9ebdb
2025-03-17 10:01:11 [main] DEBUG org.hibernate.type.BasicTypeRegistry - Adding type registration java.lang.Class -> org.hibernate.type.ClassType@c9ebdb
2025-03-17 10:01:11 [main] DEBUG org.hibernate.type.BasicTypeRegistry - Adding type registration uuid-binary -> org.hibernate.type.UUIDBinaryType@1391204c
2025-03-17 10:01:11 [main] DEBUG org.hibernate.type.BasicTypeRegistry - Adding type registration java.util.UUID -> org.hibernate.type.UUIDBinaryType@1391204c
2025-03-17 10:01:11 [main] DEBUG org.hibernate.type.BasicTypeRegistry - Adding type registration uuid-char -> org.hibernate.type.UUIDCharType@21fca5d3
2025-03-17 10:01:11 [main] DEBUG org.hibernate.type.BasicTypeRegistry - Adding type registration binary -> org.hibernate.type.BinaryType@12bc9450
2025-03-17 10:01:11 [main] DEBUG org.hibernate.type.BasicTypeRegistry - Adding type registration byte[] -> org.hibernate.type.BinaryType@12bc9450
2025-03-17 10:01:11 [main] DEBUG org.hibernate.type.BasicTypeRegistry - Adding type registration [B -> org.hibernate.type.BinaryType@12bc9450
2025-03-17 10:01:11 [main] DEBUG org.hibernate.type.BasicTypeRegistry - Adding type registration wrapper-binary -> org.hibernate.type.WrapperBinaryType@3ac6c956
2025-03-17 10:01:11 [main] DEBUG org.hibernate.type.BasicTypeRegistry - Adding type registration Byte[] -> org.hibernate.type.WrapperBinaryType@3ac6c956
2025-03-17 10:01:11 [main] DEBUG org.hibernate.type.BasicTypeRegistry - Adding type registration [Ljava.lang.Byte; -> org.hibernate.type.WrapperBinaryType@3ac6c956
2025-03-17 10:01:11 [main] DEBUG org.hibernate.type.BasicTypeRegistry - Adding type registration row_version -> org.hibernate.type.RowVersionType@58ea2bc2
2025-03-17 10:01:11 [main] DEBUG org.hibernate.type.BasicTypeRegistry - Adding type registration image -> org.hibernate.type.ImageType@5c2463d8
2025-03-17 10:01:11 [main] DEBUG org.hibernate.type.BasicTypeRegistry - Adding type registration characters -> org.hibernate.type.CharArrayType@69fcec7c
2025-03-17 10:01:11 [main] DEBUG org.hibernate.type.BasicTypeRegistry - Adding type registration char[] -> org.hibernate.type.CharArrayType@69fcec7c
2025-03-17 10:01:11 [main] DEBUG org.hibernate.type.BasicTypeRegistry - Adding type registration [C -> org.hibernate.type.CharArrayType@69fcec7c
2025-03-17 10:01:11 [main] DEBUG org.hibernate.type.BasicTypeRegistry - Adding type registration wrapper-characters -> org.hibernate.type.CharacterArrayType@38511687
2025-03-17 10:01:11 [main] DEBUG org.hibernate.type.BasicTypeRegistry - Adding type registration [Ljava.lang.Character; -> org.hibernate.type.CharacterArrayType@38511687
2025-03-17 10:01:11 [main] DEBUG org.hibernate.type.BasicTypeRegistry - Adding type registration Character[] -> org.hibernate.type.CharacterArrayType@38511687
2025-03-17 10:01:11 [main] DEBUG org.hibernate.type.BasicTypeRegistry - Adding type registration text -> org.hibernate.type.TextType@e74903f
2025-03-17 10:01:11 [main] DEBUG org.hibernate.type.BasicTypeRegistry - Adding type registration ntext -> org.hibernate.type.NTextType@3ff00c4c
2025-03-17 10:01:11 [main] DEBUG org.hibernate.type.BasicTypeRegistry - Adding type registration blob -> org.hibernate.type.BlobType@bc35e84
2025-03-17 10:01:11 [main] DEBUG org.hibernate.type.BasicTypeRegistry - Adding type registration java.sql.Blob -> org.hibernate.type.BlobType@bc35e84
2025-03-17 10:01:11 [main] DEBUG org.hibernate.type.BasicTypeRegistry - Adding type registration materialized_blob -> org.hibernate.type.MaterializedBlobType@581bc85e
2025-03-17 10:01:11 [main] DEBUG org.hibernate.type.BasicTypeRegistry - Adding type registration clob -> org.hibernate.type.ClobType@28704c3
2025-03-17 10:01:11 [main] DEBUG org.hibernate.type.BasicTypeRegistry - Adding type registration java.sql.Clob -> org.hibernate.type.ClobType@28704c3
2025-03-17 10:01:11 [main] DEBUG org.hibernate.type.BasicTypeRegistry - Adding type registration nclob -> org.hibernate.type.NClobType@5a5ba7ff
2025-03-17 10:01:11 [main] DEBUG org.hibernate.type.BasicTypeRegistry - Adding type registration java.sql.NClob -> org.hibernate.type.NClobType@5a5ba7ff
2025-03-17 10:01:11 [main] DEBUG org.hibernate.type.BasicTypeRegistry - Adding type registration materialized_clob -> org.hibernate.type.MaterializedClobType@712a6e68
2025-03-17 10:01:11 [main] DEBUG org.hibernate.type.BasicTypeRegistry - Adding type registration materialized_nclob -> org.hibernate.type.MaterializedNClobType@122a3a87
2025-03-17 10:01:11 [main] DEBUG org.hibernate.type.BasicTypeRegistry - Adding type registration serializable -> org.hibernate.type.SerializableType@7e667bfb
2025-03-17 10:01:11 [main] DEBUG org.hibernate.type.BasicTypeRegistry - Adding type registration object -> org.hibernate.type.ObjectType@1386f8bb
2025-03-17 10:01:11 [main] DEBUG org.hibernate.type.BasicTypeRegistry - Adding type registration java.lang.Object -> org.hibernate.type.ObjectType@1386f8bb
2025-03-17 10:01:11 [main] DEBUG org.hibernate.type.BasicTypeRegistry - Adding type registration imm_date -> org.hibernate.type.AdaptedImmutableType@1a2d79bf
2025-03-17 10:01:11 [main] DEBUG org.hibernate.type.BasicTypeRegistry - Adding type registration imm_time -> org.hibernate.type.AdaptedImmutableType@3eca0961
2025-03-17 10:01:11 [main] DEBUG org.hibernate.type.BasicTypeRegistry - Adding type registration imm_timestamp -> org.hibernate.type.AdaptedImmutableType@57212116
2025-03-17 10:01:11 [main] DEBUG org.hibernate.type.BasicTypeRegistry - Adding type registration imm_dbtimestamp -> org.hibernate.type.AdaptedImmutableType@2c689e6d
2025-03-17 10:01:11 [main] DEBUG org.hibernate.type.BasicTypeRegistry - Adding type registration imm_calendar -> org.hibernate.type.AdaptedImmutableType@5d79fade
2025-03-17 10:01:11 [main] DEBUG org.hibernate.type.BasicTypeRegistry - Adding type registration imm_calendar_date -> org.hibernate.type.AdaptedImmutableType@33966111
2025-03-17 10:01:11 [main] DEBUG org.hibernate.type.BasicTypeRegistry - Adding type registration imm_binary -> org.hibernate.type.AdaptedImmutableType@6d61cfe4
2025-03-17 10:01:11 [main] DEBUG org.hibernate.type.BasicTypeRegistry - Adding type registration imm_serializable -> org.hibernate.type.AdaptedImmutableType@592afd3
2025-03-17 10:01:11 [main] DEBUG o.h.b.internal.BootstrapContextImpl - Injecting JPA temp ClassLoader [org.springframework.instrument.classloading.SimpleThrowawayClassLoader@4cf1ba4e] into BootstrapContext; was [null]
2025-03-17 10:01:11 [main] DEBUG o.h.b.internal.ClassLoaderAccessImpl - ClassLoaderAccessImpl#injectTempClassLoader(org.springframework.instrument.classloading.SimpleThrowawayClassLoader@4cf1ba4e) [was null]
2025-03-17 10:01:11 [main] DEBUG o.h.b.internal.BootstrapContextImpl - Injecting ScanEnvironment [org.hibernate.jpa.boot.internal.StandardJpaScanEnvironmentImpl@ef3bc19] into BootstrapContext; was [null]
2025-03-17 10:01:11 [main] DEBUG o.h.b.internal.BootstrapContextImpl - Injecting ScanOptions [org.hibernate.boot.archive.scan.internal.StandardScanOptions@36df566] into BootstrapContext; was [org.hibernate.boot.archive.scan.internal.StandardScanOptions@4c5afa2d]
2025-03-17 10:01:11 [main] DEBUG o.h.b.internal.BootstrapContextImpl - Injecting JPA temp ClassLoader [null] into BootstrapContext; was [org.springframework.instrument.classloading.SimpleThrowawayClassLoader@4cf1ba4e]
2025-03-17 10:01:11 [main] DEBUG o.h.b.internal.ClassLoaderAccessImpl - ClassLoaderAccessImpl#injectTempClassLoader(null) [was org.springframework.instrument.classloading.SimpleThrowawayClassLoader@4cf1ba4e]
2025-03-17 10:01:11 [main] DEBUG o.h.i.f.i.DefaultIdentifierGeneratorFactory - Registering IdentifierGenerator strategy [uuid2] -> [org.hibernate.id.UUIDGenerator]
2025-03-17 10:01:11 [main] DEBUG o.h.i.f.i.DefaultIdentifierGeneratorFactory - Registering IdentifierGenerator strategy [guid] -> [org.hibernate.id.GUIDGenerator]
2025-03-17 10:01:11 [main] DEBUG o.h.i.f.i.DefaultIdentifierGeneratorFactory - Registering IdentifierGenerator strategy [uuid] -> [org.hibernate.id.UUIDHexGenerator]
2025-03-17 10:01:11 [main] DEBUG o.h.i.f.i.DefaultIdentifierGeneratorFactory - Registering IdentifierGenerator strategy [uuid.hex] -> [org.hibernate.id.UUIDHexGenerator]
2025-03-17 10:01:11 [main] DEBUG o.h.i.f.i.DefaultIdentifierGeneratorFactory - Registering IdentifierGenerator strategy [assigned] -> [org.hibernate.id.Assigned]
2025-03-17 10:01:11 [main] DEBUG o.h.i.f.i.DefaultIdentifierGeneratorFactory - Registering IdentifierGenerator strategy [identity] -> [org.hibernate.id.IdentityGenerator]
2025-03-17 10:01:11 [main] DEBUG o.h.i.f.i.DefaultIdentifierGeneratorFactory - Registering IdentifierGenerator strategy [select] -> [org.hibernate.id.SelectGenerator]
2025-03-17 10:01:11 [main] DEBUG o.h.i.f.i.DefaultIdentifierGeneratorFactory - Registering IdentifierGenerator strategy [sequence] -> [org.hibernate.id.enhanced.SequenceStyleGenerator]
2025-03-17 10:01:11 [main] DEBUG o.h.i.f.i.DefaultIdentifierGeneratorFactory - Registering IdentifierGenerator strategy [seqhilo] -> [org.hibernate.id.SequenceHiLoGenerator]
2025-03-17 10:01:11 [main] DEBUG o.h.i.f.i.DefaultIdentifierGeneratorFactory - Registering IdentifierGenerator strategy [increment] -> [org.hibernate.id.IncrementGenerator]
2025-03-17 10:01:11 [main] DEBUG o.h.i.f.i.DefaultIdentifierGeneratorFactory - Registering IdentifierGenerator strategy [foreign] -> [org.hibernate.id.ForeignGenerator]
2025-03-17 10:01:11 [main] DEBUG o.h.i.f.i.DefaultIdentifierGeneratorFactory - Registering IdentifierGenerator strategy [sequence-identity] -> [org.hibernate.id.SequenceIdentityGenerator]
2025-03-17 10:01:11 [main] DEBUG o.h.i.f.i.DefaultIdentifierGeneratorFactory - Registering IdentifierGenerator strategy [enhanced-sequence] -> [org.hibernate.id.enhanced.SequenceStyleGenerator]
2025-03-17 10:01:11 [main] DEBUG o.h.i.f.i.DefaultIdentifierGeneratorFactory - Registering IdentifierGenerator strategy [enhanced-table] -> [org.hibernate.id.enhanced.TableGenerator]
2025-03-17 10:01:11 [main] DEBUG o.h.e.j.e.i.JdbcEnvironmentInitiator - Database ->
       name : MySQL
    version : 8.0.33
      major : 8
      minor : 0
2025-03-17 10:01:11 [main] DEBUG o.h.e.j.e.i.JdbcEnvironmentInitiator - Driver ->
       name : MySQL Connector/J
    version : mysql-connector-java-8.0.23 (Revision: 18bbd5e68195d0da083cbd5bd0d05d76320df7cd)
      major : 8
      minor : 0
2025-03-17 10:01:11 [main] DEBUG o.h.e.j.e.i.JdbcEnvironmentInitiator - JDBC version : 4.2
2025-03-17 10:01:11 [main] INFO  org.hibernate.dialect.Dialect - HHH000400: Using dialect: org.hibernate.dialect.MySQL8Dialect
2025-03-17 10:01:11 [main] DEBUG o.h.e.j.e.s.IdentifierHelperBuilder - JDBC driver metadata reported database stores quoted identifiers in more than one case
2025-03-17 10:01:11 [main] DEBUG o.h.e.j.e.s.IdentifierHelperBuilder - IdentifierCaseStrategy for both quoted and unquoted identifiers was set to the same strategy [LOWER]; that will likely lead to problems in schema update and validation if using quoted identifiers
2025-03-17 10:01:11 [main] DEBUG o.h.type.spi.TypeConfiguration$Scope - Scoping TypeConfiguration [org.hibernate.type.spi.TypeConfiguration@525dd5af] to MetadataBuildingContext [org.hibernate.boot.internal.MetadataBuildingContextRootImpl@11675922]
2025-03-17 10:01:11 [main] DEBUG o.h.boot.model.relational.Namespace - Created database namespace [logicalName=Name{catalog=null, schema=null}, physicalName=Name{catalog=null, schema=null}]
2025-03-17 10:01:11 [main] DEBUG o.h.internal.SessionFactoryImpl - Building session factory
2025-03-17 10:01:11 [main] DEBUG org.hibernate.cfg.Settings - SessionFactory name : null
2025-03-17 10:01:11 [main] DEBUG org.hibernate.cfg.Settings - Automatic flush during beforeCompletion(): enabled
2025-03-17 10:01:11 [main] DEBUG org.hibernate.cfg.Settings - Automatic session close at end of transaction: disabled
2025-03-17 10:01:11 [main] DEBUG org.hibernate.cfg.Settings - Statistics: disabled
2025-03-17 10:01:11 [main] DEBUG org.hibernate.cfg.Settings - Deleted entity synthetic identifier rollback: disabled
2025-03-17 10:01:11 [main] DEBUG org.hibernate.cfg.Settings - Default entity-mode: pojo
2025-03-17 10:01:11 [main] DEBUG org.hibernate.cfg.Settings - Check Nullability in Core (should be disabled when Bean Validation is on): enabled
2025-03-17 10:01:11 [main] DEBUG org.hibernate.cfg.Settings - Allow initialization of lazy state outside session : disabled
2025-03-17 10:01:11 [main] DEBUG org.hibernate.cfg.Settings - Using BatchFetchStyle : LEGACY
2025-03-17 10:01:11 [main] DEBUG org.hibernate.cfg.Settings - Default batch fetch size: -1
2025-03-17 10:01:11 [main] DEBUG org.hibernate.cfg.Settings - Maximum outer join fetch depth: 2
2025-03-17 10:01:11 [main] DEBUG org.hibernate.cfg.Settings - Default null ordering: NONE
2025-03-17 10:01:11 [main] DEBUG org.hibernate.cfg.Settings - Order SQL updates by primary key: disabled
2025-03-17 10:01:11 [main] DEBUG org.hibernate.cfg.Settings - Order SQL inserts for batching: disabled
2025-03-17 10:01:11 [main] DEBUG org.hibernate.cfg.Settings - multi-tenancy strategy : NONE
2025-03-17 10:01:11 [main] DEBUG org.hibernate.cfg.Settings - JTA Track by Thread: enabled
2025-03-17 10:01:11 [main] DEBUG org.hibernate.cfg.Settings - Query language substitutions: {}
2025-03-17 10:01:11 [main] DEBUG org.hibernate.cfg.Settings - Named query checking : enabled
2025-03-17 10:01:11 [main] DEBUG org.hibernate.cfg.Settings - Second-level cache: disabled
2025-03-17 10:01:11 [main] DEBUG org.hibernate.cfg.Settings - Second-level query cache: disabled
2025-03-17 10:01:11 [main] DEBUG org.hibernate.cfg.Settings - Second-level query cache factory: null
2025-03-17 10:01:11 [main] DEBUG org.hibernate.cfg.Settings - Second-level cache region prefix: null
2025-03-17 10:01:11 [main] DEBUG org.hibernate.cfg.Settings - Optimize second-level cache for minimal puts: disabled
2025-03-17 10:01:11 [main] DEBUG org.hibernate.cfg.Settings - Structured second-level cache entries: disabled
2025-03-17 10:01:11 [main] DEBUG org.hibernate.cfg.Settings - Second-level cache direct-reference entries: disabled
2025-03-17 10:01:11 [main] DEBUG org.hibernate.cfg.Settings - Automatic eviction of collection cache: disabled
2025-03-17 10:01:11 [main] DEBUG org.hibernate.cfg.Settings - JDBC batch size: 15
2025-03-17 10:01:11 [main] DEBUG org.hibernate.cfg.Settings - JDBC batch updates for versioned data: enabled
2025-03-17 10:01:11 [main] DEBUG org.hibernate.cfg.Settings - Scrollable result sets: enabled
2025-03-17 10:01:11 [main] DEBUG org.hibernate.cfg.Settings - Wrap result sets: disabled
2025-03-17 10:01:11 [main] DEBUG org.hibernate.cfg.Settings - JDBC3 getGeneratedKeys(): enabled
2025-03-17 10:01:11 [main] DEBUG org.hibernate.cfg.Settings - JDBC result set fetch size: null
2025-03-17 10:01:11 [main] DEBUG org.hibernate.cfg.Settings - Connection release mode: ON_CLOSE
2025-03-17 10:01:11 [main] DEBUG org.hibernate.cfg.Settings - Generate SQL with comments: disabled
2025-03-17 10:01:11 [main] DEBUG org.hibernate.cfg.Settings - JPA compliance - query : disabled
2025-03-17 10:01:11 [main] DEBUG org.hibernate.cfg.Settings - JPA compliance - closed-handling : disabled
2025-03-17 10:01:11 [main] DEBUG org.hibernate.cfg.Settings - JPA compliance - lists : disabled
2025-03-17 10:01:11 [main] DEBUG org.hibernate.cfg.Settings - JPA compliance - transactions : disabled
2025-03-17 10:01:11 [main] DEBUG o.h.s.i.SessionFactoryServiceRegistryImpl - EventListenerRegistry access via ServiceRegistry is deprecated.  Use `sessionFactory.getEventEngine().getListenerRegistry()` instead
2025-03-17 10:01:11 [main] DEBUG o.h.s.i.SessionFactoryServiceRegistryImpl - EventListenerRegistry access via ServiceRegistry is deprecated.  Use `sessionFactory.getEventEngine().getListenerRegistry()` instead
2025-03-17 10:01:11 [main] DEBUG o.h.internal.SessionFactoryImpl - Session factory constructed with filter configurations : {}
2025-03-17 10:01:11 [main] DEBUG o.h.internal.SessionFactoryImpl - Instantiating session factory with properties: {awt.toolkit=sun.awt.windows.WToolkit, hibernate.id.new_generator_mappings=true, java.specification.version=1.8, sun.cpu.isalist=amd64, hibernate.resource.beans.container=org.springframework.orm.hibernate5.SpringBeanContainer@7215172a, sun.jnu.encoding=GBK, hibernate.implicit_naming_strategy=org.springframework.boot.orm.jpa.hibernate.SpringImplicitNamingStrategy, csp.sentinel.charset=UTF-8, sun.arch.data.model=64, catalina.useNaming=false, java.vendor.url=https://aws.amazon.com/corretto/, csp.sentinel.dashboard.server=localhost:8080, javax.persistence.validation.mode=AUTO, sun.boot.library.path=C:\Users\Administrator\.jdks\corretto-1.8.0_402\jre\bin, sun.java.command=com.MockIeltsTopicApplication, csp.sentinel.flow.cold.factor=3, spring.liveBeansView.mbeanDomain=, java.specification.vendor=Oracle Corporation, java.home=C:\Users\Administrator\.jdks\corretto-1.8.0_402\jre, file.separator=\, line.separator=
, hibernate.persistenceUnitName=default, java.vm.specification.vendor=Oracle Corporation, java.specification.name=Java Platform API Specification, intellij.debug.agent=true, hibernate.transaction.coordinator_class=class org.hibernate.resource.transaction.backend.jdbc.internal.JdbcResourceLocalTransactionCoordinatorBuilderImpl, csp.sentinel.api.port=8719, sun.boot.class.path=C:\Users\Administrator\.jdks\corretto-1.8.0_402\jre\lib\resources.jar;C:\Users\Administrator\.jdks\corretto-1.8.0_402\jre\lib\rt.jar;C:\Users\Administrator\.jdks\corretto-1.8.0_402\jre\lib\sunrsasign.jar;C:\Users\Administrator\.jdks\corretto-1.8.0_402\jre\lib\jsse.jar;C:\Users\Administrator\.jdks\corretto-1.8.0_402\jre\lib\jce.jar;C:\Users\Administrator\.jdks\corretto-1.8.0_402\jre\lib\charsets.jar;C:\Users\Administrator\.jdks\corretto-1.8.0_402\jre\lib\jfr.jar;C:\Users\Administrator\.jdks\corretto-1.8.0_402\jre\classes;C:\Users\Administrator\AppData\Local\JetBrains\IntelliJIdea2023.2\captureAgent\debugger-agent.jar, user.script=, sun.management.compiler=HotSpot 64-Bit Tiered Compilers, csp.sentinel.heartbeat.client.ip=127.0.0.1, java.runtime.version=1.8.0_402-b08, user.name=Administrator, management.endpoints.jmx.exposure.include=*, file.encoding=UTF-8, java.io.tmpdir=C:\Users\ADMINI~1\AppData\Local\Temp\, jboss.modules.system.pkgs=com.intellij.rt, java.version=1.8.0_402, PID=19436, java.vm.specification.name=Java Virtual Machine Specification, java.awt.printerjob=sun.awt.windows.WPrinterJob, sun.os.patch.level=, CONSOLE_LOG_CHARSET=UTF-8, java.library.path=C:\Users\Administrator\.jdks\corretto-1.8.0_402\bin;C:\WINDOWS\Sun\Java\bin;C:\WINDOWS\system32;C:\WINDOWS;C:\Python312\Scripts\;C:\Python312\;C:\Program Files\Common Files\Oracle\Java\javapath;C:\Program Files\Java\jdk-17\bin;C:\Program Files\Java\jdk-17\jre\bin;C:\WINDOWS\system32;C:\WINDOWS;C:\WINDOWS\System32\Wbem;C:\WINDOWS\System32\WindowsPowerShell\v1.0\;C:\WINDOWS\System32\OpenSSH\;C:\Program Files\dotnet\;D:\JavaDevelopment\maven\apache-maven-3.6.2\bin;%CATALINA_HOME%\bin;D:\Jav;Development\MySql\mysql-8.0.33-winx64\mysql-8.0.33-winx64\bin;D:\JavaDevelopment\Git\Git\cmd;D:\JavaDevelopment\MySql\mysql-8.0.33-winx64\mysql-8.0.33-winx64;D:\JavaDevelopment\MySql\mysql-8.0.33-winx64\mysql-8.0.33-winx64\bin;D:\JavaDevelopment\node\node_global\node_modules;C:\ProgramData\chocolatey\bin;D:\JavaDevelopment\node\;;D:\JavaDevelopment\WeChat\微信web开发者工具\dll;D:\JavaDevelopment\putty\;D:\JavaDevelopment\TortoiseSVN\bin;D:\JavaDevelopment\XShell\Xshell 8\;D:\JavaDevelopment\XShell\Xftp 8\;C:\Program Files (x86)\NVIDIA Corporation\PhysX\Common;D:\JavaDevelopment\python-pycharm\python\Scripts\;D:\JavaDevelopment\python-pycharm\python\;C:\Users\Administrator\AppData\Local\Microsoft\WindowsApps;D:\JavaDevelopment\VSCodeUserSetup-1.85.1\Microsoft VS Code\bin;D:\JavaDevelopment\python-pycharm\PyCharm Community Edition 2023.3.3\bin;;D:\JavaDevelopment\node\node_global;D:\软件库\cursor\cursor\resources\app\bin;., java.vendor=Amazon.com Inc., java.specification.maintenance.version=5, java.rmi.server.randomIDs=true, sun.io.unicode.encoding=UnicodeLittle, hibernate.archive.scanner=org.hibernate.boot.archive.scan.internal.DisabledScanner, sun.desktop=windows, file.encoding.pkg=sun.io, hibernate.connection.handling_mode=DELAYED_ACQUISITION_AND_HOLD, java.class.path=C:\Users\Administrator\.jdks\corretto-1.8.0_402\jre\lib\charsets.jar;C:\Users\Administrator\.jdks\corretto-1.8.0_402\jre\lib\ext\access-bridge-64.jar;C:\Users\Administrator\.jdks\corretto-1.8.0_402\jre\lib\ext\cldrdata.jar;C:\Users\Administrator\.jdks\corretto-1.8.0_402\jre\lib\ext\dnsns.jar;C:\Users\Administrator\.jdks\corretto-1.8.0_402\jre\lib\ext\jaccess.jar;C:\Users\Administrator\.jdks\corretto-1.8.0_402\jre\lib\ext\jfxrt.jar;C:\Users\Administrator\.jdks\corretto-1.8.0_402\jre\lib\ext\localedata.jar;C:\Users\Administrator\.jdks\corretto-1.8.0_402\jre\lib\ext\nashorn.jar;C:\Users\Administrator\.jdks\corretto-1.8.0_402\jre\lib\ext\sunec.jar;C:\Users\Administrator\.jdks\corretto-1.8.0_402\jre\lib\ext\sunjce_provider.jar;C:\Users\Administrator\.jdks\corretto-1.8.0_402\jre\lib\ext\sunmscapi.jar;C:\Users\Administrator\.jdks\corretto-1.8.0_402\jre\lib\ext\sunpkcs11.jar;C:\Users\Administrator\.jdks\corretto-1.8.0_402\jre\lib\ext\zipfs.jar;C:\Users\Administrator\.jdks\corretto-1.8.0_402\jre\lib\jce.jar;C:\Users\Administrator\.jdks\corretto-1.8.0_402\jre\lib\jfr.jar;C:\Users\Administrator\.jdks\corretto-1.8.0_402\jre\lib\jfxswt.jar;C:\Users\Administrator\.jdks\corretto-1.8.0_402\jre\lib\jsse.jar;C:\Users\Administrator\.jdks\corretto-1.8.0_402\jre\lib\management-agent.jar;C:\Users\Administrator\.jdks\corretto-1.8.0_402\jre\lib\resources.jar;C:\Users\Administrator\.jdks\corretto-1.8.0_402\jre\lib\rt.jar;D:\a毕设\项目文件夹\后端\新建无权限\mock-ielts-app\mock-ielts-topic\target\classes;D:\JavaDevelopment\maven\apache-maven-3.6.2\maven_base\org\springframework\boot\spring-boot-starter-web\2.6.4\spring-boot-starter-web-2.6.4.jar;D:\JavaDevelopment\maven\apache-maven-3.6.2\maven_base\org\springframework\boot\spring-boot-starter-json\2.6.4\spring-boot-starter-json-2.6.4.jar;D:\JavaDevelopment\maven\apache-maven-3.6.2\maven_base\com\fasterxml\jackson\core\jackson-databind\2.13.1\jackson-databind-2.13.1.jar;D:\JavaDevelopment\maven\apache-maven-3.6.2\maven_base\com\fasterxml\jackson\core\jackson-annotations\2.13.1\jackson-annotations-2.13.1.jar;D:\JavaDevelopment\maven\apache-maven-3.6.2\maven_base\com\fasterxml\jackson\datatype\jackson-datatype-jdk8\2.13.1\jackson-datatype-jdk8-2.13.1.jar;D:\JavaDevelopment\maven\apache-maven-3.6.2\maven_base\com\fasterxml\jackson\datatype\jackson-datatype-jsr310\2.13.1\jackson-datatype-jsr310-2.13.1.jar;D:\JavaDevelopment\maven\apache-maven-3.6.2\maven_base\com\fasterxml\jackson\module\jackson-module-parameter-names\2.13.1\jackson-module-parameter-names-2.13.1.jar;D:\JavaDevelopment\maven\apache-maven-3.6.2\maven_base\org\springframework\boot\spring-boot-starter-tomcat\2.6.4\spring-boot-starter-tomcat-2.6.4.jar;D:\JavaDevelopment\maven\apache-maven-3.6.2\maven_base\org\apache\tomcat\embed\tomcat-embed-core\9.0.58\tomcat-embed-core-9.0.58.jar;D:\JavaDevelopment\maven\apache-maven-3.6.2\maven_base\org\apache\tomcat\embed\tomcat-embed-el\9.0.58\tomcat-embed-el-9.0.58.jar;D:\JavaDevelopment\maven\apache-maven-3.6.2\maven_base\org\apache\tomcat\embed\tomcat-embed-websocket\9.0.58\tomcat-embed-websocket-9.0.58.jar;D:\JavaDevelopment\maven\apache-maven-3.6.2\maven_base\org\springframework\spring-web\5.3.16\spring-web-5.3.16.jar;D:\JavaDevelopment\maven\apache-maven-3.6.2\maven_base\org\springframework\spring-beans\5.3.16\spring-beans-5.3.16.jar;D:\JavaDevelopment\maven\apache-maven-3.6.2\maven_base\org\springframework\spring-webmvc\5.3.16\spring-webmvc-5.3.16.jar;D:\JavaDevelopment\maven\apache-maven-3.6.2\maven_base\org\springframework\spring-aop\5.3.16\spring-aop-5.3.16.jar;D:\JavaDevelopment\maven\apache-maven-3.6.2\maven_base\org\springframework\spring-context\5.3.16\spring-context-5.3.16.jar;D:\JavaDevelopment\maven\apache-maven-3.6.2\maven_base\org\springframework\spring-expression\5.3.16\spring-expression-5.3.16.jar;D:\JavaDevelopment\maven\apache-maven-3.6.2\maven_base\org\springframework\boot\spring-boot-starter-data-jpa\2.6.4\spring-boot-starter-data-jpa-2.6.4.jar;D:\JavaDevelopment\maven\apache-maven-3.6.2\maven_base\org\springframework\boot\spring-boot-starter-aop\2.6.4\spring-boot-starter-aop-2.6.4.jar;D:\JavaDevelopment\maven\apache-maven-3.6.2\maven_base\org\aspectj\aspectjweaver\1.9.7\aspectjweaver-1.9.7.jar;D:\JavaDevelopment\maven\apache-maven-3.6.2\maven_base\org\springframework\boot\spring-boot-starter-jdbc\2.6.4\spring-boot-starter-jdbc-2.6.4.jar;D:\JavaDevelopment\maven\apache-maven-3.6.2\maven_base\com\zaxxer\HikariCP\4.0.3\HikariCP-4.0.3.jar;D:\JavaDevelopment\maven\apache-maven-3.6.2\maven_base\org\springframework\spring-jdbc\5.3.16\spring-jdbc-5.3.16.jar;D:\JavaDevelopment\maven\apache-maven-3.6.2\maven_base\jakarta\transaction\jakarta.transaction-api\1.3.3\jakarta.transaction-api-1.3.3.jar;D:\JavaDevelopment\maven\apache-maven-3.6.2\maven_base\jakarta\persistence\jakarta.persistence-api\2.2.3\jakarta.persistence-api-2.2.3.jar;D:\JavaDevelopment\maven\apache-maven-3.6.2\maven_base\org\hibernate\hibernate-core\5.6.5.Final\hibernate-core-5.6.5.Final.jar;D:\JavaDevelopment\maven\apache-maven-3.6.2\maven_base\org\jboss\logging\jboss-logging\3.4.3.Final\jboss-logging-3.4.3.Final.jar;D:\JavaDevelopment\maven\apache-maven-3.6.2\maven_base\net\bytebuddy\byte-buddy\1.11.22\byte-buddy-1.11.22.jar;D:\JavaDevelopment\maven\apache-maven-3.6.2\maven_base\antlr\antlr\2.7.7\antlr-2.7.7.jar;D:\JavaDevelopment\maven\apache-maven-3.6.2\maven_base\org\jboss\jandex\2.4.2.Final\jandex-2.4.2.Final.jar;D:\JavaDevelopment\maven\apache-maven-3.6.2\maven_base\com\fasterxml\classmate\1.5.1\classmate-1.5.1.jar;D:\JavaDevelopment\maven\apache-maven-3.6.2\maven_base\org\hibernate\common\hibernate-commons-annotations\5.1.2.Final\hibernate-commons-annotations-5.1.2.Final.jar;D:\JavaDevelopment\maven\apache-maven-3.6.2\maven_base\org\glassfish\jaxb\jaxb-runtime\2.3.6\jaxb-runtime-2.3.6.jar;D:\JavaDevelopment\maven\apache-maven-3.6.2\maven_base\org\glassfish\jaxb\txw2\2.3.6\txw2-2.3.6.jar;D:\JavaDevelopment\maven\apache-maven-3.6.2\maven_base\com\sun\istack\istack-commons-runtime\3.0.12\istack-commons-runtime-3.0.12.jar;D:\JavaDevelopment\maven\apache-maven-3.6.2\maven_base\com\sun\activation\jakarta.activation\1.2.2\jakarta.activation-1.2.2.jar;D:\JavaDevelopment\maven\apache-maven-3.6.2\maven_base\org\springframework\data\spring-data-jpa\2.6.2\spring-data-jpa-2.6.2.jar;D:\JavaDevelopment\maven\apache-maven-3.6.2\maven_base\org\springframework\data\spring-data-commons\2.6.2\spring-data-commons-2.6.2.jar;D:\JavaDevelopment\maven\apache-maven-3.6.2\maven_base\org\springframework\spring-orm\5.3.16\spring-orm-5.3.16.jar;D:\JavaDevelopment\maven\apache-maven-3.6.2\maven_base\org\springframework\spring-tx\5.3.16\spring-tx-5.3.16.jar;D:\JavaDevelopment\maven\apache-maven-3.6.2\maven_base\org\springframework\spring-aspects\5.3.16\spring-aspects-5.3.16.jar;D:\JavaDevelopment\maven\apache-maven-3.6.2\maven_base\mysql\mysql-connector-java\8.0.23\mysql-connector-java-8.0.23.jar;D:\JavaDevelopment\maven\apache-maven-3.6.2\maven_base\com\google\protobuf\protobuf-java\3.11.4\protobuf-java-3.11.4.jar;D:\JavaDevelopment\maven\apache-maven-3.6.2\maven_base\jakarta\xml\bind\jakarta.xml.bind-api\2.3.3\jakarta.xml.bind-api-2.3.3.jar;D:\JavaDevelopment\maven\apache-maven-3.6.2\maven_base\jakarta\activation\jakarta.activation-api\1.2.2\jakarta.activation-api-1.2.2.jar;D:\JavaDevelopment\maven\apache-maven-3.6.2\maven_base\org\springframework\spring-core\5.3.16\spring-core-5.3.16.jar;D:\JavaDevelopment\maven\apache-maven-3.6.2\maven_base\org\springframework\spring-jcl\5.3.16\spring-jcl-5.3.16.jar;D:\JavaDevelopment\maven\apache-maven-3.6.2\maven_base\org\springframework\boot\spring-boot-starter\2.6.4\spring-boot-starter-2.6.4.jar;D:\JavaDevelopment\maven\apache-maven-3.6.2\maven_base\org\springframework\boot\spring-boot\2.6.4\spring-boot-2.6.4.jar;D:\JavaDevelopment\maven\apache-maven-3.6.2\maven_base\org\springframework\boot\spring-boot-autoconfigure\2.6.4\spring-boot-autoconfigure-2.6.4.jar;D:\JavaDevelopment\maven\apache-maven-3.6.2\maven_base\org\springframework\boot\spring-boot-starter-logging\2.6.4\spring-boot-starter-logging-2.6.4.jar;D:\JavaDevelopment\maven\apache-maven-3.6.2\maven_base\ch\qos\logback\logback-classic\1.2.10\logback-classic-1.2.10.jar;D:\JavaDevelopment\maven\apache-maven-3.6.2\maven_base\ch\qos\logback\logback-core\1.2.10\logback-core-1.2.10.jar;D:\JavaDevelopment\maven\apache-maven-3.6.2\maven_base\org\apache\logging\log4j\log4j-to-slf4j\2.17.1\log4j-to-slf4j-2.17.1.jar;D:\JavaDevelopment\maven\apache-maven-3.6.2\maven_base\org\apache\logging\log4j\log4j-api\2.17.1\log4j-api-2.17.1.jar;D:\JavaDevelopment\maven\apache-maven-3.6.2\maven_base\org\slf4j\jul-to-slf4j\1.7.36\jul-to-slf4j-1.7.36.jar;D:\JavaDevelopment\maven\apache-maven-3.6.2\maven_base\jakarta\annotation\jakarta.annotation-api\1.3.5\jakarta.annotation-api-1.3.5.jar;D:\JavaDevelopment\maven\apache-maven-3.6.2\maven_base\org\yaml\snakeyaml\1.29\snakeyaml-1.29.jar;D:\JavaDevelopment\maven\apache-maven-3.6.2\maven_base\com\alibaba\cloud\spring-cloud-starter-alibaba-nacos-discovery\2021.0.1.0\spring-cloud-starter-alibaba-nacos-discovery-2021.0.1.0.jar;D:\JavaDevelopment\maven\apache-maven-3.6.2\maven_base\com\alibaba\cloud\spring-cloud-alibaba-commons\2021.0.1.0\spring-cloud-alibaba-commons-2021.0.1.0.jar;D:\JavaDevelopment\maven\apache-maven-3.6.2\maven_base\com\alibaba\nacos\nacos-client\1.4.2\nacos-client-1.4.2.jar;D:\JavaDevelopment\maven\apache-maven-3.6.2\maven_base\com\alibaba\nacos\nacos-common\1.4.2\nacos-common-1.4.2.jar;D:\JavaDevelopment\maven\apache-maven-3.6.2\maven_base\commons-io\commons-io\2.7\commons-io-2.7.jar;D:\JavaDevelopment\maven\apache-maven-3.6.2\maven_base\org\apache\httpcomponents\httpasyncclient\4.1.5\httpasyncclient-4.1.5.jar;D:\JavaDevelopment\maven\apache-maven-3.6.2\maven_base\org\apache\httpcomponents\httpcore\4.4.15\httpcore-4.4.15.jar;D:\JavaDevelopment\maven\apache-maven-3.6.2\maven_base\org\apache\httpcomponents\httpcore-nio\4.4.15\httpcore-nio-4.4.15.jar;D:\JavaDevelopment\maven\apache-maven-3.6.2\maven_base\org\apache\httpcomponents\httpclient\4.5.13\httpclient-4.5.13.jar;D:\JavaDevelopment\maven\apache-maven-3.6.2\maven_base\com\alibaba\nacos\nacos-api\1.4.2\nacos-api-1.4.2.jar;D:\JavaDevelopment\maven\apache-maven-3.6.2\maven_base\com\google\guava\guava\30.1-jre\guava-30.1-jre.jar;D:\JavaDevelopment\maven\apache-maven-3.6.2\maven_base\com\google\guava\failureaccess\1.0.1\failureaccess-1.0.1.jar;D:\JavaDevelopment\maven\apache-maven-3.6.2\maven_base\com\google\guava\listenablefuture\9999.0-empty-to-avoid-conflict-with-guava\listenablefuture-9999.0-empty-to-avoid-conflict-with-guava.jar;D:\JavaDevelopment\maven\apache-maven-3.6.2\maven_base\com\google\code\findbugs\jsr305\3.0.2\jsr305-3.0.2.jar;D:\JavaDevelopment\maven\apache-maven-3.6.2\maven_base\org\checkerframework\checker-qual\3.5.0\checker-qual-3.5.0.jar;D:\JavaDevelopment\maven\apache-maven-3.6.2\maven_base\com\google\errorprone\error_prone_annotations\2.3.4\error_prone_annotations-2.3.4.jar;D:\JavaDevelopment\maven\apache-maven-3.6.2\maven_base\com\google\j2objc\j2objc-annotations\1.3\j2objc-annotations-1.3.jar;D:\JavaDevelopment\maven\apache-maven-3.6.2\maven_base\commons-codec\commons-codec\1.15\commons-codec-1.15.jar;D:\JavaDevelopment\maven\apache-maven-3.6.2\maven_base\com\fasterxml\jackson\core\jackson-core\2.13.1\jackson-core-2.13.1.jar;D:\JavaDevelopment\maven\apache-maven-3.6.2\maven_base\io\prometheus\simpleclient\0.12.0\simpleclient-0.12.0.jar;D:\JavaDevelopment\maven\apache-maven-3.6.2\maven_base\io\prometheus\simpleclient_tracer_otel\0.12.0\simpleclient_tracer_otel-0.12.0.jar;D:\JavaDevelopment\maven\apache-maven-3.6.2\maven_base\io\prometheus\simpleclient_tracer_common\0.12.0\simpleclient_tracer_common-0.12.0.jar;D:\JavaDevelopment\maven\apache-maven-3.6.2\maven_base\io\prometheus\simpleclient_tracer_otel_agent\0.12.0\simpleclient_tracer_otel_agent-0.12.0.jar;D:\JavaDevelopment\maven\apache-maven-3.6.2\maven_base\com\alibaba\spring\spring-context-support\1.0.11\spring-context-support-1.0.11.jar;D:\JavaDevelopment\maven\apache-maven-3.6.2\maven_base\org\springframework\cloud\spring-cloud-commons\3.1.1\spring-cloud-commons-3.1.1.jar;D:\JavaDevelopment\maven\apache-maven-3.6.2\maven_base\org\springframework\security\spring-security-crypto\5.6.2\spring-security-crypto-5.6.2.jar;D:\JavaDevelopment\maven\apache-maven-3.6.2\maven_base\org\springframework\cloud\spring-cloud-context\3.1.1\spring-cloud-context-3.1.1.jar;D:\JavaDevelopment\maven\apache-maven-3.6.2\maven_base\com\alibaba\cloud\spring-cloud-starter-alibaba-nacos-config\2021.0.1.0\spring-cloud-starter-alibaba-nacos-config-2021.0.1.0.jar;D:\JavaDevelopment\maven\apache-maven-3.6.2\maven_base\org\springframework\cloud\spring-cloud-starter-bootstrap\3.0.2\spring-cloud-starter-bootstrap-3.0.2.jar;D:\JavaDevelopment\maven\apache-maven-3.6.2\maven_base\org\springframework\cloud\spring-cloud-starter\3.1.1\spring-cloud-starter-3.1.1.jar;D:\JavaDevelopment\maven\apache-maven-3.6.2\maven_base\org\springframework\security\spring-security-rsa\1.0.10.RELEASE\spring-security-rsa-1.0.10.RELEASE.jar;D:\JavaDevelopment\maven\apache-maven-3.6.2\maven_base\org\bouncycastle\bcpkix-jdk15on\1.68\bcpkix-jdk15on-1.68.jar;D:\JavaDevelopment\maven\apache-maven-3.6.2\maven_base\org\bouncycastle\bcprov-jdk15on\1.68\bcprov-jdk15on-1.68.jar;D:\JavaDevelopment\maven\apache-maven-3.6.2\maven_base\org\springframework\cloud\spring-cloud-loadbalancer\3.1.1\spring-cloud-loadbalancer-3.1.1.jar;D:\JavaDevelopment\maven\apache-maven-3.6.2\maven_base\io\projectreactor\reactor-core\3.4.15\reactor-core-3.4.15.jar;D:\JavaDevelopment\maven\apache-maven-3.6.2\maven_base\org\reactivestreams\reactive-streams\1.0.3\reactive-streams-1.0.3.jar;D:\JavaDevelopment\maven\apache-maven-3.6.2\maven_base\io\projectreactor\addons\reactor-extra\3.4.6\reactor-extra-3.4.6.jar;D:\JavaDevelopment\maven\apache-maven-3.6.2\maven_base\com\alibaba\cloud\spring-cloud-starter-alibaba-sentinel\2021.0.1.0\spring-cloud-starter-alibaba-sentinel-2021.0.1.0.jar;D:\JavaDevelopment\maven\apache-maven-3.6.2\maven_base\com\alibaba\csp\sentinel-transport-simple-http\1.8.3\sentinel-transport-simple-http-1.8.3.jar;D:\JavaDevelopment\maven\apache-maven-3.6.2\maven_base\com\alibaba\csp\sentinel-transport-common\1.8.3\sentinel-transport-common-1.8.3.jar;D:\JavaDevelopment\maven\apache-maven-3.6.2\maven_base\com\alibaba\csp\sentinel-datasource-extension\1.8.3\sentinel-datasource-extension-1.8.3.jar;D:\JavaDevelopment\maven\apache-maven-3.6.2\maven_base\com\alibaba\fastjson\1.2.75\fastjson-1.2.75.jar;D:\JavaDevelopment\maven\apache-maven-3.6.2\maven_base\com\alibaba\csp\sentinel-annotation-aspectj\1.8.3\sentinel-annotation-aspectj-1.8.3.jar;D:\JavaDevelopment\maven\apache-maven-3.6.2\maven_base\com\alibaba\csp\sentinel-core\1.8.3\sentinel-core-1.8.3.jar;D:\JavaDevelopment\maven\apache-maven-3.6.2\maven_base\com\alibaba\cloud\spring-cloud-circuitbreaker-sentinel\2021.0.1.0\spring-cloud-circuitbreaker-sentinel-2021.0.1.0.jar;D:\JavaDevelopment\maven\apache-maven-3.6.2\maven_base\com\alibaba\csp\sentinel-reactor-adapter\1.8.3\sentinel-reactor-adapter-1.8.3.jar;D:\JavaDevelopment\maven\apache-maven-3.6.2\maven_base\com\alibaba\csp\sentinel-spring-webflux-adapter\1.8.3\sentinel-spring-webflux-adapter-1.8.3.jar;D:\JavaDevelopment\maven\apache-maven-3.6.2\maven_base\com\alibaba\csp\sentinel-spring-webmvc-adapter\1.8.3\sentinel-spring-webmvc-adapter-1.8.3.jar;D:\JavaDevelopment\maven\apache-maven-3.6.2\maven_base\com\alibaba\csp\sentinel-parameter-flow-control\1.8.3\sentinel-parameter-flow-control-1.8.3.jar;D:\JavaDevelopment\maven\apache-maven-3.6.2\maven_base\com\googlecode\concurrentlinkedhashmap\concurrentlinkedhashmap-lru\1.4.2\concurrentlinkedhashmap-lru-1.4.2.jar;D:\JavaDevelopment\maven\apache-maven-3.6.2\maven_base\com\alibaba\csp\sentinel-cluster-server-default\1.8.3\sentinel-cluster-server-default-1.8.3.jar;D:\JavaDevelopment\maven\apache-maven-3.6.2\maven_base\com\alibaba\csp\sentinel-cluster-common-default\1.8.3\sentinel-cluster-common-default-1.8.3.jar;D:\JavaDevelopment\maven\apache-maven-3.6.2\maven_base\io\netty\netty-handler\4.1.74.Final\netty-handler-4.1.74.Final.jar;D:\JavaDevelopment\maven\apache-maven-3.6.2\maven_base\io\netty\netty-common\4.1.74.Final\netty-common-4.1.74.Final.jar;D:\JavaDevelopment\maven\apache-maven-3.6.2\maven_base\io\netty\netty-resolver\4.1.74.Final\netty-resolver-4.1.74.Final.jar;D:\JavaDevelopment\maven\apache-maven-3.6.2\maven_base\io\netty\netty-buffer\4.1.74.Final\netty-buffer-4.1.74.Final.jar;D:\JavaDevelopment\maven\apache-maven-3.6.2\maven_base\io\netty\netty-transport\4.1.74.Final\netty-transport-4.1.74.Final.jar;D:\JavaDevelopment\maven\apache-maven-3.6.2\maven_base\io\netty\netty-codec\4.1.74.Final\netty-codec-4.1.74.Final.jar;D:\JavaDevelopment\maven\apache-maven-3.6.2\maven_base\io\netty\netty-tcnative-classes\2.0.48.Final\netty-tcnative-classes-2.0.48.Final.jar;D:\JavaDevelopment\maven\apache-maven-3.6.2\maven_base\com\alibaba\csp\sentinel-cluster-client-default\1.8.3\sentinel-cluster-client-default-1.8.3.jar;D:\JavaDevelopment\maven\apache-maven-3.6.2\maven_base\com\alibaba\cloud\spring-cloud-alibaba-sentinel-datasource\2021.0.1.0\spring-cloud-alibaba-sentinel-datasource-2021.0.1.0.jar;D:\JavaDevelopment\maven\apache-maven-3.6.2\maven_base\org\mybatis\mybatis\3.5.0\mybatis-3.5.0.jar;D:\JavaDevelopment\maven\apache-maven-3.6.2\maven_base\org\mybatis\spring\boot\mybatis-spring-boot-starter\2.2.0\mybatis-spring-boot-starter-2.2.0.jar;D:\JavaDevelopment\maven\apache-maven-3.6.2\maven_base\org\mybatis\spring\boot\mybatis-spring-boot-autoconfigure\2.2.0\mybatis-spring-boot-autoconfigure-2.2.0.jar;D:\JavaDevelopment\maven\apache-maven-3.6.2\maven_base\org\mybatis\mybatis-spring\2.0.6\mybatis-spring-2.0.6.jar;D:\JavaDevelopment\maven\apache-maven-3.6.2\maven_base\com\alibaba\druid-spring-boot-starter\1.2.6\druid-spring-boot-starter-1.2.6.jar;D:\JavaDevelopment\maven\apache-maven-3.6.2\maven_base\com\alibaba\druid\1.2.6\druid-1.2.6.jar;D:\JavaDevelopment\maven\apache-maven-3.6.2\maven_base\org\slf4j\slf4j-api\1.7.36\slf4j-api-1.7.36.jar;D:\JavaDevelopment\maven\apache-maven-3.6.2\maven_base\org\projectlombok\lombok\1.18.20\lombok-1.18.20.jar;D:\JavaDevelopment\maven\apache-maven-3.6.2\maven_base\io\github\openfeign\feign-core\11.8\feign-core-11.8.jar;D:\JavaDevelopment\maven\apache-maven-3.6.2\maven_base\org\springframework\cloud\spring-cloud-openfeign-core\3.1.1\spring-cloud-openfeign-core-3.1.1.jar;D:\JavaDevelopment\maven\apache-maven-3.6.2\maven_base\io\github\openfeign\form\feign-form-spring\3.8.0\feign-form-spring-3.8.0.jar;D:\JavaDevelopment\maven\apache-maven-3.6.2\maven_base\io\github\openfeign\form\feign-form\3.8.0\feign-form-3.8.0.jar;D:\JavaDevelopment\maven\apache-maven-3.6.2\maven_base\commons-fileupload\commons-fileupload\1.4\commons-fileupload-1.4.jar;D:\JavaDevelopment\IntelliJ IDEA 2023.2.1\lib\idea_rt.jar;C:\Users\Administrator\AppData\Local\JetBrains\IntelliJIdea2023.2\captureAgent\debugger-agent.jar, java.vm.vendor=Amazon.com Inc., user.variant=, user.timezone=Asia/Shanghai, jakarta.persistence.sharedCache.mode=UNSPECIFIED, os.name=Windows 11, java.vm.specification.version=1.8, jakarta.persistence.nonJtaDataSource={
	CreateTime:"2025-03-17 10:01:10",
	ActiveCount:0,
	PoolingCount:1,
	CreateCount:1,
	DestroyCount:0,
	CloseCount:2,
	ConnectCount:2,
	Connections:[
		{ID:1648306089, ConnectTime:"2025-03-17 10:01:11", UseCount:2, LastActiveTime:"2025-03-17 10:01:11"}
	]
}, sun.java.launcher=SUN_STANDARD, user.country=CN, spring.application.admin.enabled=true, javax.persistence.nonJtaDataSource={
	CreateTime:"2025-03-17 10:01:10",
	ActiveCount:0,
	PoolingCount:1,
	CreateCount:1,
	DestroyCount:0,
	CloseCount:2,
	ConnectCount:2,
	Connections:[
		{ID:1648306089, ConnectTime:"2025-03-17 10:01:11", UseCount:2, LastActiveTime:"2025-03-17 10:01:11"}
	]
}, hibernate.transaction.jta.platform=org.hibernate.engine.transaction.jta.platform.internal.NoJtaPlatform@2ddc5c07, com.sun.management.jmxremote=, javax.persistence.sharedCache.mode=UNSPECIFIED, sun.cpu.endian=little, user.home=C:\Users\Administrator, user.language=zh, spring.output.ansi.enabled=always, FILE_LOG_CHARSET=UTF-8, java.awt.graphicsenv=sun.awt.Win32GraphicsEnvironment, java.awt.headless=true, jakarta.persistence.validation.mode=AUTO, JM.LOG.PATH=C:\Users\Administrator\logs, spring.jmx.enabled=true, path.separator=;, os.version=10.0, java.endorsed.dirs=C:\Users\Administrator\.jdks\corretto-1.8.0_402\jre\lib\endorsed, java.runtime.name=OpenJDK Runtime Environment, hibernate.ejb.persistenceUnitName=default, spring.beaninfo.ignore=true, java.vm.name=OpenJDK 64-Bit Server VM, java.vendor.url.bug=https://github.com/corretto/corretto-8/issues/, catalina.home=C:\Users\Administrator\AppData\Local\Temp\tomcat.9485.918598641995418418, hibernate.physical_naming_strategy=org.hibernate.boot.model.naming.CamelCaseToUnderscoresNamingStrategy, user.dir=D:\a毕设\项目文件夹\后端\新建无权限\mock-ielts-app, os.arch=amd64, csp.sentinel.app.name=mock-ielts-topic, catalina.base=C:\Users\Administrator\AppData\Local\Temp\tomcat.9485.918598641995418418, hibernate.boot.CfgXmlAccessService.key=org.hibernate.boot.registry.StandardServiceRegistryBuilder$1@594c8879, java.vm.info=mixed mode, java.vm.version=25.402-b08, hibernate.bytecode.use_reflection_optimizer=false, java.ext.dirs=C:\Users\Administrator\.jdks\corretto-1.8.0_402\jre\lib\ext;C:\WINDOWS\Sun\Java\lib\ext, hibernate.connection.datasource={
	CreateTime:"2025-03-17 10:01:10",
	ActiveCount:0,
	PoolingCount:1,
	CreateCount:1,
	DestroyCount:0,
	CloseCount:2,
	ConnectCount:2,
	Connections:[
		{ID:1648306089, ConnectTime:"2025-03-17 10:01:11", UseCount:2, LastActiveTime:"2025-03-17 10:01:11"}
	]
}, java.class.version=52.0}
2025-03-17 10:01:11 [main] DEBUG o.h.secure.spi.JaccIntegrator - Skipping JACC integration as it was not enabled
2025-03-17 10:01:11 [main] DEBUG o.h.internal.SessionFactoryImpl - Instantiated session factory
2025-03-17 10:01:11 [main] DEBUG o.h.type.spi.TypeConfiguration$Scope - Scoping TypeConfiguration [org.hibernate.type.spi.TypeConfiguration@525dd5af] to SessionFactoryImpl [org.hibernate.internal.SessionFactoryImpl@63214338]
2025-03-17 10:01:11 [main] DEBUG o.h.t.s.s.SchemaManagementToolCoordinator - No actions specified; doing nothing
2025-03-17 10:01:11 [main] INFO  o.h.e.t.j.p.i.JtaPlatformInitiator - HHH000490: Using JtaPlatform implementation: [org.hibernate.engine.transaction.jta.platform.internal.NoJtaPlatform]
2025-03-17 10:01:11 [main] DEBUG o.h.query.spi.NamedQueryRepository - Checking 0 named HQL queries
2025-03-17 10:01:11 [main] DEBUG o.h.query.spi.NamedQueryRepository - Checking 0 named SQL queries
2025-03-17 10:01:11 [main] DEBUG o.h.s.i.SessionFactoryServiceRegistryImpl - EventListenerRegistry access via ServiceRegistry is deprecated.  Use `sessionFactory.getEventEngine().getListenerRegistry()` instead
2025-03-17 10:01:11 [main] DEBUG o.h.internal.SessionFactoryRegistry - Initializing SessionFactoryRegistry : org.hibernate.internal.SessionFactoryRegistry@25cccd85
2025-03-17 10:01:11 [main] DEBUG o.h.internal.SessionFactoryRegistry - Registering SessionFactory: caeefe58-f447-4080-95bb-9a9b34426fd5 (<unnamed>)
2025-03-17 10:01:11 [main] DEBUG o.h.internal.SessionFactoryRegistry - Not binding SessionFactory to JNDI, no JNDI name configured
2025-03-17 10:01:11 [main] INFO  o.s.o.j.LocalContainerEntityManagerFactoryBean - Initialized JPA EntityManagerFactory for persistence unit 'default'
2025-03-17 10:01:11 [main] DEBUG o.s.b.f.s.DefaultListableBeanFactory - Creating shared instance of singleton bean 'mockIeltsTopicApplication'
2025-03-17 10:01:11 [main] DEBUG o.s.b.f.s.DefaultListableBeanFactory - Creating shared instance of singleton bean 'bootstrapApplicationListener.BootstrapMarkerConfiguration'
2025-03-17 10:01:11 [main] DEBUG o.s.b.f.s.DefaultListableBeanFactory - Creating shared instance of singleton bean 'corsConfig'
2025-03-17 10:01:11 [main] DEBUG o.s.b.f.s.DefaultListableBeanFactory - Creating shared instance of singleton bean 'answerController'
2025-03-17 10:01:11 [main] DEBUG o.s.b.f.s.DefaultListableBeanFactory - Creating shared instance of singleton bean 'answerService'
2025-03-17 10:01:11 [main] DEBUG o.s.b.f.s.DefaultListableBeanFactory - Creating shared instance of singleton bean 'userAnswerRecordMapper'
2025-03-17 10:01:11 [main] DEBUG o.s.b.f.s.DefaultListableBeanFactory - Creating shared instance of singleton bean 'sqlSessionFactory'
2025-03-17 10:01:11 [main] DEBUG o.s.b.f.s.DefaultListableBeanFactory - Creating shared instance of singleton bean 'org.mybatis.spring.boot.autoconfigure.MybatisAutoConfiguration'
2025-03-17 10:01:11 [main] DEBUG o.s.c.LocalVariableTableParameterNameDiscoverer - Cannot find '.class' file for class [class org.mybatis.spring.boot.autoconfigure.MybatisAutoConfiguration$$EnhancerBySpringCGLIB$$3ae4adb0] - unable to determine constructor/method parameter names
2025-03-17 10:01:11 [main] DEBUG o.s.b.f.s.DefaultListableBeanFactory - Creating shared instance of singleton bean 'mybatis-org.mybatis.spring.boot.autoconfigure.MybatisProperties'
2025-03-17 10:01:11 [main] DEBUG o.s.b.f.s.DefaultListableBeanFactory - Autowiring by type from bean name 'org.mybatis.spring.boot.autoconfigure.MybatisAutoConfiguration' via constructor to bean named 'mybatis-org.mybatis.spring.boot.autoconfigure.MybatisProperties'
2025-03-17 10:01:11 [main] DEBUG o.s.b.f.s.DefaultListableBeanFactory - Autowiring by type from bean name 'org.mybatis.spring.boot.autoconfigure.MybatisAutoConfiguration' via constructor to bean named 'org.springframework.boot.web.servlet.context.AnnotationConfigServletWebServerApplicationContext@66b7550d'
2025-03-17 10:01:11 [main] DEBUG o.s.b.f.s.DefaultListableBeanFactory - Autowiring by type from bean name 'sqlSessionFactory' via factory method to bean named 'dataSource'
2025-03-17 10:01:11 [main] DEBUG o.m.spring.SqlSessionFactoryBean - Property 'mapperLocations' was not specified.
2025-03-17 10:01:11 [main] DEBUG o.s.b.f.s.DefaultListableBeanFactory - Creating shared instance of singleton bean 'sqlSessionTemplate'
2025-03-17 10:01:11 [main] DEBUG o.s.b.f.s.DefaultListableBeanFactory - Autowiring by type from bean name 'sqlSessionTemplate' via factory method to bean named 'sqlSessionFactory'
2025-03-17 10:01:12 [main] DEBUG o.s.b.f.s.DefaultListableBeanFactory - Creating shared instance of singleton bean 'userAnswerDetailMapper'
2025-03-17 10:01:12 [main] DEBUG o.s.b.f.s.DefaultListableBeanFactory - Creating shared instance of singleton bean 'answerMapper'
2025-03-17 10:01:12 [main] DEBUG o.s.b.f.s.DefaultListableBeanFactory - Creating shared instance of singleton bean 'readingController'
2025-03-17 10:01:12 [main] DEBUG o.s.b.f.s.DefaultListableBeanFactory - Creating shared instance of singleton bean 'readingService'
2025-03-17 10:01:12 [main] DEBUG o.s.b.f.s.DefaultListableBeanFactory - Creating shared instance of singleton bean 'readingMapper'
2025-03-17 10:01:12 [main] DEBUG o.s.b.f.s.DefaultListableBeanFactory - Creating shared instance of singleton bean 'questionMapper'
2025-03-17 10:01:12 [main] DEBUG o.s.b.f.s.DefaultListableBeanFactory - Creating shared instance of singleton bean 'writingAnswerController'
2025-03-17 10:01:12 [main] DEBUG o.s.b.f.s.DefaultListableBeanFactory - Creating shared instance of singleton bean 'writingAnswerService'
2025-03-17 10:01:12 [main] DEBUG o.s.b.f.s.DefaultListableBeanFactory - Creating shared instance of singleton bean 'writingAnswerRecordMapper'
2025-03-17 10:01:12 [main] DEBUG o.s.b.f.s.DefaultListableBeanFactory - Creating shared instance of singleton bean 'writingAnswerDetailMapper'
2025-03-17 10:01:12 [main] DEBUG o.s.b.f.s.DefaultListableBeanFactory - Creating shared instance of singleton bean 'writingTaskRecordMapper'
2025-03-17 10:01:12 [main] DEBUG o.s.b.f.s.DefaultListableBeanFactory - Creating shared instance of singleton bean 'writingQuestionController'
2025-03-17 10:01:12 [main] DEBUG o.s.b.f.s.DefaultListableBeanFactory - Creating shared instance of singleton bean 'writingQuestionService'
2025-03-17 10:01:12 [main] DEBUG o.s.b.f.s.DefaultListableBeanFactory - Creating shared instance of singleton bean 'writingQuestionMapper'
2025-03-17 10:01:12 [main] DEBUG o.s.b.f.s.DefaultListableBeanFactory - Creating shared instance of singleton bean 'nacosLoadBalancerClientConfiguration'
2025-03-17 10:01:12 [main] DEBUG o.s.b.f.s.DefaultListableBeanFactory - Creating shared instance of singleton bean 'nacosLoadBalancerClientConfiguration.BlockingSupportConfiguration'
2025-03-17 10:01:12 [main] DEBUG o.s.b.f.s.DefaultListableBeanFactory - Creating shared instance of singleton bean 'nacosConfigBootstrapConfiguration'
2025-03-17 10:01:12 [main] DEBUG o.s.b.f.s.DefaultListableBeanFactory - Creating shared instance of singleton bean 'sentinelAutoConfiguration.SentinelConverterConfiguration'
2025-03-17 10:01:12 [main] DEBUG o.s.b.f.s.DefaultListableBeanFactory - Creating shared instance of singleton bean 'sentinelAutoConfiguration.SentinelConverterConfiguration.SentinelJsonConfiguration'
2025-03-17 10:01:12 [main] DEBUG o.s.b.f.s.DefaultListableBeanFactory - Creating shared instance of singleton bean 'sentinelCircuitBreakerConfiguration'
2025-03-17 10:01:12 [main] DEBUG o.s.b.f.s.DefaultListableBeanFactory - Creating shared instance of singleton bean 'JSONPResponseBodyAdvice'
2025-03-17 10:01:12 [main] DEBUG o.s.b.f.s.DefaultListableBeanFactory - Creating shared instance of singleton bean 'fastJsonViewResponseBodyAdvice'
2025-03-17 10:01:12 [main] DEBUG o.s.b.f.s.DefaultListableBeanFactory - Creating shared instance of singleton bean 'fastJsonpResponseBodyAdvice'
2025-03-17 10:01:12 [main] DEBUG o.s.b.f.s.DefaultListableBeanFactory - Creating shared instance of singleton bean 'sentinelFeignClientAutoConfiguration.ReactiveSentinelCustomizerConfiguration'
2025-03-17 10:01:12 [main] DEBUG o.s.b.f.s.DefaultListableBeanFactory - Creating shared instance of singleton bean 'sentinelFeignClientAutoConfiguration.CircuitBreakerNameResolverConfiguration'
2025-03-17 10:01:12 [main] DEBUG o.s.b.f.s.DefaultListableBeanFactory - Creating shared instance of singleton bean 'sentinelFeignClientAutoConfiguration.CircuitBreakerListenerConfiguration'
2025-03-17 10:01:12 [main] DEBUG o.s.b.f.s.DefaultListableBeanFactory - Creating shared instance of singleton bean 'sentinelFeignClientAutoConfiguration.SentinelCustomizerConfiguration'
2025-03-17 10:01:12 [main] DEBUG o.s.b.f.s.DefaultListableBeanFactory - Creating shared instance of singleton bean 'corsConfigurer'
2025-03-17 10:01:12 [main] DEBUG o.s.b.f.s.DefaultListableBeanFactory - Creating shared instance of singleton bean 'nacosLoadBalancer'
2025-03-17 10:01:12 [main] DEBUG o.s.b.f.s.DefaultListableBeanFactory - Creating shared instance of singleton bean 'loadBalancerClientFactory'
2025-03-17 10:01:12 [main] DEBUG o.s.b.f.s.DefaultListableBeanFactory - Creating shared instance of singleton bean 'org.springframework.cloud.loadbalancer.config.LoadBalancerAutoConfiguration'
2025-03-17 10:01:12 [main] DEBUG o.s.b.f.s.DefaultListableBeanFactory - Creating shared instance of singleton bean 'spring.cloud.loadbalancer-org.springframework.cloud.client.loadbalancer.LoadBalancerClientsProperties'
2025-03-17 10:01:12 [main] DEBUG o.s.b.f.s.DefaultListableBeanFactory - Autowiring by type from bean name 'loadBalancerClientFactory' via factory method to bean named 'spring.cloud.loadbalancer-org.springframework.cloud.client.loadbalancer.LoadBalancerClientsProperties'
2025-03-17 10:01:12 [main] DEBUG o.s.b.f.s.DefaultListableBeanFactory - Creating shared instance of singleton bean 'default.org.springframework.cloud.loadbalancer.config.LoadBalancerAutoConfiguration.LoadBalancerClientSpecification'
2025-03-17 10:01:12 [main] DEBUG o.s.b.f.s.DefaultListableBeanFactory - Creating shared instance of singleton bean 'default.org.springframework.cloud.loadbalancer.config.BlockingLoadBalancerClientAutoConfiguration.LoadBalancerClientSpecification'
2025-03-17 10:01:12 [main] DEBUG o.s.b.f.s.DefaultListableBeanFactory - Creating shared instance of singleton bean 'nacosProperties'
2025-03-17 10:01:12 [main] DEBUG o.s.b.f.s.DefaultListableBeanFactory - Creating shared instance of singleton bean 'com.alibaba.cloud.nacos.discovery.NacosDiscoveryAutoConfiguration'
2025-03-17 10:01:12 [main] DEBUG o.s.c.e.PropertySourcesPropertyResolver - Found key 'spring.application.name' in PropertySource 'environmentProperties' with value of type String
2025-03-17 10:01:12 [main] DEBUG o.s.b.f.s.DefaultListableBeanFactory - Creating shared instance of singleton bean 'inetUtils'
2025-03-17 10:01:12 [main] DEBUG o.s.b.f.s.DefaultListableBeanFactory - Creating shared instance of singleton bean 'org.springframework.cloud.commons.util.UtilAutoConfiguration'
2025-03-17 10:01:12 [main] DEBUG o.s.b.f.s.DefaultListableBeanFactory - Creating shared instance of singleton bean 'inetUtilsProperties'
2025-03-17 10:01:12 [main] DEBUG o.s.b.f.s.DefaultListableBeanFactory - Autowiring by type from bean name 'inetUtils' via factory method to bean named 'inetUtilsProperties'
2025-03-17 10:01:12 [main] DEBUG o.s.b.f.s.DefaultListableBeanFactory - Creating shared instance of singleton bean 'nacosServiceManager'
2025-03-17 10:01:12 [main] DEBUG o.s.b.f.s.DefaultListableBeanFactory - Creating shared instance of singleton bean 'com.alibaba.cloud.nacos.NacosServiceAutoConfiguration'
2025-03-17 10:01:12 [main] DEBUG o.s.b.f.s.DefaultListableBeanFactory - Autowiring by type from bean name 'nacosLoadBalancer' via factory method to bean named 'environment'
2025-03-17 10:01:12 [main] DEBUG o.s.b.f.s.DefaultListableBeanFactory - Autowiring by type from bean name 'nacosLoadBalancer' via factory method to bean named 'loadBalancerClientFactory'
2025-03-17 10:01:12 [main] DEBUG o.s.b.f.s.DefaultListableBeanFactory - Autowiring by type from bean name 'nacosLoadBalancer' via factory method to bean named 'nacosProperties'
2025-03-17 10:01:12 [main] DEBUG o.s.b.f.s.DefaultListableBeanFactory - Creating shared instance of singleton bean 'nacosPropertySourceLocator'
2025-03-17 10:01:12 [main] DEBUG o.s.b.f.s.DefaultListableBeanFactory - Creating shared instance of singleton bean 'nacosConfigManager'
2025-03-17 10:01:12 [main] DEBUG o.s.b.f.s.DefaultListableBeanFactory - Creating shared instance of singleton bean 'com.alibaba.cloud.nacos.NacosConfigAutoConfiguration'
2025-03-17 10:01:12 [main] DEBUG o.s.b.f.s.DefaultListableBeanFactory - Creating shared instance of singleton bean 'nacosConfigProperties'
2025-03-17 10:01:12 [main] DEBUG o.s.b.f.s.DefaultListableBeanFactory - Autowiring by type from bean name 'nacosConfigProperties' via factory method to bean named 'org.springframework.boot.web.servlet.context.AnnotationConfigServletWebServerApplicationContext@66b7550d'
2025-03-17 10:01:12 [main] DEBUG o.s.b.f.s.DefaultListableBeanFactory - Autowiring by type from bean name 'nacosConfigManager' via factory method to bean named 'nacosConfigProperties'
2025-03-17 10:01:12 [main] DEBUG o.s.b.f.s.DefaultListableBeanFactory - Autowiring by type from bean name 'nacosPropertySourceLocator' via factory method to bean named 'nacosConfigManager'
2025-03-17 10:01:12 [main] DEBUG o.s.b.f.s.DefaultListableBeanFactory - Creating shared instance of singleton bean 'sentinel-json-flow-converter'
2025-03-17 10:01:12 [main] DEBUG o.s.b.f.s.DefaultListableBeanFactory - Creating shared instance of singleton bean 'sentinel-json-degrade-converter'
2025-03-17 10:01:12 [main] DEBUG o.s.b.f.s.DefaultListableBeanFactory - Creating shared instance of singleton bean 'sentinel-json-system-converter'
2025-03-17 10:01:12 [main] DEBUG o.s.b.f.s.DefaultListableBeanFactory - Creating shared instance of singleton bean 'sentinel-json-authority-converter'
2025-03-17 10:01:12 [main] DEBUG o.s.b.f.s.DefaultListableBeanFactory - Creating shared instance of singleton bean 'sentinel-json-param-flow-converter'
2025-03-17 10:01:12 [main] DEBUG o.s.b.f.s.DefaultListableBeanFactory - Creating shared instance of singleton bean 'reactiveConfigureRulesCustomizer'
2025-03-17 10:01:12 [main] DEBUG o.s.b.f.s.DefaultListableBeanFactory - Creating shared instance of singleton bean 'feign.sentinel-com.alibaba.cloud.circuitbreaker.sentinel.feign.SentinelFeignClientProperties'
2025-03-17 10:01:12 [main] DEBUG o.s.b.f.s.DefaultListableBeanFactory - Autowiring by type from bean name 'reactiveConfigureRulesCustomizer' via factory method to bean named 'feign.sentinel-com.alibaba.cloud.circuitbreaker.sentinel.feign.SentinelFeignClientProperties'
2025-03-17 10:01:12 [main] DEBUG o.s.b.f.s.DefaultListableBeanFactory - Creating shared instance of singleton bean 'feignClientCircuitNameResolver'
2025-03-17 10:01:12 [main] DEBUG o.s.b.f.s.DefaultListableBeanFactory - Creating shared instance of singleton bean 'reactiveSentinelCircuitBreakerFactory'
2025-03-17 10:01:12 [main] DEBUG o.s.b.f.s.DefaultListableBeanFactory - Creating shared instance of singleton bean 'com.alibaba.cloud.circuitbreaker.sentinel.ReactiveSentinelCircuitBreakerAutoConfiguration'
2025-03-17 10:01:12 [main] DEBUG o.s.b.f.s.DefaultListableBeanFactory - Creating shared instance of singleton bean 'sentinelCircuitBreakerFactory'
2025-03-17 10:01:12 [main] DEBUG o.s.b.f.s.DefaultListableBeanFactory - Creating shared instance of singleton bean 'com.alibaba.cloud.circuitbreaker.sentinel.SentinelCircuitBreakerAutoConfiguration'
2025-03-17 10:01:12 [main] DEBUG o.s.b.f.s.DefaultListableBeanFactory - Creating shared instance of singleton bean 'configureRulesCustomizer'
2025-03-17 10:01:12 [main] DEBUG o.s.b.f.s.DefaultListableBeanFactory - Autowiring by type from bean name 'configureRulesCustomizer' via factory method to bean named 'feign.sentinel-com.alibaba.cloud.circuitbreaker.sentinel.feign.SentinelFeignClientProperties'
2025-03-17 10:01:12 [main] DEBUG o.s.b.f.s.DefaultListableBeanFactory - Creating shared instance of singleton bean 'circuitBreakerRuleChangeListener'
2025-03-17 10:01:12 [main] DEBUG o.s.b.f.s.DefaultListableBeanFactory - Creating shared instance of singleton bean 'org.springframework.boot.autoconfigure.context.PropertyPlaceholderAutoConfiguration'
2025-03-17 10:01:12 [main] DEBUG o.s.b.f.s.DefaultListableBeanFactory - Creating shared instance of singleton bean 'org.springframework.boot.autoconfigure.websocket.servlet.WebSocketServletAutoConfiguration'
2025-03-17 10:01:12 [main] DEBUG o.s.b.f.s.DefaultListableBeanFactory - Creating shared instance of singleton bean 'org.springframework.boot.context.properties.EnableConfigurationPropertiesRegistrar.methodValidationExcludeFilter'
2025-03-17 10:01:12 [main] DEBUG o.s.b.f.s.DefaultListableBeanFactory - Creating shared instance of singleton bean 'org.springframework.boot.autoconfigure.web.servlet.DispatcherServletAutoConfiguration'
2025-03-17 10:01:12 [main] DEBUG o.s.b.f.s.DefaultListableBeanFactory - Creating shared instance of singleton bean 'org.springframework.boot.autoconfigure.task.TaskExecutionAutoConfiguration'
2025-03-17 10:01:12 [main] DEBUG o.s.b.f.s.DefaultListableBeanFactory - Creating shared instance of singleton bean 'taskExecutorBuilder'
2025-03-17 10:01:12 [main] DEBUG o.s.b.f.s.DefaultListableBeanFactory - Creating shared instance of singleton bean 'spring.task.execution-org.springframework.boot.autoconfigure.task.TaskExecutionProperties'
2025-03-17 10:01:12 [main] DEBUG o.s.b.f.s.DefaultListableBeanFactory - Autowiring by type from bean name 'taskExecutorBuilder' via factory method to bean named 'spring.task.execution-org.springframework.boot.autoconfigure.task.TaskExecutionProperties'
2025-03-17 10:01:12 [main] DEBUG o.s.b.f.s.DefaultListableBeanFactory - Creating shared instance of singleton bean 'org.springframework.boot.autoconfigure.web.servlet.error.ErrorMvcAutoConfiguration$WhitelabelErrorViewConfiguration'
2025-03-17 10:01:12 [main] DEBUG o.s.b.f.s.DefaultListableBeanFactory - Creating shared instance of singleton bean 'error'
2025-03-17 10:01:12 [main] DEBUG o.s.b.f.s.DefaultListableBeanFactory - Creating shared instance of singleton bean 'beanNameViewResolver'
2025-03-17 10:01:12 [main] DEBUG o.s.b.f.s.DefaultListableBeanFactory - Creating shared instance of singleton bean 'org.springframework.boot.autoconfigure.web.servlet.error.ErrorMvcAutoConfiguration$DefaultErrorViewResolverConfiguration'
2025-03-17 10:01:12 [main] DEBUG o.s.b.f.s.DefaultListableBeanFactory - Creating shared instance of singleton bean 'spring.web-org.springframework.boot.autoconfigure.web.WebProperties'
2025-03-17 10:01:12 [main] DEBUG o.s.b.f.s.DefaultListableBeanFactory - Autowiring by type from bean name 'org.springframework.boot.autoconfigure.web.servlet.error.ErrorMvcAutoConfiguration$DefaultErrorViewResolverConfiguration' via constructor to bean named 'org.springframework.boot.web.servlet.context.AnnotationConfigServletWebServerApplicationContext@66b7550d'
2025-03-17 10:01:12 [main] DEBUG o.s.b.f.s.DefaultListableBeanFactory - Autowiring by type from bean name 'org.springframework.boot.autoconfigure.web.servlet.error.ErrorMvcAutoConfiguration$DefaultErrorViewResolverConfiguration' via constructor to bean named 'spring.web-org.springframework.boot.autoconfigure.web.WebProperties'
2025-03-17 10:01:12 [main] DEBUG o.s.b.f.s.DefaultListableBeanFactory - Creating shared instance of singleton bean 'conventionErrorViewResolver'
2025-03-17 10:01:13 [main] DEBUG o.s.b.f.s.DefaultListableBeanFactory - Creating shared instance of singleton bean 'errorAttributes'
2025-03-17 10:01:13 [main] DEBUG o.s.b.f.s.DefaultListableBeanFactory - Creating shared instance of singleton bean 'basicErrorController'
2025-03-17 10:01:13 [main] DEBUG o.s.b.f.s.DefaultListableBeanFactory - Autowiring by type from bean name 'basicErrorController' via factory method to bean named 'errorAttributes'
2025-03-17 10:01:13 [main] DEBUG o.s.b.f.s.DefaultListableBeanFactory - Creating shared instance of singleton bean 'org.springframework.boot.autoconfigure.web.servlet.WebMvcAutoConfiguration$EnableWebMvcConfiguration'
2025-03-17 10:01:13 [main] DEBUG o.s.b.f.s.DefaultListableBeanFactory - Autowiring by type from bean name 'org.springframework.boot.autoconfigure.web.servlet.WebMvcAutoConfiguration$EnableWebMvcConfiguration' via constructor to bean named 'spring.mvc-org.springframework.boot.autoconfigure.web.servlet.WebMvcProperties'
2025-03-17 10:01:13 [main] DEBUG o.s.b.f.s.DefaultListableBeanFactory - Autowiring by type from bean name 'org.springframework.boot.autoconfigure.web.servlet.WebMvcAutoConfiguration$EnableWebMvcConfiguration' via constructor to bean named 'spring.web-org.springframework.boot.autoconfigure.web.WebProperties'
2025-03-17 10:01:13 [main] DEBUG o.s.b.f.s.DefaultListableBeanFactory - Autowiring by type from bean name 'org.springframework.boot.autoconfigure.web.servlet.WebMvcAutoConfiguration$EnableWebMvcConfiguration' via constructor to bean named 'org.springframework.beans.factory.support.DefaultListableBeanFactory@4275c20c'
2025-03-17 10:01:13 [main] DEBUG o.s.b.f.s.DefaultListableBeanFactory - Creating shared instance of singleton bean 'org.springframework.boot.autoconfigure.web.servlet.WebMvcAutoConfiguration$WebMvcAutoConfigurationAdapter'
2025-03-17 10:01:13 [main] DEBUG o.s.b.f.s.DefaultListableBeanFactory - Autowiring by type from bean name 'org.springframework.boot.autoconfigure.web.servlet.WebMvcAutoConfiguration$WebMvcAutoConfigurationAdapter' via constructor to bean named 'spring.web-org.springframework.boot.autoconfigure.web.WebProperties'
2025-03-17 10:01:13 [main] DEBUG o.s.b.f.s.DefaultListableBeanFactory - Autowiring by type from bean name 'org.springframework.boot.autoconfigure.web.servlet.WebMvcAutoConfiguration$WebMvcAutoConfigurationAdapter' via constructor to bean named 'spring.mvc-org.springframework.boot.autoconfigure.web.servlet.WebMvcProperties'
2025-03-17 10:01:13 [main] DEBUG o.s.b.f.s.DefaultListableBeanFactory - Autowiring by type from bean name 'org.springframework.boot.autoconfigure.web.servlet.WebMvcAutoConfiguration$WebMvcAutoConfigurationAdapter' via constructor to bean named 'org.springframework.beans.factory.support.DefaultListableBeanFactory@4275c20c'
2025-03-17 10:01:13 [main] DEBUG o.s.b.f.s.DefaultListableBeanFactory - Creating shared instance of singleton bean 'com.alibaba.cloud.sentinel.SentinelWebAutoConfiguration'
2025-03-17 10:01:13 [main] DEBUG o.s.b.f.s.DefaultListableBeanFactory - Creating shared instance of singleton bean 'sentinelWebMvcConfigurer'
2025-03-17 10:01:13 [main] DEBUG o.s.b.f.s.DefaultListableBeanFactory - Creating shared instance of singleton bean 'sentinelWebInterceptor'
2025-03-17 10:01:13 [main] DEBUG o.s.b.f.s.DefaultListableBeanFactory - Creating shared instance of singleton bean 'sentinelWebMvcConfig'
2025-03-17 10:01:13 [main] DEBUG o.s.b.f.s.DefaultListableBeanFactory - Autowiring by type from bean name 'sentinelWebInterceptor' via factory method to bean named 'sentinelWebMvcConfig'
2025-03-17 10:01:13 [main] DEBUG o.s.b.f.s.DefaultListableBeanFactory - Creating shared instance of singleton bean 'openEntityManagerInViewInterceptorConfigurer'
2025-03-17 10:01:13 [main] DEBUG o.s.b.f.s.DefaultListableBeanFactory - Creating shared instance of singleton bean 'org.springframework.boot.autoconfigure.orm.jpa.JpaBaseConfiguration$JpaWebConfiguration'
2025-03-17 10:01:13 [main] DEBUG o.s.b.f.s.DefaultListableBeanFactory - Autowiring by type from bean name 'org.springframework.boot.autoconfigure.orm.jpa.JpaBaseConfiguration$JpaWebConfiguration' via constructor to bean named 'spring.jpa-org.springframework.boot.autoconfigure.orm.jpa.JpaProperties'
2025-03-17 10:01:13 [main] DEBUG o.s.b.f.s.DefaultListableBeanFactory - Creating shared instance of singleton bean 'openEntityManagerInViewInterceptor'
2025-03-17 10:01:13 [main] WARN  o.s.b.a.o.j.JpaBaseConfiguration$JpaWebConfiguration - spring.jpa.open-in-view is enabled by default. Therefore, database queries may be performed during view rendering. Explicitly configure spring.jpa.open-in-view to disable this warning
2025-03-17 10:01:13 [main] DEBUG o.s.b.f.s.DefaultListableBeanFactory - Autowiring by type from bean name 'openEntityManagerInViewInterceptorConfigurer' via factory method to bean named 'openEntityManagerInViewInterceptor'
2025-03-17 10:01:13 [main] DEBUG o.s.b.f.s.DefaultListableBeanFactory - Creating shared instance of singleton bean 'org.springframework.data.web.config.SpringDataWebConfiguration'
2025-03-17 10:01:13 [main] DEBUG o.s.b.f.s.DefaultListableBeanFactory - Autowiring by type from bean name 'org.springframework.data.web.config.SpringDataWebConfiguration' via constructor to bean named 'org.springframework.boot.web.servlet.context.AnnotationConfigServletWebServerApplicationContext@66b7550d'
2025-03-17 10:01:13 [main] DEBUG o.s.b.f.s.DefaultListableBeanFactory - Creating shared instance of singleton bean 'requestMappingHandlerAdapter'
2025-03-17 10:01:13 [main] DEBUG o.s.b.f.s.DefaultListableBeanFactory - Creating shared instance of singleton bean 'mvcContentNegotiationManager'
2025-03-17 10:01:13 [main] DEBUG o.s.b.f.s.DefaultListableBeanFactory - Creating shared instance of singleton bean 'mvcConversionService'
2025-03-17 10:01:13 [main] DEBUG o.s.b.f.s.DefaultListableBeanFactory - Creating shared instance of singleton bean 'mvcValidator'
2025-03-17 10:01:13 [main] DEBUG o.s.b.f.s.DefaultListableBeanFactory - Autowiring by type from bean name 'requestMappingHandlerAdapter' via factory method to bean named 'mvcContentNegotiationManager'
2025-03-17 10:01:13 [main] DEBUG o.s.b.f.s.DefaultListableBeanFactory - Autowiring by type from bean name 'requestMappingHandlerAdapter' via factory method to bean named 'mvcConversionService'
2025-03-17 10:01:13 [main] DEBUG o.s.b.f.s.DefaultListableBeanFactory - Autowiring by type from bean name 'requestMappingHandlerAdapter' via factory method to bean named 'mvcValidator'
2025-03-17 10:01:13 [main] DEBUG o.s.b.f.s.DefaultListableBeanFactory - Autowiring by type from bean name 'requestMappingHandlerAdapter' via factory method to bean named 'mvcContentNegotiationManager'
2025-03-17 10:01:13 [main] DEBUG o.s.b.f.s.DefaultListableBeanFactory - Autowiring by type from bean name 'requestMappingHandlerAdapter' via factory method to bean named 'mvcConversionService'
2025-03-17 10:01:13 [main] DEBUG o.s.b.f.s.DefaultListableBeanFactory - Autowiring by type from bean name 'requestMappingHandlerAdapter' via factory method to bean named 'mvcValidator'
2025-03-17 10:01:13 [main] DEBUG o.s.b.f.s.DefaultListableBeanFactory - Creating shared instance of singleton bean 'messageConverters'
2025-03-17 10:01:13 [main] DEBUG o.s.b.f.s.DefaultListableBeanFactory - Creating shared instance of singleton bean 'org.springframework.boot.autoconfigure.http.HttpMessageConvertersAutoConfiguration'
2025-03-17 10:01:13 [main] DEBUG o.s.b.f.s.DefaultListableBeanFactory - Creating shared instance of singleton bean 'stringHttpMessageConverter'
2025-03-17 10:01:13 [main] DEBUG o.s.b.f.s.DefaultListableBeanFactory - Creating shared instance of singleton bean 'org.springframework.boot.autoconfigure.http.HttpMessageConvertersAutoConfiguration$StringHttpMessageConverterConfiguration'
2025-03-17 10:01:13 [main] DEBUG o.s.b.f.s.DefaultListableBeanFactory - Autowiring by type from bean name 'stringHttpMessageConverter' via factory method to bean named 'environment'
2025-03-17 10:01:13 [main] DEBUG o.s.b.f.s.DefaultListableBeanFactory - Creating shared instance of singleton bean 'mappingJackson2HttpMessageConverter'
2025-03-17 10:01:13 [main] DEBUG o.s.b.f.s.DefaultListableBeanFactory - Creating shared instance of singleton bean 'org.springframework.boot.autoconfigure.http.JacksonHttpMessageConvertersConfiguration$MappingJackson2HttpMessageConverterConfiguration'
2025-03-17 10:01:13 [main] DEBUG o.s.b.f.s.DefaultListableBeanFactory - Creating shared instance of singleton bean 'jacksonObjectMapper'
2025-03-17 10:01:13 [main] DEBUG o.s.b.f.s.DefaultListableBeanFactory - Creating shared instance of singleton bean 'org.springframework.boot.autoconfigure.jackson.JacksonAutoConfiguration$JacksonObjectMapperConfiguration'
2025-03-17 10:01:13 [main] DEBUG o.s.b.f.s.DefaultListableBeanFactory - Creating shared instance of singleton bean 'org.springframework.boot.autoconfigure.jackson.JacksonAutoConfiguration$JacksonObjectMapperBuilderConfiguration'
2025-03-17 10:01:13 [main] DEBUG o.s.b.f.s.DefaultListableBeanFactory - Creating shared instance of singleton bean 'standardJacksonObjectMapperBuilderCustomizer'
2025-03-17 10:01:13 [main] DEBUG o.s.b.f.s.DefaultListableBeanFactory - Creating shared instance of singleton bean 'org.springframework.boot.autoconfigure.jackson.JacksonAutoConfiguration$Jackson2ObjectMapperBuilderCustomizerConfiguration'
2025-03-17 10:01:13 [main] DEBUG o.s.b.f.s.DefaultListableBeanFactory - Creating shared instance of singleton bean 'spring.jackson-org.springframework.boot.autoconfigure.jackson.JacksonProperties'
2025-03-17 10:01:13 [main] DEBUG o.s.b.f.s.DefaultListableBeanFactory - Autowiring by type from bean name 'standardJacksonObjectMapperBuilderCustomizer' via factory method to bean named 'org.springframework.boot.web.servlet.context.AnnotationConfigServletWebServerApplicationContext@66b7550d'
2025-03-17 10:01:13 [main] DEBUG o.s.b.f.s.DefaultListableBeanFactory - Autowiring by type from bean name 'standardJacksonObjectMapperBuilderCustomizer' via factory method to bean named 'spring.jackson-org.springframework.boot.autoconfigure.jackson.JacksonProperties'
2025-03-17 10:01:13 [main] DEBUG o.s.b.f.s.DefaultListableBeanFactory - Autowiring by type from bean name 'jacksonObjectMapperBuilder' via factory method to bean named 'org.springframework.boot.web.servlet.context.AnnotationConfigServletWebServerApplicationContext@66b7550d'
2025-03-17 10:01:13 [main] DEBUG o.s.b.f.s.DefaultListableBeanFactory - Autowiring by type from bean name 'jacksonObjectMapperBuilder' via factory method to bean named 'standardJacksonObjectMapperBuilderCustomizer'
2025-03-17 10:01:13 [main] DEBUG o.s.b.f.s.DefaultListableBeanFactory - Creating shared instance of singleton bean 'parameterNamesModule'
2025-03-17 10:01:13 [main] DEBUG o.s.b.f.s.DefaultListableBeanFactory - Creating shared instance of singleton bean 'org.springframework.boot.autoconfigure.jackson.JacksonAutoConfiguration$ParameterNamesModuleConfiguration'
2025-03-17 10:01:13 [main] DEBUG o.s.b.f.s.DefaultListableBeanFactory - Creating shared instance of singleton bean 'jsonComponentModule'
2025-03-17 10:01:13 [main] DEBUG o.s.b.f.s.DefaultListableBeanFactory - Creating shared instance of singleton bean 'org.springframework.boot.autoconfigure.jackson.JacksonAutoConfiguration'
2025-03-17 10:01:13 [main] DEBUG o.s.b.f.s.DefaultListableBeanFactory - Creating shared instance of singleton bean 'jacksonGeoModule'
2025-03-17 10:01:13 [main] DEBUG o.s.b.f.s.DefaultListableBeanFactory - Creating shared instance of singleton bean 'org.springframework.data.web.config.SpringDataJacksonConfiguration'
2025-03-17 10:01:13 [main] DEBUG o.s.b.f.s.DefaultListableBeanFactory - Autowiring by type from bean name 'jacksonObjectMapper' via factory method to bean named 'jacksonObjectMapperBuilder'
2025-03-17 10:01:13 [main] DEBUG o.s.b.f.s.DefaultListableBeanFactory - Autowiring by type from bean name 'mappingJackson2HttpMessageConverter' via factory method to bean named 'jacksonObjectMapper'
2025-03-17 10:01:13 [main] DEBUG o.s.b.f.s.DefaultListableBeanFactory - Creating shared instance of singleton bean 'sortResolver'
2025-03-17 10:01:13 [main] DEBUG o.s.b.f.s.DefaultListableBeanFactory - Creating shared instance of singleton bean 'sortCustomizer'
2025-03-17 10:01:13 [main] DEBUG o.s.b.f.s.DefaultListableBeanFactory - Creating shared instance of singleton bean 'org.springframework.boot.autoconfigure.data.web.SpringDataWebAutoConfiguration'
2025-03-17 10:01:13 [main] DEBUG o.s.b.f.s.DefaultListableBeanFactory - Creating shared instance of singleton bean 'spring.data.web-org.springframework.boot.autoconfigure.data.web.SpringDataWebProperties'
2025-03-17 10:01:13 [main] DEBUG o.s.b.f.s.DefaultListableBeanFactory - Autowiring by type from bean name 'org.springframework.boot.autoconfigure.data.web.SpringDataWebAutoConfiguration' via constructor to bean named 'spring.data.web-org.springframework.boot.autoconfigure.data.web.SpringDataWebProperties'
2025-03-17 10:01:13 [main] DEBUG o.s.b.f.s.DefaultListableBeanFactory - Creating shared instance of singleton bean 'pageableResolver'
2025-03-17 10:01:13 [main] DEBUG o.s.b.f.s.DefaultListableBeanFactory - Creating shared instance of singleton bean 'pageableCustomizer'
2025-03-17 10:01:13 [main] DEBUG o.s.b.f.s.DefaultListableBeanFactory - Creating shared instance of singleton bean 'applicationTaskExecutor'
2025-03-17 10:01:13 [main] DEBUG o.s.b.f.s.DefaultListableBeanFactory - Autowiring by type from bean name 'applicationTaskExecutor' via factory method to bean named 'taskExecutorBuilder'
2025-03-17 10:01:13 [main] DEBUG o.s.s.c.ThreadPoolTaskExecutor - Initializing ExecutorService 'applicationTaskExecutor'
2025-03-17 10:01:13 [main] DEBUG o.s.w.s.m.m.a.RequestMappingHandlerAdapter - ControllerAdvice beans: 0 @ModelAttribute, 0 @InitBinder, 1 RequestBodyAdvice, 4 ResponseBodyAdvice
2025-03-17 10:01:13 [main] DEBUG o.s.b.f.s.DefaultListableBeanFactory - Creating shared instance of singleton bean 'requestMappingHandlerMapping'
2025-03-17 10:01:13 [main] DEBUG o.s.b.f.s.DefaultListableBeanFactory - Creating shared instance of singleton bean 'mvcResourceUrlProvider'
2025-03-17 10:01:13 [main] DEBUG o.s.b.f.s.DefaultListableBeanFactory - Autowiring by type from bean name 'requestMappingHandlerMapping' via factory method to bean named 'mvcContentNegotiationManager'
2025-03-17 10:01:13 [main] DEBUG o.s.b.f.s.DefaultListableBeanFactory - Autowiring by type from bean name 'requestMappingHandlerMapping' via factory method to bean named 'mvcConversionService'
2025-03-17 10:01:13 [main] DEBUG o.s.b.f.s.DefaultListableBeanFactory - Autowiring by type from bean name 'requestMappingHandlerMapping' via factory method to bean named 'mvcResourceUrlProvider'
2025-03-17 10:01:13 [main] DEBUG o.s.b.f.s.DefaultListableBeanFactory - Autowiring by type from bean name 'requestMappingHandlerMapping' via factory method to bean named 'mvcContentNegotiationManager'
2025-03-17 10:01:13 [main] DEBUG o.s.b.f.s.DefaultListableBeanFactory - Autowiring by type from bean name 'requestMappingHandlerMapping' via factory method to bean named 'mvcConversionService'
2025-03-17 10:01:13 [main] DEBUG o.s.b.f.s.DefaultListableBeanFactory - Autowiring by type from bean name 'requestMappingHandlerMapping' via factory method to bean named 'mvcResourceUrlProvider'
2025-03-17 10:01:13 [main] INFO  c.a.c.s.SentinelWebMvcConfigurer - [Sentinel Starter] register SentinelWebInterceptor with urlPatterns: [/**].
2025-03-17 10:01:13 [main] DEBUG _.s.w.s.HandlerMapping.Mappings - 
	c.a.c.r.AnswerController:
	{POST [/topic/answers/save]}: saveAnswers(List)
	{POST [/topic/answers/getscores]}: validateAnswers(UserAnswerRecord)
2025-03-17 10:01:13 [main] DEBUG _.s.w.s.HandlerMapping.Mappings - 
	c.a.c.r.ReadingController:
	{GET [/topic/reading/test]}: test()
	{DELETE [/topic/reading/admin/delete/{id}]}: deleteReadingWithQuestionsAndAnswers(Long)
	{POST [/topic/reading/admin/add]}: addReadingWithQuestionsAndAnswers(Reading)
	{GET [/topic/reading/user/{id}]}: getReadingWithQuestions(Long)
2025-03-17 10:01:13 [main] DEBUG _.s.w.s.HandlerMapping.Mappings - 
	c.a.c.w.WritingAnswerController:
	{POST [/topic/writing/answers/save]}: saveWritingAnswers(List)
2025-03-17 10:01:13 [main] DEBUG _.s.w.s.HandlerMapping.Mappings - 
	c.a.c.w.WritingQuestionController:
	{GET [/topic/writing/get/questions/{recordId}]}: getWritingQuestionsByRecordId(Long)
	{POST [/topic/writing/save]}: addWritingQuestions(WritingQuestionsRequest)
2025-03-17 10:01:13 [main] DEBUG _.s.w.s.HandlerMapping.Mappings - 
	o.s.b.a.w.s.e.BasicErrorController:
	{ [/error]}: error(HttpServletRequest)
	{ [/error], produces [text/html]}: errorHtml(HttpServletRequest,HttpServletResponse)
2025-03-17 10:01:13 [main] DEBUG o.s.w.s.m.m.a.RequestMappingHandlerMapping - 11 mappings in 'requestMappingHandlerMapping'
2025-03-17 10:01:13 [main] DEBUG o.s.b.f.s.DefaultListableBeanFactory - Creating shared instance of singleton bean 'welcomePageHandlerMapping'
2025-03-17 10:01:13 [main] DEBUG o.s.b.f.s.DefaultListableBeanFactory - Autowiring by type from bean name 'welcomePageHandlerMapping' via factory method to bean named 'org.springframework.boot.web.servlet.context.AnnotationConfigServletWebServerApplicationContext@66b7550d'
2025-03-17 10:01:13 [main] DEBUG o.s.b.f.s.DefaultListableBeanFactory - Autowiring by type from bean name 'welcomePageHandlerMapping' via factory method to bean named 'mvcConversionService'
2025-03-17 10:01:13 [main] DEBUG o.s.b.f.s.DefaultListableBeanFactory - Autowiring by type from bean name 'welcomePageHandlerMapping' via factory method to bean named 'mvcResourceUrlProvider'
2025-03-17 10:01:13 [main] DEBUG o.s.b.f.s.DefaultListableBeanFactory - Creating shared instance of singleton bean 'localeResolver'
2025-03-17 10:01:13 [main] DEBUG o.s.b.f.s.DefaultListableBeanFactory - Creating shared instance of singleton bean 'themeResolver'
2025-03-17 10:01:13 [main] DEBUG o.s.b.f.s.DefaultListableBeanFactory - Creating shared instance of singleton bean 'flashMapManager'
2025-03-17 10:01:13 [main] DEBUG o.s.b.f.s.DefaultListableBeanFactory - Creating shared instance of singleton bean 'mvcPatternParser'
2025-03-17 10:01:13 [main] DEBUG o.s.b.f.s.DefaultListableBeanFactory - Creating shared instance of singleton bean 'mvcUrlPathHelper'
2025-03-17 10:01:13 [main] DEBUG o.s.b.f.s.DefaultListableBeanFactory - Creating shared instance of singleton bean 'mvcPathMatcher'
2025-03-17 10:01:13 [main] DEBUG o.s.b.f.s.DefaultListableBeanFactory - Creating shared instance of singleton bean 'viewControllerHandlerMapping'
2025-03-17 10:01:13 [main] DEBUG o.s.b.f.s.DefaultListableBeanFactory - Autowiring by type from bean name 'viewControllerHandlerMapping' via factory method to bean named 'mvcConversionService'
2025-03-17 10:01:13 [main] DEBUG o.s.b.f.s.DefaultListableBeanFactory - Autowiring by type from bean name 'viewControllerHandlerMapping' via factory method to bean named 'mvcResourceUrlProvider'
2025-03-17 10:01:13 [main] DEBUG o.s.b.f.s.DefaultListableBeanFactory - Creating shared instance of singleton bean 'beanNameHandlerMapping'
2025-03-17 10:01:13 [main] DEBUG o.s.b.f.s.DefaultListableBeanFactory - Autowiring by type from bean name 'beanNameHandlerMapping' via factory method to bean named 'mvcConversionService'
2025-03-17 10:01:13 [main] DEBUG o.s.b.f.s.DefaultListableBeanFactory - Autowiring by type from bean name 'beanNameHandlerMapping' via factory method to bean named 'mvcResourceUrlProvider'
2025-03-17 10:01:13 [main] DEBUG _.s.w.s.HandlerMapping.Mappings - 'beanNameHandlerMapping' {}
2025-03-17 10:01:13 [main] DEBUG o.s.b.f.s.DefaultListableBeanFactory - Creating shared instance of singleton bean 'routerFunctionMapping'
2025-03-17 10:01:13 [main] DEBUG o.s.b.f.s.DefaultListableBeanFactory - Autowiring by type from bean name 'routerFunctionMapping' via factory method to bean named 'mvcConversionService'
2025-03-17 10:01:13 [main] DEBUG o.s.b.f.s.DefaultListableBeanFactory - Autowiring by type from bean name 'routerFunctionMapping' via factory method to bean named 'mvcResourceUrlProvider'
2025-03-17 10:01:13 [main] DEBUG o.s.b.f.s.DefaultListableBeanFactory - Creating shared instance of singleton bean 'resourceHandlerMapping'
2025-03-17 10:01:13 [main] DEBUG o.s.b.f.s.DefaultListableBeanFactory - Autowiring by type from bean name 'resourceHandlerMapping' via factory method to bean named 'mvcContentNegotiationManager'
2025-03-17 10:01:13 [main] DEBUG o.s.b.f.s.DefaultListableBeanFactory - Autowiring by type from bean name 'resourceHandlerMapping' via factory method to bean named 'mvcConversionService'
2025-03-17 10:01:13 [main] DEBUG o.s.b.f.s.DefaultListableBeanFactory - Autowiring by type from bean name 'resourceHandlerMapping' via factory method to bean named 'mvcResourceUrlProvider'
2025-03-17 10:01:13 [main] DEBUG _.s.w.s.HandlerMapping.Mappings - 'resourceHandlerMapping' {/webjars/**=ResourceHttpRequestHandler [classpath [META-INF/resources/webjars/]], /**=ResourceHttpRequestHandler [classpath [META-INF/resources/], classpath [resources/], classpath [static/], classpath [public/], ServletContext [/]]}
2025-03-17 10:01:13 [main] DEBUG o.s.b.f.s.DefaultListableBeanFactory - Creating shared instance of singleton bean 'defaultServletHandlerMapping'
2025-03-17 10:01:13 [main] DEBUG o.s.b.f.s.DefaultListableBeanFactory - Creating shared instance of singleton bean 'handlerFunctionAdapter'
2025-03-17 10:01:13 [main] DEBUG o.s.b.f.s.DefaultListableBeanFactory - Creating shared instance of singleton bean 'mvcUriComponentsContributor'
2025-03-17 10:01:13 [main] DEBUG o.s.b.f.s.DefaultListableBeanFactory - Autowiring by type from bean name 'mvcUriComponentsContributor' via factory method to bean named 'mvcConversionService'
2025-03-17 10:01:13 [main] DEBUG o.s.b.f.s.DefaultListableBeanFactory - Autowiring by type from bean name 'mvcUriComponentsContributor' via factory method to bean named 'requestMappingHandlerAdapter'
2025-03-17 10:01:13 [main] DEBUG o.s.b.f.s.DefaultListableBeanFactory - Creating shared instance of singleton bean 'httpRequestHandlerAdapter'
2025-03-17 10:01:13 [main] DEBUG o.s.b.f.s.DefaultListableBeanFactory - Creating shared instance of singleton bean 'simpleControllerHandlerAdapter'
2025-03-17 10:01:13 [main] DEBUG o.s.b.f.s.DefaultListableBeanFactory - Creating shared instance of singleton bean 'handlerExceptionResolver'
2025-03-17 10:01:13 [main] DEBUG o.s.b.f.s.DefaultListableBeanFactory - Autowiring by type from bean name 'handlerExceptionResolver' via factory method to bean named 'mvcContentNegotiationManager'
2025-03-17 10:01:13 [main] DEBUG o.s.w.s.m.m.a.ExceptionHandlerExceptionResolver - ControllerAdvice beans: 0 @ExceptionHandler, 4 ResponseBodyAdvice
2025-03-17 10:01:13 [main] DEBUG o.s.b.f.s.DefaultListableBeanFactory - Creating shared instance of singleton bean 'mvcViewResolver'
2025-03-17 10:01:13 [main] DEBUG o.s.b.f.s.DefaultListableBeanFactory - Autowiring by type from bean name 'mvcViewResolver' via factory method to bean named 'mvcContentNegotiationManager'
2025-03-17 10:01:13 [main] DEBUG o.s.b.f.s.DefaultListableBeanFactory - Creating shared instance of singleton bean 'viewNameTranslator'
2025-03-17 10:01:13 [main] DEBUG o.s.b.f.s.DefaultListableBeanFactory - Creating shared instance of singleton bean 'defaultViewResolver'
2025-03-17 10:01:13 [main] DEBUG o.s.b.f.s.DefaultListableBeanFactory - Creating shared instance of singleton bean 'viewResolver'
2025-03-17 10:01:13 [main] DEBUG o.s.b.f.s.DefaultListableBeanFactory - Autowiring by type from bean name 'viewResolver' via factory method to bean named 'org.springframework.beans.factory.support.DefaultListableBeanFactory@4275c20c'
2025-03-17 10:01:13 [main] DEBUG o.s.b.f.s.DefaultListableBeanFactory - Creating shared instance of singleton bean 'viewResolver'
2025-03-17 10:01:13 [main] DEBUG o.s.b.f.s.DefaultListableBeanFactory - Creating shared instance of singleton bean 'com.alibaba.cloud.circuitbreaker.sentinel.feign.SentinelFeignClientAutoConfiguration'
2025-03-17 10:01:13 [main] DEBUG o.s.b.f.s.DefaultListableBeanFactory - Creating shared instance of singleton bean 'nacosRefreshHistory'
2025-03-17 10:01:13 [main] DEBUG o.s.b.f.s.DefaultListableBeanFactory - Creating shared instance of singleton bean 'nacosContextRefresher'
2025-03-17 10:01:13 [main] DEBUG o.s.b.f.s.DefaultListableBeanFactory - Autowiring by type from bean name 'nacosContextRefresher' via factory method to bean named 'nacosConfigManager'
2025-03-17 10:01:13 [main] DEBUG o.s.b.f.s.DefaultListableBeanFactory - Autowiring by type from bean name 'nacosContextRefresher' via factory method to bean named 'nacosRefreshHistory'
2025-03-17 10:01:13 [main] DEBUG o.s.b.f.s.DefaultListableBeanFactory - Creating shared instance of singleton bean 'nacosServiceDiscovery'
2025-03-17 10:01:13 [main] DEBUG o.s.b.f.s.DefaultListableBeanFactory - Autowiring by type from bean name 'nacosServiceDiscovery' via factory method to bean named 'nacosProperties'
2025-03-17 10:01:13 [main] DEBUG o.s.b.f.s.DefaultListableBeanFactory - Autowiring by type from bean name 'nacosServiceDiscovery' via factory method to bean named 'nacosServiceManager'
2025-03-17 10:01:13 [main] DEBUG o.s.b.f.s.DefaultListableBeanFactory - Creating shared instance of singleton bean 'com.alibaba.cloud.nacos.discovery.NacosDiscoveryClientConfiguration'
2025-03-17 10:01:13 [main] DEBUG o.s.b.f.s.DefaultListableBeanFactory - Creating shared instance of singleton bean 'nacosDiscoveryClient'
2025-03-17 10:01:13 [main] DEBUG o.s.b.f.s.DefaultListableBeanFactory - Autowiring by type from bean name 'nacosDiscoveryClient' via factory method to bean named 'nacosServiceDiscovery'
2025-03-17 10:01:13 [main] DEBUG o.s.b.f.s.DefaultListableBeanFactory - Creating shared instance of singleton bean 'nacosWatch'
2025-03-17 10:01:13 [main] DEBUG o.s.b.f.s.DefaultListableBeanFactory - Autowiring by type from bean name 'nacosWatch' via factory method to bean named 'nacosServiceManager'
2025-03-17 10:01:13 [main] DEBUG o.s.b.f.s.DefaultListableBeanFactory - Autowiring by type from bean name 'nacosWatch' via factory method to bean named 'nacosProperties'
2025-03-17 10:01:13 [main] DEBUG o.s.s.c.ThreadPoolTaskScheduler - Initializing ExecutorService 'Nacos-Watch-Task-Scheduler'
2025-03-17 10:01:13 [main] DEBUG o.s.b.f.s.DefaultListableBeanFactory - Creating shared instance of singleton bean 'org.springframework.cloud.client.serviceregistry.AutoServiceRegistrationConfiguration'
2025-03-17 10:01:13 [main] DEBUG o.s.b.f.s.DefaultListableBeanFactory - Creating shared instance of singleton bean 'spring.cloud.service-registry.auto-registration-org.springframework.cloud.client.serviceregistry.AutoServiceRegistrationProperties'
2025-03-17 10:01:13 [main] DEBUG o.s.b.f.s.DefaultListableBeanFactory - Creating shared instance of singleton bean 'org.springframework.cloud.client.serviceregistry.AutoServiceRegistrationAutoConfiguration'
2025-03-17 10:01:13 [main] DEBUG o.s.b.f.s.DefaultListableBeanFactory - Creating shared instance of singleton bean 'nacosAutoServiceRegistration'
2025-03-17 10:01:13 [main] DEBUG o.s.b.f.s.DefaultListableBeanFactory - Creating shared instance of singleton bean 'com.alibaba.cloud.nacos.registry.NacosServiceRegistryAutoConfiguration'
2025-03-17 10:01:13 [main] DEBUG o.s.b.f.s.DefaultListableBeanFactory - Creating shared instance of singleton bean 'nacosServiceRegistry'
2025-03-17 10:01:13 [main] DEBUG o.s.b.f.s.DefaultListableBeanFactory - Autowiring by type from bean name 'nacosServiceRegistry' via factory method to bean named 'nacosServiceManager'
2025-03-17 10:01:13 [main] DEBUG o.s.b.f.s.DefaultListableBeanFactory - Autowiring by type from bean name 'nacosServiceRegistry' via factory method to bean named 'nacosProperties'
2025-03-17 10:01:13 [main] DEBUG o.s.b.f.s.DefaultListableBeanFactory - Creating shared instance of singleton bean 'nacosRegistration'
2025-03-17 10:01:13 [main] DEBUG o.s.b.f.s.DefaultListableBeanFactory - Autowiring by type from bean name 'nacosRegistration' via factory method to bean named 'nacosProperties'
2025-03-17 10:01:13 [main] DEBUG o.s.b.f.s.DefaultListableBeanFactory - Autowiring by type from bean name 'nacosRegistration' via factory method to bean named 'org.springframework.boot.web.servlet.context.AnnotationConfigServletWebServerApplicationContext@66b7550d'
2025-03-17 10:01:13 [main] DEBUG o.s.b.f.s.DefaultListableBeanFactory - Autowiring by type from bean name 'nacosAutoServiceRegistration' via factory method to bean named 'nacosServiceRegistry'
2025-03-17 10:01:13 [main] DEBUG o.s.b.f.s.DefaultListableBeanFactory - Autowiring by type from bean name 'nacosAutoServiceRegistration' via factory method to bean named 'spring.cloud.service-registry.auto-registration-org.springframework.cloud.client.serviceregistry.AutoServiceRegistrationProperties'
2025-03-17 10:01:13 [main] DEBUG o.s.b.f.s.DefaultListableBeanFactory - Autowiring by type from bean name 'nacosAutoServiceRegistration' via factory method to bean named 'nacosRegistration'
2025-03-17 10:01:13 [main] DEBUG o.s.b.f.s.DefaultListableBeanFactory - Creating shared instance of singleton bean 'sentinelResourceAspect'
2025-03-17 10:01:13 [main] DEBUG o.s.b.f.s.DefaultListableBeanFactory - Creating shared instance of singleton bean 'sentinelDataSourceHandler'
2025-03-17 10:01:13 [main] DEBUG o.s.b.f.s.DefaultListableBeanFactory - Autowiring by type from bean name 'sentinelDataSourceHandler' via factory method to bean named 'org.springframework.beans.factory.support.DefaultListableBeanFactory@4275c20c'
2025-03-17 10:01:13 [main] DEBUG o.s.b.f.s.DefaultListableBeanFactory - Autowiring by type from bean name 'sentinelDataSourceHandler' via factory method to bean named 'spring.cloud.sentinel-com.alibaba.cloud.sentinel.SentinelProperties'
2025-03-17 10:01:13 [main] DEBUG o.s.b.f.s.DefaultListableBeanFactory - Autowiring by type from bean name 'sentinelDataSourceHandler' via factory method to bean named 'environment'
2025-03-17 10:01:13 [main] DEBUG o.s.b.f.s.DefaultListableBeanFactory - Creating shared instance of singleton bean 'com.alibaba.cloud.sentinel.feign.SentinelFeignAutoConfiguration'
2025-03-17 10:01:13 [main] DEBUG o.s.b.f.s.DefaultListableBeanFactory - Creating shared instance of singleton bean 'com.alibaba.druid.spring.boot.autoconfigure.stat.DruidFilterConfiguration'
2025-03-17 10:01:13 [main] DEBUG o.s.b.f.s.DefaultListableBeanFactory - Creating shared instance of singleton bean 'spring.datasource.druid-com.alibaba.druid.spring.boot.autoconfigure.properties.DruidStatProperties'
2025-03-17 10:01:13 [main] DEBUG o.s.b.f.s.DefaultListableBeanFactory - Creating shared instance of singleton bean 'org.springframework.boot.autoconfigure.transaction.jta.JtaAutoConfiguration'
2025-03-17 10:01:13 [main] DEBUG o.s.b.f.s.DefaultListableBeanFactory - Creating shared instance of singleton bean 'org.springframework.boot.autoconfigure.jdbc.metadata.DataSourcePoolMetadataProvidersConfiguration'
2025-03-17 10:01:13 [main] DEBUG o.s.b.f.s.DefaultListableBeanFactory - Creating shared instance of singleton bean 'org.springframework.boot.autoconfigure.jdbc.DataSourceAutoConfiguration'
2025-03-17 10:01:13 [main] DEBUG o.s.b.f.s.DefaultListableBeanFactory - Creating shared instance of singleton bean 'org.mybatis.spring.boot.autoconfigure.MybatisLanguageDriverAutoConfiguration'
2025-03-17 10:01:13 [main] DEBUG o.s.b.f.s.DefaultListableBeanFactory - Creating shared instance of singleton bean 'org.springframework.boot.autoconfigure.jmx.JmxAutoConfiguration'
2025-03-17 10:01:13 [main] DEBUG o.s.b.f.s.DefaultListableBeanFactory - Autowiring by type from bean name 'org.springframework.boot.autoconfigure.jmx.JmxAutoConfiguration' via constructor to bean named 'environment'
2025-03-17 10:01:13 [main] DEBUG o.s.b.f.s.DefaultListableBeanFactory - Creating shared instance of singleton bean 'mbeanExporter'
2025-03-17 10:01:13 [main] DEBUG o.s.b.f.s.DefaultListableBeanFactory - Creating shared instance of singleton bean 'objectNamingStrategy'
2025-03-17 10:01:13 [main] DEBUG o.s.b.f.s.DefaultListableBeanFactory - Autowiring by type from bean name 'mbeanExporter' via factory method to bean named 'objectNamingStrategy'
2025-03-17 10:01:13 [main] DEBUG o.s.b.f.s.DefaultListableBeanFactory - Autowiring by type from bean name 'mbeanExporter' via factory method to bean named 'org.springframework.beans.factory.support.DefaultListableBeanFactory@4275c20c'
2025-03-17 10:01:13 [main] DEBUG o.s.b.f.s.DefaultListableBeanFactory - Creating shared instance of singleton bean 'mbeanServer'
2025-03-17 10:01:13 [main] DEBUG o.s.jmx.support.JmxUtils - Found MBeanServer: com.sun.jmx.mbeanserver.JmxMBeanServer@6ff3c5b5
2025-03-17 10:01:13 [main] DEBUG o.s.b.f.s.DefaultListableBeanFactory - Creating shared instance of singleton bean 'org.springframework.boot.autoconfigure.admin.SpringApplicationAdminJmxAutoConfiguration'
2025-03-17 10:01:13 [main] DEBUG o.s.b.f.s.DefaultListableBeanFactory - Creating shared instance of singleton bean 'springApplicationAdminRegistrar'
2025-03-17 10:01:13 [main] DEBUG o.s.b.f.s.DefaultListableBeanFactory - Autowiring by type from bean name 'springApplicationAdminRegistrar' via factory method to bean named 'environment'
2025-03-17 10:01:13 [main] DEBUG o.s.b.a.SpringApplicationAdminMXBeanRegistrar$SpringApplicationAdmin - Application Admin MBean registered with name 'org.springframework.boot:type=Admin,name=SpringApplication'
2025-03-17 10:01:13 [main] DEBUG o.s.b.f.s.DefaultListableBeanFactory - Creating shared instance of singleton bean 'org.springframework.boot.autoconfigure.aop.AopAutoConfiguration$AspectJAutoProxyingConfiguration$CglibAutoProxyConfiguration'
2025-03-17 10:01:13 [main] DEBUG o.s.b.f.s.DefaultListableBeanFactory - Creating shared instance of singleton bean 'org.springframework.boot.autoconfigure.aop.AopAutoConfiguration$AspectJAutoProxyingConfiguration'
2025-03-17 10:01:13 [main] DEBUG o.s.b.f.s.DefaultListableBeanFactory - Creating shared instance of singleton bean 'org.springframework.boot.autoconfigure.aop.AopAutoConfiguration'
2025-03-17 10:01:13 [main] DEBUG o.s.b.f.s.DefaultListableBeanFactory - Creating shared instance of singleton bean 'org.springframework.boot.autoconfigure.availability.ApplicationAvailabilityAutoConfiguration'
2025-03-17 10:01:13 [main] DEBUG o.s.b.f.s.DefaultListableBeanFactory - Creating shared instance of singleton bean 'applicationAvailability'
2025-03-17 10:01:13 [main] DEBUG o.s.b.f.s.DefaultListableBeanFactory - Creating shared instance of singleton bean 'org.springframework.cloud.autoconfigure.RefreshAutoConfiguration'
2025-03-17 10:01:13 [main] DEBUG o.s.b.f.s.DefaultListableBeanFactory - Creating shared instance of singleton bean 'loggingRebinder'
2025-03-17 10:01:13 [main] DEBUG o.s.b.f.s.DefaultListableBeanFactory - Creating shared instance of singleton bean 'legacyContextRefresher'
2025-03-17 10:01:13 [main] DEBUG o.s.b.f.s.DefaultListableBeanFactory - Creating shared instance of singleton bean 'spring.cloud.refresh-org.springframework.cloud.autoconfigure.RefreshAutoConfiguration$RefreshProperties'
2025-03-17 10:01:13 [main] DEBUG o.s.b.f.s.DefaultListableBeanFactory - Autowiring by type from bean name 'legacyContextRefresher' via factory method to bean named 'org.springframework.boot.web.servlet.context.AnnotationConfigServletWebServerApplicationContext@66b7550d'
2025-03-17 10:01:13 [main] DEBUG o.s.b.f.s.DefaultListableBeanFactory - Autowiring by type from bean name 'legacyContextRefresher' via factory method to bean named 'refreshScope'
2025-03-17 10:01:13 [main] DEBUG o.s.b.f.s.DefaultListableBeanFactory - Autowiring by type from bean name 'legacyContextRefresher' via factory method to bean named 'spring.cloud.refresh-org.springframework.cloud.autoconfigure.RefreshAutoConfiguration$RefreshProperties'
2025-03-17 10:01:13 [main] DEBUG o.s.b.f.s.DefaultListableBeanFactory - Creating shared instance of singleton bean 'refreshEventListener'
2025-03-17 10:01:13 [main] DEBUG o.s.b.f.s.DefaultListableBeanFactory - Autowiring by type from bean name 'refreshEventListener' via factory method to bean named 'legacyContextRefresher'
2025-03-17 10:01:13 [main] DEBUG o.s.b.f.s.DefaultListableBeanFactory - Creating shared instance of singleton bean 'transactionManager'
2025-03-17 10:01:13 [main] DEBUG o.s.b.f.s.DefaultListableBeanFactory - Creating shared instance of singleton bean 'platformTransactionManagerCustomizers'
2025-03-17 10:01:13 [main] DEBUG o.s.b.f.s.DefaultListableBeanFactory - Creating shared instance of singleton bean 'org.springframework.boot.autoconfigure.transaction.TransactionAutoConfiguration'
2025-03-17 10:01:13 [main] DEBUG o.s.b.f.s.DefaultListableBeanFactory - Creating shared instance of singleton bean 'spring.transaction-org.springframework.boot.autoconfigure.transaction.TransactionProperties'
2025-03-17 10:01:13 [main] DEBUG o.s.b.f.s.DefaultListableBeanFactory - Creating shared instance of singleton bean 'org.springframework.boot.autoconfigure.orm.jpa.HibernateJpaAutoConfiguration'
2025-03-17 10:01:13 [main] DEBUG o.s.b.f.s.DefaultListableBeanFactory - Creating shared instance of singleton bean 'org.springframework.boot.autoconfigure.context.ConfigurationPropertiesAutoConfiguration'
2025-03-17 10:01:13 [main] DEBUG o.s.b.f.s.DefaultListableBeanFactory - Creating shared instance of singleton bean 'org.springframework.boot.autoconfigure.context.LifecycleAutoConfiguration'
2025-03-17 10:01:13 [main] DEBUG o.s.b.f.s.DefaultListableBeanFactory - Creating shared instance of singleton bean 'lifecycleProcessor'
2025-03-17 10:01:13 [main] DEBUG o.s.b.f.s.DefaultListableBeanFactory - Creating shared instance of singleton bean 'spring.lifecycle-org.springframework.boot.autoconfigure.context.LifecycleProperties'
2025-03-17 10:01:13 [main] DEBUG o.s.b.f.s.DefaultListableBeanFactory - Autowiring by type from bean name 'lifecycleProcessor' via factory method to bean named 'spring.lifecycle-org.springframework.boot.autoconfigure.context.LifecycleProperties'
2025-03-17 10:01:13 [main] DEBUG o.s.b.f.s.DefaultListableBeanFactory - Creating shared instance of singleton bean 'org.springframework.boot.autoconfigure.dao.PersistenceExceptionTranslationAutoConfiguration'
2025-03-17 10:01:13 [main] DEBUG o.s.b.f.s.DefaultListableBeanFactory - Creating shared instance of singleton bean 'org.springframework.boot.autoconfigure.data.jpa.JpaRepositoriesAutoConfiguration'
2025-03-17 10:01:13 [main] DEBUG o.s.b.f.s.DefaultListableBeanFactory - Creating shared instance of singleton bean 'org.springframework.data.jpa.util.JpaMetamodelCacheCleanup'
2025-03-17 10:01:13 [main] DEBUG o.s.b.f.s.DefaultListableBeanFactory - Creating shared instance of singleton bean 'org.springframework.data.jpa.repository.support.JpaEvaluationContextExtension'
2025-03-17 10:01:13 [main] DEBUG o.s.b.f.s.DefaultListableBeanFactory - Creating shared instance of singleton bean 'org.springframework.boot.autoconfigure.http.JacksonHttpMessageConvertersConfiguration'
2025-03-17 10:01:13 [main] DEBUG o.s.b.f.s.DefaultListableBeanFactory - Creating shared instance of singleton bean 'org.springframework.data.web.config.ProjectingArgumentResolverRegistrar'
2025-03-17 10:01:13 [main] DEBUG o.s.b.f.s.DefaultListableBeanFactory - Creating shared instance of singleton bean 'org.springframework.boot.autoconfigure.info.ProjectInfoAutoConfiguration'
2025-03-17 10:01:13 [main] DEBUG o.s.b.f.s.DefaultListableBeanFactory - Creating shared instance of singleton bean 'spring.info-org.springframework.boot.autoconfigure.info.ProjectInfoProperties'
2025-03-17 10:01:13 [main] DEBUG o.s.b.f.s.DefaultListableBeanFactory - Autowiring by type from bean name 'org.springframework.boot.autoconfigure.info.ProjectInfoAutoConfiguration' via constructor to bean named 'spring.info-org.springframework.boot.autoconfigure.info.ProjectInfoProperties'
2025-03-17 10:01:13 [main] DEBUG o.s.b.f.s.DefaultListableBeanFactory - Creating shared instance of singleton bean 'org.springframework.boot.autoconfigure.jdbc.JdbcTemplateConfiguration'
2025-03-17 10:01:13 [main] DEBUG o.s.b.f.s.DefaultListableBeanFactory - Creating shared instance of singleton bean 'jdbcTemplate'
2025-03-17 10:01:13 [main] DEBUG o.s.b.f.s.DefaultListableBeanFactory - Creating shared instance of singleton bean 'spring.jdbc-org.springframework.boot.autoconfigure.jdbc.JdbcProperties'
2025-03-17 10:01:13 [main] DEBUG o.s.b.f.s.DefaultListableBeanFactory - Autowiring by type from bean name 'jdbcTemplate' via factory method to bean named 'dataSource'
2025-03-17 10:01:13 [main] DEBUG o.s.b.f.s.DefaultListableBeanFactory - Autowiring by type from bean name 'jdbcTemplate' via factory method to bean named 'spring.jdbc-org.springframework.boot.autoconfigure.jdbc.JdbcProperties'
2025-03-17 10:01:13 [main] DEBUG o.s.b.f.s.DefaultListableBeanFactory - Creating shared instance of singleton bean 'org.springframework.boot.autoconfigure.jdbc.NamedParameterJdbcTemplateConfiguration'
2025-03-17 10:01:13 [main] DEBUG o.s.b.f.s.DefaultListableBeanFactory - Creating shared instance of singleton bean 'namedParameterJdbcTemplate'
2025-03-17 10:01:13 [main] DEBUG o.s.b.f.s.DefaultListableBeanFactory - Autowiring by type from bean name 'namedParameterJdbcTemplate' via factory method to bean named 'jdbcTemplate'
2025-03-17 10:01:13 [main] DEBUG o.s.b.f.s.DefaultListableBeanFactory - Creating shared instance of singleton bean 'org.springframework.boot.autoconfigure.jdbc.JdbcTemplateAutoConfiguration'
2025-03-17 10:01:13 [main] DEBUG o.s.b.f.s.DefaultListableBeanFactory - Creating shared instance of singleton bean 'org.springframework.boot.autoconfigure.netty.NettyAutoConfiguration'
2025-03-17 10:01:13 [main] DEBUG o.s.b.f.s.DefaultListableBeanFactory - Creating shared instance of singleton bean 'spring.netty-org.springframework.boot.autoconfigure.netty.NettyProperties'
2025-03-17 10:01:13 [main] DEBUG o.s.b.f.s.DefaultListableBeanFactory - Autowiring by type from bean name 'org.springframework.boot.autoconfigure.netty.NettyAutoConfiguration' via constructor to bean named 'spring.netty-org.springframework.boot.autoconfigure.netty.NettyProperties'
2025-03-17 10:01:13 [main] DEBUG i.n.u.i.l.InternalLoggerFactory - Using SLF4J as the default logging framework
2025-03-17 10:01:13 [main] DEBUG io.netty.util.ResourceLeakDetector - -Dio.netty.leakDetection.level: simple
2025-03-17 10:01:13 [main] DEBUG io.netty.util.ResourceLeakDetector - -Dio.netty.leakDetection.targetRecords: 4
2025-03-17 10:01:13 [main] DEBUG o.s.b.f.s.DefaultListableBeanFactory - Creating shared instance of singleton bean 'org.springframework.boot.autoconfigure.sql.init.SqlInitializationAutoConfiguration'
2025-03-17 10:01:13 [main] DEBUG o.s.b.f.s.DefaultListableBeanFactory - Creating shared instance of singleton bean 'org.springframework.boot.autoconfigure.task.TaskSchedulingAutoConfiguration'
2025-03-17 10:01:13 [main] DEBUG o.s.b.f.s.DefaultListableBeanFactory - Creating shared instance of singleton bean 'scheduledBeanLazyInitializationExcludeFilter'
2025-03-17 10:01:13 [main] DEBUG o.s.b.f.s.DefaultListableBeanFactory - Creating shared instance of singleton bean 'taskSchedulerBuilder'
2025-03-17 10:01:13 [main] DEBUG o.s.b.f.s.DefaultListableBeanFactory - Creating shared instance of singleton bean 'spring.task.scheduling-org.springframework.boot.autoconfigure.task.TaskSchedulingProperties'
2025-03-17 10:01:13 [main] DEBUG o.s.b.f.s.DefaultListableBeanFactory - Autowiring by type from bean name 'taskSchedulerBuilder' via factory method to bean named 'spring.task.scheduling-org.springframework.boot.autoconfigure.task.TaskSchedulingProperties'
2025-03-17 10:01:13 [main] DEBUG o.s.b.f.s.DefaultListableBeanFactory - Creating shared instance of singleton bean 'org.springframework.boot.autoconfigure.jdbc.DataSourceTransactionManagerAutoConfiguration$JdbcTransactionManagerConfiguration'
2025-03-17 10:01:13 [main] DEBUG o.s.b.f.s.DefaultListableBeanFactory - Creating shared instance of singleton bean 'org.springframework.boot.autoconfigure.jdbc.DataSourceTransactionManagerAutoConfiguration'
2025-03-17 10:01:13 [main] DEBUG o.s.b.f.s.DefaultListableBeanFactory - Creating shared instance of singleton bean 'org.springframework.boot.autoconfigure.transaction.TransactionAutoConfiguration$EnableTransactionManagementConfiguration$CglibAutoProxyConfiguration'
2025-03-17 10:01:13 [main] DEBUG o.s.b.f.s.DefaultListableBeanFactory - Creating shared instance of singleton bean 'org.springframework.boot.autoconfigure.transaction.TransactionAutoConfiguration$EnableTransactionManagementConfiguration'
2025-03-17 10:01:13 [main] DEBUG o.s.b.f.s.DefaultListableBeanFactory - Creating shared instance of singleton bean 'org.springframework.boot.autoconfigure.transaction.TransactionAutoConfiguration$TransactionTemplateConfiguration'
2025-03-17 10:01:13 [main] DEBUG o.s.b.f.s.DefaultListableBeanFactory - Creating shared instance of singleton bean 'transactionTemplate'
2025-03-17 10:01:13 [main] DEBUG o.s.b.f.s.DefaultListableBeanFactory - Autowiring by type from bean name 'transactionTemplate' via factory method to bean named 'transactionManager'
2025-03-17 10:01:13 [main] DEBUG o.s.b.f.s.DefaultListableBeanFactory - Creating shared instance of singleton bean 'org.springframework.boot.autoconfigure.web.client.RestTemplateAutoConfiguration'
2025-03-17 10:01:13 [main] DEBUG o.s.b.f.s.DefaultListableBeanFactory - Creating shared instance of singleton bean 'org.springframework.boot.autoconfigure.web.embedded.EmbeddedWebServerFactoryCustomizerAutoConfiguration'
2025-03-17 10:01:13 [main] DEBUG o.s.b.f.s.DefaultListableBeanFactory - Creating shared instance of singleton bean 'multipartResolver'
2025-03-17 10:01:13 [main] DEBUG o.s.b.f.s.DefaultListableBeanFactory - Creating shared instance of singleton bean 'org.springframework.cloud.autoconfigure.ConfigurationPropertiesRebinderAutoConfiguration'
2025-03-17 10:01:13 [main] DEBUG o.s.b.f.s.DefaultListableBeanFactory - Creating shared instance of singleton bean 'configurationPropertiesRebinder'
2025-03-17 10:01:13 [main] DEBUG o.s.b.f.s.DefaultListableBeanFactory - Autowiring by type from bean name 'configurationPropertiesRebinder' via factory method to bean named 'configurationPropertiesBeans'
2025-03-17 10:01:13 [main] DEBUG o.s.b.f.s.DefaultListableBeanFactory - Creating shared instance of singleton bean 'org.springframework.cloud.autoconfigure.LifecycleMvcEndpointAutoConfiguration'
2025-03-17 10:01:13 [main] DEBUG o.s.b.f.s.DefaultListableBeanFactory - Creating shared instance of singleton bean 'environmentManager'
2025-03-17 10:01:13 [main] DEBUG o.s.b.f.s.DefaultListableBeanFactory - Autowiring by type from bean name 'environmentManager' via factory method to bean named 'environment'
2025-03-17 10:01:13 [main] DEBUG o.s.b.f.s.DefaultListableBeanFactory - Creating shared instance of singleton bean 'org.springframework.cloud.client.discovery.composite.CompositeDiscoveryClientAutoConfiguration'
2025-03-17 10:01:13 [main] DEBUG o.s.b.f.s.DefaultListableBeanFactory - Creating shared instance of singleton bean 'compositeDiscoveryClient'
2025-03-17 10:01:13 [main] DEBUG o.s.b.f.s.DefaultListableBeanFactory - Creating shared instance of singleton bean 'simpleDiscoveryClient'
2025-03-17 10:01:13 [main] DEBUG o.s.b.f.s.DefaultListableBeanFactory - Creating shared instance of singleton bean 'org.springframework.cloud.client.discovery.simple.SimpleDiscoveryClientAutoConfiguration'
2025-03-17 10:01:13 [main] DEBUG o.s.b.f.s.DefaultListableBeanFactory - Creating shared instance of singleton bean 'simpleDiscoveryProperties'
2025-03-17 10:01:13 [main] DEBUG o.s.c.e.PropertySourcesPropertyResolver - Found key 'spring.application.name' in PropertySource 'environmentProperties' with value of type String
2025-03-17 10:01:13 [main] DEBUG o.s.b.f.s.DefaultListableBeanFactory - Autowiring by type from bean name 'simpleDiscoveryClient' via factory method to bean named 'simpleDiscoveryProperties'
2025-03-17 10:01:13 [main] DEBUG o.s.b.f.s.DefaultListableBeanFactory - Autowiring by type from bean name 'compositeDiscoveryClient' via factory method to bean named 'nacosDiscoveryClient'
2025-03-17 10:01:13 [main] DEBUG o.s.b.f.s.DefaultListableBeanFactory - Autowiring by type from bean name 'compositeDiscoveryClient' via factory method to bean named 'simpleDiscoveryClient'
2025-03-17 10:01:13 [main] DEBUG o.s.b.f.s.DefaultListableBeanFactory - Creating shared instance of singleton bean 'org.springframework.cloud.client.CommonsClientAutoConfiguration'
2025-03-17 10:01:13 [main] DEBUG o.s.b.f.s.DefaultListableBeanFactory - Creating shared instance of singleton bean 'org.springframework.cloud.client.ReactiveCommonsClientAutoConfiguration'
2025-03-17 10:01:13 [main] DEBUG o.s.b.f.s.DefaultListableBeanFactory - Creating shared instance of singleton bean 'zoneConfig'
2025-03-17 10:01:13 [main] DEBUG o.s.b.f.s.DefaultListableBeanFactory - Autowiring by type from bean name 'zoneConfig' via factory method to bean named 'environment'
2025-03-17 10:01:13 [main] DEBUG o.s.b.f.s.DefaultListableBeanFactory - Creating shared instance of singleton bean 'org.springframework.cloud.loadbalancer.config.BlockingLoadBalancerClientAutoConfiguration'
2025-03-17 10:01:13 [main] DEBUG o.s.b.f.s.DefaultListableBeanFactory - Creating shared instance of singleton bean 'blockingLoadBalancerClient'
2025-03-17 10:01:13 [main] DEBUG o.s.b.f.s.DefaultListableBeanFactory - Autowiring by type from bean name 'blockingLoadBalancerClient' via factory method to bean named 'loadBalancerClientFactory'
2025-03-17 10:01:13 [main] DEBUG o.s.b.f.s.DefaultListableBeanFactory - Creating shared instance of singleton bean 'loadBalancerServiceInstanceCookieTransformer'
2025-03-17 10:01:13 [main] DEBUG o.s.b.f.s.DefaultListableBeanFactory - Autowiring by type from bean name 'loadBalancerServiceInstanceCookieTransformer' via factory method to bean named 'loadBalancerClientFactory'
2025-03-17 10:01:13 [main] DEBUG o.s.b.f.s.DefaultListableBeanFactory - Creating shared instance of singleton bean 'xForwarderHeadersTransformer'
2025-03-17 10:01:13 [main] DEBUG o.s.b.f.s.DefaultListableBeanFactory - Autowiring by type from bean name 'xForwarderHeadersTransformer' via factory method to bean named 'loadBalancerClientFactory'
2025-03-17 10:01:13 [main] DEBUG o.s.b.f.s.DefaultListableBeanFactory - Creating shared instance of singleton bean 'org.springframework.cloud.client.loadbalancer.AsyncLoadBalancerAutoConfiguration$LoadBalancerInterceptorConfig'
2025-03-17 10:01:13 [main] DEBUG o.s.b.f.s.DefaultListableBeanFactory - Creating shared instance of singleton bean 'asyncLoadBalancerInterceptor'
2025-03-17 10:01:13 [main] DEBUG o.s.b.f.s.DefaultListableBeanFactory - Autowiring by type from bean name 'asyncLoadBalancerInterceptor' via factory method to bean named 'blockingLoadBalancerClient'
2025-03-17 10:01:13 [main] DEBUG o.s.b.f.s.DefaultListableBeanFactory - Creating shared instance of singleton bean 'asyncRestTemplateCustomizer'
2025-03-17 10:01:13 [main] DEBUG o.s.b.f.s.DefaultListableBeanFactory - Autowiring by type from bean name 'asyncRestTemplateCustomizer' via factory method to bean named 'asyncLoadBalancerInterceptor'
2025-03-17 10:01:13 [main] DEBUG o.s.b.f.s.DefaultListableBeanFactory - Creating shared instance of singleton bean 'org.springframework.cloud.client.loadbalancer.AsyncLoadBalancerAutoConfiguration$AsyncRestTemplateCustomizerConfig'
2025-03-17 10:01:13 [main] DEBUG o.s.b.f.s.DefaultListableBeanFactory - Creating shared instance of singleton bean 'loadBalancedAsyncRestTemplateInitializer'
2025-03-17 10:01:13 [main] DEBUG o.s.b.f.s.DefaultListableBeanFactory - Autowiring by type from bean name 'loadBalancedAsyncRestTemplateInitializer' via factory method to bean named 'asyncRestTemplateCustomizer'
2025-03-17 10:01:13 [main] DEBUG o.s.b.f.s.DefaultListableBeanFactory - Creating shared instance of singleton bean 'org.springframework.cloud.client.loadbalancer.AsyncLoadBalancerAutoConfiguration'
2025-03-17 10:01:13 [main] DEBUG o.s.b.f.s.DefaultListableBeanFactory - Creating shared instance of singleton bean 'org.springframework.cloud.client.loadbalancer.LoadBalancerAutoConfiguration$LoadBalancerInterceptorConfig'
2025-03-17 10:01:13 [main] DEBUG o.s.b.f.s.DefaultListableBeanFactory - Creating shared instance of singleton bean 'loadBalancerInterceptor'
2025-03-17 10:01:13 [main] DEBUG o.s.b.f.s.DefaultListableBeanFactory - Creating shared instance of singleton bean 'loadBalancerRequestFactory'
2025-03-17 10:01:13 [main] DEBUG o.s.b.f.s.DefaultListableBeanFactory - Creating shared instance of singleton bean 'org.springframework.cloud.client.loadbalancer.LoadBalancerAutoConfiguration'
2025-03-17 10:01:13 [main] DEBUG o.s.b.f.s.DefaultListableBeanFactory - Autowiring by type from bean name 'loadBalancerRequestFactory' via factory method to bean named 'blockingLoadBalancerClient'
2025-03-17 10:01:13 [main] DEBUG o.s.b.f.s.DefaultListableBeanFactory - Autowiring by type from bean name 'loadBalancerInterceptor' via factory method to bean named 'blockingLoadBalancerClient'
2025-03-17 10:01:13 [main] DEBUG o.s.b.f.s.DefaultListableBeanFactory - Autowiring by type from bean name 'loadBalancerInterceptor' via factory method to bean named 'loadBalancerRequestFactory'
2025-03-17 10:01:13 [main] DEBUG o.s.b.f.s.DefaultListableBeanFactory - Creating shared instance of singleton bean 'restTemplateCustomizer'
2025-03-17 10:01:13 [main] DEBUG o.s.b.f.s.DefaultListableBeanFactory - Autowiring by type from bean name 'restTemplateCustomizer' via factory method to bean named 'loadBalancerInterceptor'
2025-03-17 10:01:13 [main] DEBUG o.s.b.f.s.DefaultListableBeanFactory - Creating shared instance of singleton bean 'loadBalancedRestTemplateInitializerDeprecated'
2025-03-17 10:01:13 [main] DEBUG o.s.b.f.s.DefaultListableBeanFactory - Creating shared instance of singleton bean 'org.springframework.cloud.client.serviceregistry.ServiceRegistryAutoConfiguration'
2025-03-17 10:01:13 [main] DEBUG o.s.b.f.s.DefaultListableBeanFactory - Creating shared instance of singleton bean 'org.springframework.cloud.commons.httpclient.HttpClientConfiguration$ApacheHttpClientConfiguration'
2025-03-17 10:01:13 [main] DEBUG o.s.b.f.s.DefaultListableBeanFactory - Creating shared instance of singleton bean 'connManFactory'
2025-03-17 10:01:13 [main] DEBUG o.s.b.f.s.DefaultListableBeanFactory - Creating shared instance of singleton bean 'apacheHttpClientBuilder'
2025-03-17 10:01:13 [main] DEBUG o.s.b.f.s.DefaultListableBeanFactory - Creating shared instance of singleton bean 'apacheHttpClientFactory'
2025-03-17 10:01:13 [main] DEBUG o.s.b.f.s.DefaultListableBeanFactory - Autowiring by type from bean name 'apacheHttpClientFactory' via factory method to bean named 'apacheHttpClientBuilder'
2025-03-17 10:01:13 [main] DEBUG o.s.b.f.s.DefaultListableBeanFactory - Creating shared instance of singleton bean 'org.springframework.cloud.commons.httpclient.HttpClientConfiguration'
2025-03-17 10:01:13 [main] DEBUG o.s.b.f.s.DefaultListableBeanFactory - Creating shared instance of singleton bean 'org.springframework.cloud.configuration.CompatibilityVerifierAutoConfiguration'
2025-03-17 10:01:13 [main] DEBUG o.s.b.f.s.DefaultListableBeanFactory - Creating shared instance of singleton bean 'compositeCompatibilityVerifier'
2025-03-17 10:01:13 [main] DEBUG o.s.b.f.s.DefaultListableBeanFactory - Creating shared instance of singleton bean 'springBootVersionVerifier'
2025-03-17 10:01:13 [main] DEBUG o.s.b.f.s.DefaultListableBeanFactory - Creating shared instance of singleton bean 'spring.cloud.compatibility-verifier-org.springframework.cloud.configuration.CompatibilityVerifierProperties'
2025-03-17 10:01:13 [main] DEBUG o.s.b.f.s.DefaultListableBeanFactory - Autowiring by type from bean name 'springBootVersionVerifier' via factory method to bean named 'spring.cloud.compatibility-verifier-org.springframework.cloud.configuration.CompatibilityVerifierProperties'
2025-03-17 10:01:13 [main] DEBUG o.s.b.f.s.DefaultListableBeanFactory - Autowiring by type from bean name 'compositeCompatibilityVerifier' via factory method to bean named 'springBootVersionVerifier'
2025-03-17 10:01:13 [main] DEBUG o.s.c.c.SpringBootVersionVerifier - Version found in Boot manifest [2.6.4]
2025-03-17 10:01:13 [main] DEBUG o.s.c.c.CompositeCompatibilityVerifier - All conditions are passing
2025-03-17 10:01:13 [main] DEBUG o.s.b.f.s.DefaultListableBeanFactory - Creating shared instance of singleton bean 'org.springframework.cloud.loadbalancer.config.LoadBalancerCacheAutoConfiguration$LoadBalancerCacheManagerWarnConfiguration'
2025-03-17 10:01:13 [main] DEBUG o.s.b.f.s.DefaultListableBeanFactory - Creating shared instance of singleton bean 'caffeineWarnLogger'
2025-03-17 10:01:13 [main] WARN  o.s.c.l.c.LoadBalancerCacheAutoConfiguration$LoadBalancerCaffeineWarnLogger - Spring Cloud LoadBalancer is currently working with the default cache. While this cache implementation is useful for development and tests, it's recommended to use Caffeine cache in production.You can switch to using Caffeine cache, by adding it and org.springframework.cache.caffeine.CaffeineCacheManager to the classpath.
2025-03-17 10:01:13 [main] DEBUG o.s.b.f.s.DefaultListableBeanFactory - Creating shared instance of singleton bean 'org.springframework.cloud.loadbalancer.config.LoadBalancerCacheAutoConfiguration'
2025-03-17 10:01:13 [main] DEBUG o.s.b.f.s.DefaultListableBeanFactory - Creating shared instance of singleton bean 'spring.cloud.loadbalancer.cache-org.springframework.cloud.loadbalancer.cache.LoadBalancerCacheProperties'
2025-03-17 10:01:13 [main] DEBUG o.s.b.f.s.DefaultListableBeanFactory - Creating shared instance of singleton bean 'org.springframework.cloud.openfeign.loadbalancer.DefaultFeignLoadBalancerConfiguration'
2025-03-17 10:01:13 [main] DEBUG o.s.b.f.s.DefaultListableBeanFactory - Creating shared instance of singleton bean 'feignClient'
2025-03-17 10:01:13 [main] DEBUG o.s.b.f.s.DefaultListableBeanFactory - Autowiring by type from bean name 'feignClient' via factory method to bean named 'blockingLoadBalancerClient'
2025-03-17 10:01:13 [main] DEBUG o.s.b.f.s.DefaultListableBeanFactory - Autowiring by type from bean name 'feignClient' via factory method to bean named 'loadBalancerClientFactory'
2025-03-17 10:01:13 [main] DEBUG o.s.b.f.s.DefaultListableBeanFactory - Creating shared instance of singleton bean 'org.springframework.cloud.openfeign.loadbalancer.FeignLoadBalancerAutoConfiguration'
2025-03-17 10:01:13 [main] DEBUG o.s.b.f.s.DefaultListableBeanFactory - Creating shared instance of singleton bean 'feign.httpclient-org.springframework.cloud.openfeign.support.FeignHttpClientProperties'
2025-03-17 10:01:13 [main] DEBUG o.s.b.f.s.DefaultListableBeanFactory - Creating shared instance of singleton bean 'org.springframework.cloud.openfeign.FeignAutoConfiguration$DefaultFeignTargeterConfiguration'
2025-03-17 10:01:13 [main] DEBUG o.s.b.f.s.DefaultListableBeanFactory - Creating shared instance of singleton bean 'feignTargeter'
2025-03-17 10:01:13 [main] DEBUG o.s.b.f.s.DefaultListableBeanFactory - Creating shared instance of singleton bean 'org.springframework.cloud.openfeign.FeignAutoConfiguration'
2025-03-17 10:01:13 [main] DEBUG o.s.b.f.s.DefaultListableBeanFactory - Creating shared instance of singleton bean 'feignFeature'
2025-03-17 10:01:13 [main] DEBUG o.s.b.f.s.DefaultListableBeanFactory - Creating shared instance of singleton bean 'feignContext'
2025-03-17 10:01:13 [main] DEBUG o.s.b.f.s.DefaultListableBeanFactory - Creating shared instance of singleton bean 'feign.encoder-org.springframework.cloud.openfeign.support.FeignEncoderProperties'
2025-03-17 10:01:13 [main] DEBUG o.s.b.f.s.DefaultListableBeanFactory - Creating shared instance of singleton bean 'feign.client-org.springframework.cloud.openfeign.FeignClientProperties'
2025-03-17 10:01:13 [main] DEBUG o.s.c.e.EventListenerMethodProcessor - 1 @EventListener methods processed on bean 'nacosServiceManager': {public void com.alibaba.cloud.nacos.NacosServiceManager.onInstancePreRegisteredEvent(org.springframework.cloud.client.discovery.event.InstancePreRegisteredEvent)=@org.springframework.context.event.EventListener(classes={}, condition="", id="", value={})}
2025-03-17 10:01:13 [main] DEBUG o.s.c.e.EventListenerMethodProcessor - 1 @EventListener methods processed on bean 'nacosAutoServiceRegistration': {public void com.alibaba.cloud.nacos.registry.NacosAutoServiceRegistration.onNacosDiscoveryInfoChangedEvent(com.alibaba.cloud.nacos.event.NacosDiscoveryInfoChangedEvent)=@org.springframework.context.event.EventListener(classes={}, condition="", id="", value={})}
2025-03-17 10:01:14 [main] DEBUG o.s.j.e.a.AnnotationMBeanExporter - Registering beans for JMX exposure on startup
2025-03-17 10:01:14 [main] DEBUG o.s.j.e.a.AnnotationMBeanExporter - Autodetecting user-defined JMX MBeans
2025-03-17 10:01:14 [main] DEBUG o.s.j.e.a.AnnotationMBeanExporter - Bean with name 'dataSource' has been autodetected for JMX exposure
2025-03-17 10:01:14 [main] DEBUG o.s.j.e.a.AnnotationMBeanExporter - Bean with name 'refreshScope' has been autodetected for JMX exposure
2025-03-17 10:01:14 [main] DEBUG o.s.j.e.a.AnnotationMBeanExporter - Bean with name 'configurationPropertiesRebinder' has been autodetected for JMX exposure
2025-03-17 10:01:14 [main] DEBUG o.s.j.e.a.AnnotationMBeanExporter - Bean with name 'environmentManager' has been autodetected for JMX exposure
2025-03-17 10:01:14 [main] DEBUG o.s.j.e.a.AnnotationMBeanExporter - Located managed bean 'environmentManager': registering with JMX server as MBean [org.springframework.cloud.context.environment:name=environmentManager,type=EnvironmentManager]
2025-03-17 10:01:14 [main] DEBUG o.s.j.e.a.AnnotationMBeanExporter - Located managed bean 'refreshScope': registering with JMX server as MBean [org.springframework.cloud.context.scope.refresh:name=refreshScope,type=RefreshScope]
2025-03-17 10:01:14 [main] DEBUG o.s.j.e.a.AnnotationMBeanExporter - Located managed bean 'configurationPropertiesRebinder': registering with JMX server as MBean [org.springframework.cloud.context.properties:name=configurationPropertiesRebinder,context=66b7550d,type=ConfigurationPropertiesRebinder]
2025-03-17 10:01:14 [main] DEBUG o.s.j.e.a.AnnotationMBeanExporter - Located MBean 'dataSource': registering with JMX server as MBean [com.alibaba.druid.spring.boot.autoconfigure:name=dataSource,type=DruidDataSourceWrapper]
2025-03-17 10:01:14 [main] DEBUG o.s.c.s.DefaultLifecycleProcessor - Starting beans in phase 0
2025-03-17 10:01:14 [main] DEBUG o.s.c.s.DefaultLifecycleProcessor - Successfully started bean 'nacosWatch'
2025-03-17 10:01:14 [main] DEBUG o.s.c.s.DefaultLifecycleProcessor - Starting beans in phase 2147483646
2025-03-17 10:01:14 [main] INFO  o.a.coyote.http11.Http11NioProtocol - Starting ProtocolHandler ["http-nio-9485"]
2025-03-17 10:01:14 [main] INFO  o.s.b.w.e.tomcat.TomcatWebServer - Tomcat started on port(s): 9485 (http) with context path ''
2025-03-17 10:01:14 [main] INFO  c.a.c.n.r.NacosServiceRegistry - nacos registry, DEFAULT_GROUP mock-ielts-topic 172.16.89.27:9485 register finished
2025-03-17 10:01:14 [main] DEBUG o.s.c.s.DefaultLifecycleProcessor - Successfully started bean 'webServerStartStop'
2025-03-17 10:01:14 [main] DEBUG o.s.c.s.DefaultLifecycleProcessor - Starting beans in phase 2147483647
2025-03-17 10:01:14 [main] DEBUG o.s.c.s.DefaultLifecycleProcessor - Successfully started bean 'webServerGracefulShutdown'
2025-03-17 10:01:14 [main] DEBUG o.s.b.a.l.ConditionEvaluationReportLoggingListener - 


============================
CONDITIONS EVALUATION REPORT
============================


Positive matches:
-----------------

   AopAutoConfiguration matched:
      - @ConditionalOnProperty (spring.aop.auto=true) matched (OnPropertyCondition)

   AopAutoConfiguration.AspectJAutoProxyingConfiguration matched:
      - @ConditionalOnClass found required class 'org.aspectj.weaver.Advice' (OnClassCondition)

   AopAutoConfiguration.AspectJAutoProxyingConfiguration.CglibAutoProxyConfiguration matched:
      - @ConditionalOnProperty (spring.aop.proxy-target-class=true) matched (OnPropertyCondition)

   AsyncLoadBalancerAutoConfiguration matched:
      - @ConditionalOnClass found required class 'org.springframework.web.client.AsyncRestTemplate' (OnClassCondition)
      - @ConditionalOnBean (types: org.springframework.cloud.client.loadbalancer.LoadBalancerClient; SearchStrategy: all) found bean 'blockingLoadBalancerClient' (OnBeanCondition)

   AutoServiceRegistrationAutoConfiguration matched:
      - @ConditionalOnProperty (spring.cloud.service-registry.auto-registration.enabled) matched (OnPropertyCondition)

   AutoServiceRegistrationConfiguration matched:
      - @ConditionalOnProperty (spring.cloud.service-registry.auto-registration.enabled) matched (OnPropertyCondition)

   BlockingLoadBalancerClientAutoConfiguration matched:
      - @ConditionalOnClass found required class 'org.springframework.web.client.RestTemplate' (OnClassCondition)

   BlockingLoadBalancerClientAutoConfiguration#blockingLoadBalancerClient matched:
      - @ConditionalOnBean (types: org.springframework.cloud.loadbalancer.support.LoadBalancerClientFactory; SearchStrategy: all) found bean 'loadBalancerClientFactory'; @ConditionalOnMissingBean (types: org.springframework.cloud.client.loadbalancer.LoadBalancerClient; SearchStrategy: all) did not find any beans (OnBeanCondition)

   BlockingLoadBalancerClientAutoConfiguration#loadBalancerServiceInstanceCookieTransformer matched:
      - @ConditionalOnBean (types: org.springframework.cloud.loadbalancer.support.LoadBalancerClientFactory; SearchStrategy: all) found bean 'loadBalancerClientFactory'; @ConditionalOnMissingBean (types: org.springframework.cloud.loadbalancer.core.LoadBalancerServiceInstanceCookieTransformer; SearchStrategy: all) did not find any beans (OnBeanCondition)

   BlockingLoadBalancerClientAutoConfiguration#xForwarderHeadersTransformer matched:
      - @ConditionalOnBean (types: org.springframework.cloud.loadbalancer.support.LoadBalancerClientFactory; SearchStrategy: all) found bean 'loadBalancerClientFactory'; @ConditionalOnMissingBean (types: org.springframework.cloud.loadbalancer.blocking.XForwardedHeadersTransformer; SearchStrategy: all) did not find any beans (OnBeanCondition)

   CompatibilityVerifierAutoConfiguration matched:
      - @ConditionalOnProperty (spring.cloud.compatibility-verifier.enabled) matched (OnPropertyCondition)

   ConfigurationPropertiesRebinderAutoConfiguration matched:
      - @ConditionalOnBean (types: org.springframework.boot.context.properties.ConfigurationPropertiesBindingPostProcessor; SearchStrategy: all) found bean 'org.springframework.boot.context.properties.ConfigurationPropertiesBindingPostProcessor' (OnBeanCondition)

   ConfigurationPropertiesRebinderAutoConfiguration#configurationPropertiesBeans matched:
      - @ConditionalOnMissingBean (types: org.springframework.cloud.context.properties.ConfigurationPropertiesBeans; SearchStrategy: current) did not find any beans (OnBeanCondition)

   ConfigurationPropertiesRebinderAutoConfiguration#configurationPropertiesRebinder matched:
      - @ConditionalOnMissingBean (types: org.springframework.cloud.context.properties.ConfigurationPropertiesRebinder; SearchStrategy: current) did not find any beans (OnBeanCondition)

   DataSourceAutoConfiguration matched:
      - @ConditionalOnClass found required classes 'javax.sql.DataSource', 'org.springframework.jdbc.datasource.embedded.EmbeddedDatabaseType' (OnClassCondition)
      - @ConditionalOnMissingBean (types: io.r2dbc.spi.ConnectionFactory; SearchStrategy: all) did not find any beans (OnBeanCondition)

   DataSourceConfiguration.Hikari matched:
      - @ConditionalOnClass found required class 'com.zaxxer.hikari.HikariDataSource' (OnClassCondition)
      - @ConditionalOnProperty (spring.datasource.type=com.zaxxer.hikari.HikariDataSource) matched (OnPropertyCondition)

   DataSourceInitializationConfiguration matched:
      - @ConditionalOnClass found required class 'org.springframework.jdbc.datasource.init.DatabasePopulator' (OnClassCondition)
      - @ConditionalOnSingleCandidate (types: javax.sql.DataSource; SearchStrategy: all) found a primary bean from beans 'dataSource'; @ConditionalOnMissingBean (types: org.springframework.boot.autoconfigure.sql.init.SqlDataSourceScriptDatabaseInitializer,org.springframework.boot.autoconfigure.sql.init.SqlR2dbcScriptDatabaseInitializer; SearchStrategy: all) did not find any beans (OnBeanCondition)

   DataSourceJmxConfiguration matched:
      - @ConditionalOnProperty (spring.jmx.enabled=true) matched (OnPropertyCondition)

   DataSourceJmxConfiguration.Hikari matched:
      - @ConditionalOnClass found required class 'com.zaxxer.hikari.HikariDataSource' (OnClassCondition)

   DataSourcePoolMetadataProvidersConfiguration.HikariPoolDataSourceMetadataProviderConfiguration matched:
      - @ConditionalOnClass found required class 'com.zaxxer.hikari.HikariDataSource' (OnClassCondition)

   DataSourceTransactionManagerAutoConfiguration matched:
      - @ConditionalOnClass found required classes 'org.springframework.jdbc.core.JdbcTemplate', 'org.springframework.transaction.TransactionManager' (OnClassCondition)

   DataSourceTransactionManagerAutoConfiguration.JdbcTransactionManagerConfiguration matched:
      - @ConditionalOnSingleCandidate (types: javax.sql.DataSource; SearchStrategy: all) found a primary bean from beans 'dataSource' (OnBeanCondition)

   DefaultFeignLoadBalancerConfiguration#feignClient matched:
      - AnyNestedCondition 2 matched 1 did not; NestedCondition on OnRetryNotEnabledCondition.OnLoadBalancerRetryEnabledCondition @ConditionalOnProperty (spring.cloud.loadbalancer.retry.enabled=false) did not find property 'spring.cloud.loadbalancer.retry.enabled'; NestedCondition on OnRetryNotEnabledCondition.OnRetryFactoryCondition @ConditionalOnMissingBean (types: org.springframework.cloud.client.loadbalancer.LoadBalancedRetryFactory; SearchStrategy: all) did not find any beans; NestedCondition on OnRetryNotEnabledCondition.OnNoRetryTemplateCondition @ConditionalOnMissingClass did not find unwanted class 'org.springframework.retry.support.RetryTemplate' (OnRetryNotEnabledCondition)
      - @ConditionalOnMissingBean (types: feign.Client; SearchStrategy: all) did not find any beans (OnBeanCondition)

   DispatcherServletAutoConfiguration matched:
      - @ConditionalOnClass found required class 'org.springframework.web.servlet.DispatcherServlet' (OnClassCondition)
      - found 'session' scope (OnWebApplicationCondition)

   DispatcherServletAutoConfiguration.DispatcherServletConfiguration matched:
      - @ConditionalOnClass found required class 'javax.servlet.ServletRegistration' (OnClassCondition)
      - Default DispatcherServlet did not find dispatcher servlet beans (DispatcherServletAutoConfiguration.DefaultDispatcherServletCondition)

   DispatcherServletAutoConfiguration.DispatcherServletRegistrationConfiguration matched:
      - @ConditionalOnClass found required class 'javax.servlet.ServletRegistration' (OnClassCondition)
      - DispatcherServlet Registration did not find servlet registration bean (DispatcherServletAutoConfiguration.DispatcherServletRegistrationCondition)

   DispatcherServletAutoConfiguration.DispatcherServletRegistrationConfiguration#dispatcherServletRegistration matched:
      - @ConditionalOnBean (names: dispatcherServlet types: org.springframework.web.servlet.DispatcherServlet; SearchStrategy: all) found bean 'dispatcherServlet' (OnBeanCondition)

   DruidDataSourceAutoConfigure matched:
      - @ConditionalOnClass found required class 'com.alibaba.druid.pool.DruidDataSource' (OnClassCondition)

   DruidDataSourceAutoConfigure#dataSource matched:
      - @ConditionalOnMissingBean (types: javax.sql.DataSource; SearchStrategy: all) did not find any beans (OnBeanCondition)

   EmbeddedWebServerFactoryCustomizerAutoConfiguration matched:
      - @ConditionalOnWebApplication (required) found 'session' scope (OnWebApplicationCondition)

   EmbeddedWebServerFactoryCustomizerAutoConfiguration.TomcatWebServerFactoryCustomizerConfiguration matched:
      - @ConditionalOnClass found required classes 'org.apache.catalina.startup.Tomcat', 'org.apache.coyote.UpgradeProtocol' (OnClassCondition)

   ErrorMvcAutoConfiguration matched:
      - @ConditionalOnClass found required classes 'javax.servlet.Servlet', 'org.springframework.web.servlet.DispatcherServlet' (OnClassCondition)
      - found 'session' scope (OnWebApplicationCondition)

   ErrorMvcAutoConfiguration#basicErrorController matched:
      - @ConditionalOnMissingBean (types: org.springframework.boot.web.servlet.error.ErrorController; SearchStrategy: current) did not find any beans (OnBeanCondition)

   ErrorMvcAutoConfiguration#errorAttributes matched:
      - @ConditionalOnMissingBean (types: org.springframework.boot.web.servlet.error.ErrorAttributes; SearchStrategy: current) did not find any beans (OnBeanCondition)

   ErrorMvcAutoConfiguration.DefaultErrorViewResolverConfiguration#conventionErrorViewResolver matched:
      - @ConditionalOnBean (types: org.springframework.web.servlet.DispatcherServlet; SearchStrategy: all) found bean 'dispatcherServlet'; @ConditionalOnMissingBean (types: org.springframework.boot.autoconfigure.web.servlet.error.ErrorViewResolver; SearchStrategy: all) did not find any beans (OnBeanCondition)

   ErrorMvcAutoConfiguration.WhitelabelErrorViewConfiguration matched:
      - @ConditionalOnProperty (server.error.whitelabel.enabled) matched (OnPropertyCondition)
      - ErrorTemplate Missing did not find error template view (ErrorMvcAutoConfiguration.ErrorTemplateMissingCondition)

   ErrorMvcAutoConfiguration.WhitelabelErrorViewConfiguration#beanNameViewResolver matched:
      - @ConditionalOnMissingBean (types: org.springframework.web.servlet.view.BeanNameViewResolver; SearchStrategy: all) did not find any beans (OnBeanCondition)

   ErrorMvcAutoConfiguration.WhitelabelErrorViewConfiguration#defaultErrorView matched:
      - @ConditionalOnMissingBean (names: error; SearchStrategy: all) did not find any beans (OnBeanCondition)

   FeignAutoConfiguration matched:
      - @ConditionalOnClass found required class 'feign.Feign' (OnClassCondition)

   FeignAutoConfiguration.DefaultFeignTargeterConfiguration matched:
      - AnyNestedCondition 1 matched 1 did not; NestedCondition on FeignCircuitBreakerDisabledConditions.CircuitBreakerDisabled @ConditionalOnProperty (feign.circuitbreaker.enabled=false) matched; NestedCondition on FeignCircuitBreakerDisabledConditions.CircuitBreakerClassMissing @ConditionalOnMissingClass found unwanted class 'org.springframework.cloud.client.circuitbreaker.CircuitBreaker' (FeignCircuitBreakerDisabledConditions)

   FeignAutoConfiguration.DefaultFeignTargeterConfiguration#feignTargeter matched:
      - @ConditionalOnMissingBean (types: org.springframework.cloud.openfeign.Targeter; SearchStrategy: all) did not find any beans (OnBeanCondition)

   FeignLoadBalancerAutoConfiguration matched:
      - @ConditionalOnClass found required class 'feign.Feign' (OnClassCondition)
      - @ConditionalOnBean (types: org.springframework.cloud.client.loadbalancer.LoadBalancerClient,org.springframework.cloud.loadbalancer.support.LoadBalancerClientFactory; SearchStrategy: all) found beans 'blockingLoadBalancerClient', 'loadBalancerClientFactory' (OnBeanCondition)

   GenericCacheConfiguration matched:
      - Cache org.springframework.boot.autoconfigure.cache.GenericCacheConfiguration automatic cache type (CacheCondition)

   HibernateJpaAutoConfiguration matched:
      - @ConditionalOnClass found required classes 'org.springframework.orm.jpa.LocalContainerEntityManagerFactoryBean', 'javax.persistence.EntityManager', 'org.hibernate.engine.spi.SessionImplementor' (OnClassCondition)

   HibernateJpaConfiguration matched:
      - @ConditionalOnSingleCandidate (types: javax.sql.DataSource; SearchStrategy: all) found a primary bean from beans 'dataSource' (OnBeanCondition)

   HttpClientConfiguration.ApacheHttpClientConfiguration matched:
      - @ConditionalOnClass found required class 'org.apache.http.client.HttpClient' (OnClassCondition)
      - @ConditionalOnProperty (spring.cloud.httpclientfactories.apache.enabled) matched (OnPropertyCondition)

   HttpClientConfiguration.ApacheHttpClientConfiguration#apacheHttpClientBuilder matched:
      - @ConditionalOnMissingBean (types: org.apache.http.impl.client.HttpClientBuilder; SearchStrategy: all) did not find any beans (OnBeanCondition)

   HttpClientConfiguration.ApacheHttpClientConfiguration#apacheHttpClientFactory matched:
      - @ConditionalOnMissingBean (types: org.springframework.cloud.commons.httpclient.ApacheHttpClientFactory; SearchStrategy: all) did not find any beans (OnBeanCondition)

   HttpClientConfiguration.ApacheHttpClientConfiguration#connManFactory matched:
      - @ConditionalOnMissingBean (types: org.springframework.cloud.commons.httpclient.ApacheHttpClientConnectionManagerFactory; SearchStrategy: all) did not find any beans (OnBeanCondition)

   HttpEncodingAutoConfiguration matched:
      - @ConditionalOnClass found required class 'org.springframework.web.filter.CharacterEncodingFilter' (OnClassCondition)
      - found 'session' scope (OnWebApplicationCondition)
      - @ConditionalOnProperty (server.servlet.encoding.enabled) matched (OnPropertyCondition)

   HttpEncodingAutoConfiguration#characterEncodingFilter matched:
      - @ConditionalOnMissingBean (types: org.springframework.web.filter.CharacterEncodingFilter; SearchStrategy: all) did not find any beans (OnBeanCondition)

   HttpMessageConvertersAutoConfiguration matched:
      - @ConditionalOnClass found required class 'org.springframework.http.converter.HttpMessageConverter' (OnClassCondition)
      - NoneNestedConditions 0 matched 1 did not; NestedCondition on HttpMessageConvertersAutoConfiguration.NotReactiveWebApplicationCondition.ReactiveWebApplication did not find reactive web application classes (HttpMessageConvertersAutoConfiguration.NotReactiveWebApplicationCondition)

   HttpMessageConvertersAutoConfiguration#messageConverters matched:
      - @ConditionalOnMissingBean (types: org.springframework.boot.autoconfigure.http.HttpMessageConverters; SearchStrategy: all) did not find any beans (OnBeanCondition)

   HttpMessageConvertersAutoConfiguration.StringHttpMessageConverterConfiguration matched:
      - @ConditionalOnClass found required class 'org.springframework.http.converter.StringHttpMessageConverter' (OnClassCondition)

   HttpMessageConvertersAutoConfiguration.StringHttpMessageConverterConfiguration#stringHttpMessageConverter matched:
      - @ConditionalOnMissingBean (types: org.springframework.http.converter.StringHttpMessageConverter; SearchStrategy: all) did not find any beans (OnBeanCondition)

   JacksonAutoConfiguration matched:
      - @ConditionalOnClass found required class 'com.fasterxml.jackson.databind.ObjectMapper' (OnClassCondition)

   JacksonAutoConfiguration.Jackson2ObjectMapperBuilderCustomizerConfiguration matched:
      - @ConditionalOnClass found required class 'org.springframework.http.converter.json.Jackson2ObjectMapperBuilder' (OnClassCondition)

   JacksonAutoConfiguration.JacksonObjectMapperBuilderConfiguration matched:
      - @ConditionalOnClass found required class 'org.springframework.http.converter.json.Jackson2ObjectMapperBuilder' (OnClassCondition)

   JacksonAutoConfiguration.JacksonObjectMapperBuilderConfiguration#jacksonObjectMapperBuilder matched:
      - @ConditionalOnMissingBean (types: org.springframework.http.converter.json.Jackson2ObjectMapperBuilder; SearchStrategy: all) did not find any beans (OnBeanCondition)

   JacksonAutoConfiguration.JacksonObjectMapperConfiguration matched:
      - @ConditionalOnClass found required class 'org.springframework.http.converter.json.Jackson2ObjectMapperBuilder' (OnClassCondition)

   JacksonAutoConfiguration.JacksonObjectMapperConfiguration#jacksonObjectMapper matched:
      - @ConditionalOnMissingBean (types: com.fasterxml.jackson.databind.ObjectMapper; SearchStrategy: all) did not find any beans (OnBeanCondition)

   JacksonAutoConfiguration.ParameterNamesModuleConfiguration matched:
      - @ConditionalOnClass found required class 'com.fasterxml.jackson.module.paramnames.ParameterNamesModule' (OnClassCondition)

   JacksonAutoConfiguration.ParameterNamesModuleConfiguration#parameterNamesModule matched:
      - @ConditionalOnMissingBean (types: com.fasterxml.jackson.module.paramnames.ParameterNamesModule; SearchStrategy: all) did not find any beans (OnBeanCondition)

   JacksonHttpMessageConvertersConfiguration.MappingJackson2HttpMessageConverterConfiguration matched:
      - @ConditionalOnClass found required class 'com.fasterxml.jackson.databind.ObjectMapper' (OnClassCondition)
      - @ConditionalOnProperty (spring.mvc.converters.preferred-json-mapper=jackson) matched (OnPropertyCondition)
      - @ConditionalOnBean (types: com.fasterxml.jackson.databind.ObjectMapper; SearchStrategy: all) found bean 'jacksonObjectMapper' (OnBeanCondition)

   JacksonHttpMessageConvertersConfiguration.MappingJackson2HttpMessageConverterConfiguration#mappingJackson2HttpMessageConverter matched:
      - @ConditionalOnMissingBean (types: org.springframework.http.converter.json.MappingJackson2HttpMessageConverter ignored: org.springframework.hateoas.server.mvc.TypeConstrainedMappingJackson2HttpMessageConverter,org.springframework.data.rest.webmvc.alps.AlpsJsonHttpMessageConverter; SearchStrategy: all) did not find any beans (OnBeanCondition)

   JdbcTemplateAutoConfiguration matched:
      - @ConditionalOnClass found required classes 'javax.sql.DataSource', 'org.springframework.jdbc.core.JdbcTemplate' (OnClassCondition)
      - @ConditionalOnSingleCandidate (types: javax.sql.DataSource; SearchStrategy: all) found a primary bean from beans 'dataSource' (OnBeanCondition)

   JdbcTemplateConfiguration matched:
      - @ConditionalOnMissingBean (types: org.springframework.jdbc.core.JdbcOperations; SearchStrategy: all) did not find any beans (OnBeanCondition)

   JmxAutoConfiguration matched:
      - @ConditionalOnClass found required class 'org.springframework.jmx.export.MBeanExporter' (OnClassCondition)
      - @ConditionalOnProperty (spring.jmx.enabled=true) matched (OnPropertyCondition)

   JmxAutoConfiguration#mbeanExporter matched:
      - @ConditionalOnMissingBean (types: org.springframework.jmx.export.MBeanExporter; SearchStrategy: current) did not find any beans (OnBeanCondition)

   JmxAutoConfiguration#mbeanServer matched:
      - @ConditionalOnMissingBean (types: javax.management.MBeanServer; SearchStrategy: all) did not find any beans (OnBeanCondition)

   JmxAutoConfiguration#objectNamingStrategy matched:
      - @ConditionalOnMissingBean (types: org.springframework.jmx.export.naming.ObjectNamingStrategy; SearchStrategy: current) did not find any beans (OnBeanCondition)

   JpaBaseConfiguration#entityManagerFactory matched:
      - @ConditionalOnMissingBean (types: org.springframework.orm.jpa.LocalContainerEntityManagerFactoryBean,javax.persistence.EntityManagerFactory; SearchStrategy: all) did not find any beans (OnBeanCondition)

   JpaBaseConfiguration#entityManagerFactoryBuilder matched:
      - @ConditionalOnMissingBean (types: org.springframework.boot.orm.jpa.EntityManagerFactoryBuilder; SearchStrategy: all) did not find any beans (OnBeanCondition)

   JpaBaseConfiguration#jpaVendorAdapter matched:
      - @ConditionalOnMissingBean (types: org.springframework.orm.jpa.JpaVendorAdapter; SearchStrategy: all) did not find any beans (OnBeanCondition)

   JpaBaseConfiguration#transactionManager matched:
      - @ConditionalOnMissingBean (types: org.springframework.transaction.TransactionManager; SearchStrategy: all) did not find any beans (OnBeanCondition)

   JpaBaseConfiguration.JpaWebConfiguration matched:
      - @ConditionalOnClass found required class 'org.springframework.web.servlet.config.annotation.WebMvcConfigurer' (OnClassCondition)
      - found 'session' scope (OnWebApplicationCondition)
      - @ConditionalOnProperty (spring.jpa.open-in-view=true) matched (OnPropertyCondition)
      - @ConditionalOnMissingBean (types: org.springframework.orm.jpa.support.OpenEntityManagerInViewInterceptor,org.springframework.orm.jpa.support.OpenEntityManagerInViewFilter; SearchStrategy: all) did not find any beans (OnBeanCondition)

   JpaRepositoriesAutoConfiguration matched:
      - @ConditionalOnClass found required class 'org.springframework.data.jpa.repository.JpaRepository' (OnClassCondition)
      - @ConditionalOnProperty (spring.data.jpa.repositories.enabled=true) matched (OnPropertyCondition)
      - @ConditionalOnBean (types: javax.sql.DataSource; SearchStrategy: all) found bean 'dataSource'; @ConditionalOnMissingBean (types: org.springframework.data.jpa.repository.support.JpaRepositoryFactoryBean,org.springframework.data.jpa.repository.config.JpaRepositoryConfigExtension; SearchStrategy: all) did not find any beans (OnBeanCondition)

   JtaAutoConfiguration matched:
      - @ConditionalOnClass found required class 'javax.transaction.Transaction' (OnClassCondition)
      - @ConditionalOnProperty (spring.jta.enabled) matched (OnPropertyCondition)

   LifecycleAutoConfiguration#defaultLifecycleProcessor matched:
      - @ConditionalOnMissingBean (names: lifecycleProcessor; SearchStrategy: current) did not find any beans (OnBeanCondition)

   LifecycleMvcEndpointAutoConfiguration#environmentManager matched:
      - @ConditionalOnMissingBean (types: org.springframework.cloud.context.environment.EnvironmentManager; SearchStrategy: all) did not find any beans (OnBeanCondition)

   org.springframework.cloud.client.loadbalancer.LoadBalancerAutoConfiguration matched:
      - @ConditionalOnClass found required class 'org.springframework.web.client.RestTemplate' (OnClassCondition)
      - @ConditionalOnBean (types: org.springframework.cloud.client.loadbalancer.LoadBalancerClient; SearchStrategy: all) found bean 'blockingLoadBalancerClient' (OnBeanCondition)

   org.springframework.cloud.loadbalancer.config.LoadBalancerAutoConfiguration matched:
      - @ConditionalOnProperty (spring.cloud.loadbalancer.enabled=true) matched (OnPropertyCondition)

   LoadBalancerAutoConfiguration#loadBalancerClientFactory matched:
      - @ConditionalOnMissingBean (types: org.springframework.cloud.loadbalancer.support.LoadBalancerClientFactory; SearchStrategy: all) did not find any beans (OnBeanCondition)

   LoadBalancerAutoConfiguration#loadBalancerRequestFactory matched:
      - @ConditionalOnMissingBean (types: org.springframework.cloud.client.loadbalancer.LoadBalancerRequestFactory; SearchStrategy: all) did not find any beans (OnBeanCondition)

   LoadBalancerAutoConfiguration#zoneConfig matched:
      - @ConditionalOnMissingBean (types: org.springframework.cloud.loadbalancer.config.LoadBalancerZoneConfig; SearchStrategy: all) did not find any beans (OnBeanCondition)

   LoadBalancerAutoConfiguration.LoadBalancerInterceptorConfig matched:
      - AnyNestedCondition 1 matched 1 did not; NestedCondition on LoadBalancerAutoConfiguration.RetryMissingOrDisabledCondition.RetryDisabled @ConditionalOnProperty (spring.cloud.loadbalancer.retry.enabled=false) did not find property 'spring.cloud.loadbalancer.retry.enabled'; NestedCondition on LoadBalancerAutoConfiguration.RetryMissingOrDisabledCondition.RetryTemplateMissing @ConditionalOnMissingClass did not find unwanted class 'org.springframework.retry.support.RetryTemplate' (LoadBalancerAutoConfiguration.RetryMissingOrDisabledCondition)

   LoadBalancerAutoConfiguration.LoadBalancerInterceptorConfig#restTemplateCustomizer matched:
      - @ConditionalOnMissingBean (types: org.springframework.cloud.client.loadbalancer.RestTemplateCustomizer; SearchStrategy: all) did not find any beans (OnBeanCondition)

   LoadBalancerCacheAutoConfiguration matched:
      - @ConditionalOnClass found required classes 'org.springframework.cache.CacheManager', 'org.springframework.boot.autoconfigure.cache.CacheAutoConfiguration' (OnClassCondition)
      - @ConditionalOnProperty (spring.cloud.loadbalancer.cache.enabled) matched (OnPropertyCondition)

   LoadBalancerCacheAutoConfiguration.LoadBalancerCacheManagerWarnConfiguration matched:
      - AnyNestedCondition 2 matched 0 did not; NestedCondition on LoadBalancerCacheAutoConfiguration.OnCaffeineCacheMissingCondition.CaffeineCacheManagerClassMissing @ConditionalOnMissingClass did not find unwanted class 'org.springframework.cache.caffeine.CaffeineCacheManager'; NestedCondition on LoadBalancerCacheAutoConfiguration.OnCaffeineCacheMissingCondition.CaffeineClassMissing @ConditionalOnMissingClass did not find unwanted class 'com.github.benmanes.caffeine.cache.Caffeine' (LoadBalancerCacheAutoConfiguration.OnCaffeineCacheMissingCondition)

   MultipartAutoConfiguration matched:
      - @ConditionalOnClass found required classes 'javax.servlet.Servlet', 'org.springframework.web.multipart.support.StandardServletMultipartResolver', 'javax.servlet.MultipartConfigElement' (OnClassCondition)
      - found 'session' scope (OnWebApplicationCondition)
      - @ConditionalOnProperty (spring.servlet.multipart.enabled) matched (OnPropertyCondition)

   MultipartAutoConfiguration#multipartConfigElement matched:
      - @ConditionalOnMissingBean (types: javax.servlet.MultipartConfigElement,org.springframework.web.multipart.commons.CommonsMultipartResolver; SearchStrategy: all) did not find any beans (OnBeanCondition)

   MultipartAutoConfiguration#multipartResolver matched:
      - @ConditionalOnMissingBean (types: org.springframework.web.multipart.MultipartResolver; SearchStrategy: all) did not find any beans (OnBeanCondition)

   MybatisAutoConfiguration matched:
      - @ConditionalOnClass found required classes 'org.apache.ibatis.session.SqlSessionFactory', 'org.mybatis.spring.SqlSessionFactoryBean' (OnClassCondition)
      - @ConditionalOnSingleCandidate (types: javax.sql.DataSource; SearchStrategy: all) found a primary bean from beans 'dataSource' (OnBeanCondition)

   MybatisAutoConfiguration#sqlSessionFactory matched:
      - @ConditionalOnMissingBean (types: org.apache.ibatis.session.SqlSessionFactory; SearchStrategy: all) did not find any beans (OnBeanCondition)

   MybatisAutoConfiguration#sqlSessionTemplate matched:
      - @ConditionalOnMissingBean (types: org.mybatis.spring.SqlSessionTemplate; SearchStrategy: all) did not find any beans (OnBeanCondition)

   MybatisLanguageDriverAutoConfiguration matched:
      - @ConditionalOnClass found required class 'org.apache.ibatis.scripting.LanguageDriver' (OnClassCondition)

   NacosConfigAutoConfiguration matched:
      - @ConditionalOnProperty (spring.cloud.nacos.config.enabled) matched (OnPropertyCondition)

   NacosConfigAutoConfiguration#nacosConfigProperties matched:
      - @ConditionalOnMissingBean (types: com.alibaba.cloud.nacos.NacosConfigProperties; SearchStrategy: current) did not find any beans (OnBeanCondition)

   NacosConfigBootstrapConfiguration matched:
      - @ConditionalOnProperty (spring.cloud.nacos.config.enabled) matched (OnPropertyCondition)

   NacosDiscoveryAutoConfiguration matched:
      - @ConditionalOnProperty (spring.cloud.discovery.enabled) matched; @ConditionalOnProperty (spring.cloud.nacos.discovery.enabled) matched (OnPropertyCondition)

   NacosDiscoveryAutoConfiguration#nacosProperties matched:
      - @ConditionalOnMissingBean (types: com.alibaba.cloud.nacos.NacosDiscoveryProperties; SearchStrategy: all) did not find any beans (OnBeanCondition)

   NacosDiscoveryAutoConfiguration#nacosServiceDiscovery matched:
      - @ConditionalOnMissingBean (types: com.alibaba.cloud.nacos.discovery.NacosServiceDiscovery; SearchStrategy: all) did not find any beans (OnBeanCondition)

   NacosDiscoveryClientConfiguration matched:
      - @ConditionalOnProperty (spring.cloud.discovery.enabled) matched; @ConditionalOnProperty (spring.cloud.discovery.blocking.enabled) matched; @ConditionalOnProperty (spring.cloud.nacos.discovery.enabled) matched (OnPropertyCondition)

   NacosDiscoveryClientConfiguration#nacosWatch matched:
      - @ConditionalOnProperty (spring.cloud.nacos.discovery.watch.enabled) matched (OnPropertyCondition)
      - @ConditionalOnMissingBean (types: com.alibaba.cloud.nacos.discovery.NacosWatch; SearchStrategy: all) did not find any beans (OnBeanCondition)

   NacosLoadBalancerClientConfiguration matched:
      - @ConditionalOnProperty (spring.cloud.discovery.enabled) matched (OnPropertyCondition)

   NacosLoadBalancerClientConfiguration#nacosLoadBalancer matched:
      - @ConditionalOnMissingBean (types: org.springframework.cloud.loadbalancer.core.ReactorLoadBalancer; SearchStrategy: all) did not find any beans (OnBeanCondition)

   NacosLoadBalancerClientConfiguration.BlockingSupportConfiguration matched:
      - @ConditionalOnProperty (spring.cloud.discovery.blocking.enabled) matched (OnPropertyCondition)

   NacosServiceAutoConfiguration matched:
      - @ConditionalOnProperty (spring.cloud.discovery.enabled) matched; @ConditionalOnProperty (spring.cloud.nacos.discovery.enabled) matched (OnPropertyCondition)

   NacosServiceRegistryAutoConfiguration matched:
      - @ConditionalOnProperty (spring.cloud.service-registry.auto-registration.enabled) matched; @ConditionalOnProperty (spring.cloud.nacos.discovery.enabled) matched (OnPropertyCondition)

   NacosServiceRegistryAutoConfiguration#nacosAutoServiceRegistration matched:
      - @ConditionalOnBean (types: org.springframework.cloud.client.serviceregistry.AutoServiceRegistrationProperties; SearchStrategy: all) found bean 'spring.cloud.service-registry.auto-registration-org.springframework.cloud.client.serviceregistry.AutoServiceRegistrationProperties' (OnBeanCondition)

   NacosServiceRegistryAutoConfiguration#nacosRegistration matched:
      - @ConditionalOnBean (types: org.springframework.cloud.client.serviceregistry.AutoServiceRegistrationProperties; SearchStrategy: all) found bean 'spring.cloud.service-registry.auto-registration-org.springframework.cloud.client.serviceregistry.AutoServiceRegistrationProperties' (OnBeanCondition)

   NamedParameterJdbcTemplateConfiguration matched:
      - @ConditionalOnSingleCandidate (types: org.springframework.jdbc.core.JdbcTemplate; SearchStrategy: all) found a primary bean from beans 'jdbcTemplate'; @ConditionalOnMissingBean (types: org.springframework.jdbc.core.namedparam.NamedParameterJdbcOperations; SearchStrategy: all) did not find any beans (OnBeanCondition)

   NettyAutoConfiguration matched:
      - @ConditionalOnClass found required class 'io.netty.util.NettyRuntime' (OnClassCondition)

   NoOpCacheConfiguration matched:
      - Cache org.springframework.boot.autoconfigure.cache.NoOpCacheConfiguration automatic cache type (CacheCondition)

   PersistenceExceptionTranslationAutoConfiguration matched:
      - @ConditionalOnClass found required class 'org.springframework.dao.annotation.PersistenceExceptionTranslationPostProcessor' (OnClassCondition)

   PersistenceExceptionTranslationAutoConfiguration#persistenceExceptionTranslationPostProcessor matched:
      - @ConditionalOnProperty (spring.dao.exceptiontranslation.enabled) matched (OnPropertyCondition)
      - @ConditionalOnMissingBean (types: org.springframework.dao.annotation.PersistenceExceptionTranslationPostProcessor; SearchStrategy: all) did not find any beans (OnBeanCondition)

   PropertyPlaceholderAutoConfiguration#propertySourcesPlaceholderConfigurer matched:
      - @ConditionalOnMissingBean (types: org.springframework.context.support.PropertySourcesPlaceholderConfigurer; SearchStrategy: current) did not find any beans (OnBeanCondition)

   ReactiveSentinelCircuitBreakerAutoConfiguration matched:
      - @ConditionalOnClass found required classes 'reactor.core.publisher.Mono', 'reactor.core.publisher.Flux' (OnClassCondition)
      - @ConditionalOnProperty (spring.cloud.circuitbreaker.sentinel.enabled=true) matched (OnPropertyCondition)

   ReactiveSentinelCircuitBreakerAutoConfiguration#reactiveSentinelCircuitBreakerFactory matched:
      - @ConditionalOnMissingBean (types: org.springframework.cloud.client.circuitbreaker.ReactiveCircuitBreakerFactory; SearchStrategy: all) did not find any beans (OnBeanCondition)

   RefreshAutoConfiguration matched:
      - @ConditionalOnClass found required class 'org.springframework.cloud.context.scope.refresh.RefreshScope' (OnClassCondition)
      - @ConditionalOnProperty (spring.cloud.refresh.enabled) matched (OnPropertyCondition)

   RefreshAutoConfiguration#legacyContextRefresher matched:
      - AnyNestedCondition 1 matched 2 did not; NestedCondition on ConditionalOnBootstrapEnabled.OnBootstrapEnabledCondition.OnBootstrapEnabled @ConditionalOnProperty (spring.cloud.bootstrap.enabled) did not find property 'spring.cloud.bootstrap.enabled'; NestedCondition on ConditionalOnBootstrapEnabled.OnBootstrapEnabledCondition.OnUseLegacyProcessingEnabled @ConditionalOnProperty (spring.config.use-legacy-processing) did not find property 'spring.config.use-legacy-processing'; NestedCondition on ConditionalOnBootstrapEnabled.OnBootstrapEnabledCondition.OnBootstrapMarkerClassPresent @ConditionalOnClass found required class 'org.springframework.cloud.bootstrap.marker.Marker' (ConditionalOnBootstrapEnabled.OnBootstrapEnabledCondition)
      - @ConditionalOnMissingBean (types: org.springframework.cloud.context.refresh.LegacyContextRefresher; SearchStrategy: all) did not find any beans (OnBeanCondition)

   RefreshAutoConfiguration#loggingRebinder matched:
      - @ConditionalOnMissingBean (types: org.springframework.cloud.logging.LoggingRebinder; SearchStrategy: all) did not find any beans (OnBeanCondition)

   RefreshAutoConfiguration#refreshScope matched:
      - @ConditionalOnMissingBean (types: org.springframework.cloud.context.scope.refresh.RefreshScope; SearchStrategy: all) did not find any beans (OnBeanCondition)

   RefreshAutoConfiguration.JpaInvokerConfiguration matched:
      - @ConditionalOnClass found required class 'javax.persistence.EntityManagerFactory' (OnClassCondition)

   RestTemplateAutoConfiguration matched:
      - @ConditionalOnClass found required class 'org.springframework.web.client.RestTemplate' (OnClassCondition)
      - NoneNestedConditions 0 matched 1 did not; NestedCondition on RestTemplateAutoConfiguration.NotReactiveWebApplicationCondition.ReactiveWebApplication did not find reactive web application classes (RestTemplateAutoConfiguration.NotReactiveWebApplicationCondition)

   RestTemplateAutoConfiguration#restTemplateBuilder matched:
      - @ConditionalOnMissingBean (types: org.springframework.boot.web.client.RestTemplateBuilder; SearchStrategy: all) did not find any beans (OnBeanCondition)

   RestTemplateAutoConfiguration#restTemplateBuilderConfigurer matched:
      - @ConditionalOnMissingBean (types: org.springframework.boot.autoconfigure.web.client.RestTemplateBuilderConfigurer; SearchStrategy: all) did not find any beans (OnBeanCondition)

   SentinelAutoConfiguration matched:
      - @ConditionalOnProperty (spring.cloud.sentinel.enabled) matched (OnPropertyCondition)

   SentinelAutoConfiguration#sentinelBeanPostProcessor matched:
      - @ConditionalOnClass found required class 'org.springframework.web.client.RestTemplate' (OnClassCondition)
      - @ConditionalOnProperty (resttemplate.sentinel.enabled=true) matched (OnPropertyCondition)
      - @ConditionalOnMissingBean (types: com.alibaba.cloud.sentinel.custom.SentinelBeanPostProcessor; SearchStrategy: all) did not find any beans (OnBeanCondition)

   SentinelAutoConfiguration#sentinelDataSourceHandler matched:
      - @ConditionalOnMissingBean (types: com.alibaba.cloud.sentinel.custom.SentinelDataSourceHandler; SearchStrategy: all) did not find any beans (OnBeanCondition)

   SentinelAutoConfiguration#sentinelResourceAspect matched:
      - @ConditionalOnMissingBean (types: com.alibaba.csp.sentinel.annotation.aspectj.SentinelResourceAspect; SearchStrategy: all) did not find any beans (OnBeanCondition)

   SentinelAutoConfiguration.SentinelConverterConfiguration matched:
      - @ConditionalOnClass found required class 'com.fasterxml.jackson.databind.ObjectMapper' (OnClassCondition)

   SentinelCircuitBreakerAutoConfiguration matched:
      - @ConditionalOnClass found required class 'com.alibaba.csp.sentinel.SphU' (OnClassCondition)
      - @ConditionalOnProperty (spring.cloud.circuitbreaker.sentinel.enabled=true) matched (OnPropertyCondition)

   SentinelCircuitBreakerAutoConfiguration#sentinelCircuitBreakerFactory matched:
      - @ConditionalOnMissingBean (types: org.springframework.cloud.client.circuitbreaker.CircuitBreakerFactory; SearchStrategy: all) did not find any beans (OnBeanCondition)

   SentinelFeignAutoConfiguration matched:
      - @ConditionalOnClass found required classes 'com.alibaba.csp.sentinel.SphU', 'feign.Feign' (OnClassCondition)

   SentinelFeignAutoConfiguration#feignSentinelBuilder matched:
      - @ConditionalOnProperty (feign.sentinel.enabled) matched (OnPropertyCondition)
      - @ConditionalOnMissingBean (types: feign.Feign$Builder; SearchStrategy: all) did not find any beans (OnBeanCondition)

   SentinelFeignClientAutoConfiguration matched:
      - @ConditionalOnClass found required classes 'feign.Feign', 'org.springframework.cloud.openfeign.FeignClientFactoryBean' (OnClassCondition)
      - @ConditionalOnProperty (spring.cloud.circuitbreaker.sentinel.enabled=true) matched (OnPropertyCondition)

   SentinelFeignClientAutoConfiguration.CircuitBreakerListenerConfiguration matched:
      - @ConditionalOnProperty (feign.sentinel.refresh-rules=true) matched (OnPropertyCondition)

   SentinelFeignClientAutoConfiguration.CircuitBreakerNameResolverConfiguration matched:
      - @ConditionalOnClass found required class 'org.springframework.cloud.openfeign.CircuitBreakerNameResolver' (OnClassCondition)

   SentinelFeignClientAutoConfiguration.CircuitBreakerNameResolverConfiguration#feignClientCircuitNameResolver matched:
      - @ConditionalOnMissingBean (types: org.springframework.cloud.openfeign.CircuitBreakerNameResolver; SearchStrategy: all) did not find any beans (OnBeanCondition)

   SentinelFeignClientAutoConfiguration.ReactiveSentinelCustomizerConfiguration matched:
      - @ConditionalOnClass found required classes 'reactor.core.publisher.Mono', 'reactor.core.publisher.Flux' (OnClassCondition)

   SentinelWebAutoConfiguration matched:
      - @ConditionalOnClass found required class 'com.alibaba.csp.sentinel.adapter.spring.webmvc.SentinelWebInterceptor' (OnClassCondition)
      - found 'session' scope (OnWebApplicationCondition)
      - @ConditionalOnProperty (spring.cloud.sentinel.enabled) matched (OnPropertyCondition)

   SentinelWebAutoConfiguration#sentinelWebInterceptor matched:
      - @ConditionalOnProperty (spring.cloud.sentinel.filter.enabled) matched (OnPropertyCondition)

   SentinelWebAutoConfiguration#sentinelWebMvcConfig matched:
      - @ConditionalOnProperty (spring.cloud.sentinel.filter.enabled) matched (OnPropertyCondition)

   SentinelWebAutoConfiguration#sentinelWebMvcConfigurer matched:
      - @ConditionalOnProperty (spring.cloud.sentinel.filter.enabled) matched (OnPropertyCondition)

   ServletWebServerFactoryAutoConfiguration matched:
      - @ConditionalOnClass found required class 'javax.servlet.ServletRequest' (OnClassCondition)
      - found 'session' scope (OnWebApplicationCondition)

   ServletWebServerFactoryAutoConfiguration#tomcatServletWebServerFactoryCustomizer matched:
      - @ConditionalOnClass found required class 'org.apache.catalina.startup.Tomcat' (OnClassCondition)

   ServletWebServerFactoryConfiguration.EmbeddedTomcat matched:
      - @ConditionalOnClass found required classes 'javax.servlet.Servlet', 'org.apache.catalina.startup.Tomcat', 'org.apache.coyote.UpgradeProtocol' (OnClassCondition)
      - @ConditionalOnMissingBean (types: org.springframework.boot.web.servlet.server.ServletWebServerFactory; SearchStrategy: current) did not find any beans (OnBeanCondition)

   SimpleCacheConfiguration matched:
      - Cache org.springframework.boot.autoconfigure.cache.SimpleCacheConfiguration automatic cache type (CacheCondition)

   SimpleDiscoveryClientAutoConfiguration#simpleDiscoveryProperties matched:
      - @ConditionalOnMissingBean (types: org.springframework.cloud.client.discovery.simple.SimpleDiscoveryProperties; SearchStrategy: all) did not find any beans (OnBeanCondition)

   SpringApplicationAdminJmxAutoConfiguration matched:
      - @ConditionalOnProperty (spring.application.admin.enabled=true) matched (OnPropertyCondition)

   SpringApplicationAdminJmxAutoConfiguration#springApplicationAdminRegistrar matched:
      - @ConditionalOnMissingBean (types: org.springframework.boot.admin.SpringApplicationAdminMXBeanRegistrar; SearchStrategy: all) did not find any beans (OnBeanCondition)

   SpringDataWebAutoConfiguration matched:
      - @ConditionalOnClass found required classes 'org.springframework.data.web.PageableHandlerMethodArgumentResolver', 'org.springframework.web.servlet.config.annotation.WebMvcConfigurer' (OnClassCondition)
      - found 'session' scope (OnWebApplicationCondition)
      - @ConditionalOnMissingBean (types: org.springframework.data.web.PageableHandlerMethodArgumentResolver; SearchStrategy: all) did not find any beans (OnBeanCondition)

   SpringDataWebAutoConfiguration#pageableCustomizer matched:
      - @ConditionalOnMissingBean (types: org.springframework.data.web.config.PageableHandlerMethodArgumentResolverCustomizer; SearchStrategy: all) did not find any beans (OnBeanCondition)

   SpringDataWebAutoConfiguration#sortCustomizer matched:
      - @ConditionalOnMissingBean (types: org.springframework.data.web.config.SortHandlerMethodArgumentResolverCustomizer; SearchStrategy: all) did not find any beans (OnBeanCondition)

   SqlInitializationAutoConfiguration matched:
      - @ConditionalOnProperty (spring.sql.init.enabled) matched (OnPropertyCondition)
      - NoneNestedConditions 0 matched 1 did not; NestedCondition on SqlInitializationAutoConfiguration.SqlInitializationModeCondition.ModeIsNever @ConditionalOnProperty (spring.sql.init.mode=never) did not find property 'mode' (SqlInitializationAutoConfiguration.SqlInitializationModeCondition)

   TaskExecutionAutoConfiguration matched:
      - @ConditionalOnClass found required class 'org.springframework.scheduling.concurrent.ThreadPoolTaskExecutor' (OnClassCondition)

   TaskExecutionAutoConfiguration#applicationTaskExecutor matched:
      - @ConditionalOnMissingBean (types: java.util.concurrent.Executor; SearchStrategy: all) did not find any beans (OnBeanCondition)

   TaskExecutionAutoConfiguration#taskExecutorBuilder matched:
      - @ConditionalOnMissingBean (types: org.springframework.boot.task.TaskExecutorBuilder; SearchStrategy: all) did not find any beans (OnBeanCondition)

   TaskSchedulingAutoConfiguration matched:
      - @ConditionalOnClass found required class 'org.springframework.scheduling.concurrent.ThreadPoolTaskScheduler' (OnClassCondition)

   TaskSchedulingAutoConfiguration#taskSchedulerBuilder matched:
      - @ConditionalOnMissingBean (types: org.springframework.boot.task.TaskSchedulerBuilder; SearchStrategy: all) did not find any beans (OnBeanCondition)

   TransactionAutoConfiguration matched:
      - @ConditionalOnClass found required class 'org.springframework.transaction.PlatformTransactionManager' (OnClassCondition)

   TransactionAutoConfiguration#platformTransactionManagerCustomizers matched:
      - @ConditionalOnMissingBean (types: org.springframework.boot.autoconfigure.transaction.TransactionManagerCustomizers; SearchStrategy: all) did not find any beans (OnBeanCondition)

   TransactionAutoConfiguration.EnableTransactionManagementConfiguration matched:
      - @ConditionalOnBean (types: org.springframework.transaction.TransactionManager; SearchStrategy: all) found bean 'transactionManager'; @ConditionalOnMissingBean (types: org.springframework.transaction.annotation.AbstractTransactionManagementConfiguration; SearchStrategy: all) did not find any beans (OnBeanCondition)

   TransactionAutoConfiguration.EnableTransactionManagementConfiguration.CglibAutoProxyConfiguration matched:
      - @ConditionalOnProperty (spring.aop.proxy-target-class=true) matched (OnPropertyCondition)

   TransactionAutoConfiguration.TransactionTemplateConfiguration matched:
      - @ConditionalOnSingleCandidate (types: org.springframework.transaction.PlatformTransactionManager; SearchStrategy: all) found a primary bean from beans 'transactionManager' (OnBeanCondition)

   TransactionAutoConfiguration.TransactionTemplateConfiguration#transactionTemplate matched:
      - @ConditionalOnMissingBean (types: org.springframework.transaction.support.TransactionOperations; SearchStrategy: all) did not find any beans (OnBeanCondition)

   UtilAutoConfiguration matched:
      - @ConditionalOnProperty (spring.cloud.util.enabled) matched (OnPropertyCondition)

   UtilAutoConfiguration#inetUtils matched:
      - @ConditionalOnMissingBean (types: org.springframework.cloud.commons.util.InetUtils; SearchStrategy: all) did not find any beans (OnBeanCondition)

   WebMvcAutoConfiguration matched:
      - @ConditionalOnClass found required classes 'javax.servlet.Servlet', 'org.springframework.web.servlet.DispatcherServlet', 'org.springframework.web.servlet.config.annotation.WebMvcConfigurer' (OnClassCondition)
      - found 'session' scope (OnWebApplicationCondition)
      - @ConditionalOnMissingBean (types: org.springframework.web.servlet.config.annotation.WebMvcConfigurationSupport; SearchStrategy: all) did not find any beans (OnBeanCondition)

   WebMvcAutoConfiguration#formContentFilter matched:
      - @ConditionalOnProperty (spring.mvc.formcontent.filter.enabled) matched (OnPropertyCondition)
      - @ConditionalOnMissingBean (types: org.springframework.web.filter.FormContentFilter; SearchStrategy: all) did not find any beans (OnBeanCondition)

   WebMvcAutoConfiguration.EnableWebMvcConfiguration#flashMapManager matched:
      - @ConditionalOnMissingBean (names: flashMapManager; SearchStrategy: all) did not find any beans (OnBeanCondition)

   WebMvcAutoConfiguration.EnableWebMvcConfiguration#localeResolver matched:
      - @ConditionalOnMissingBean (names: localeResolver; SearchStrategy: all) did not find any beans (OnBeanCondition)

   WebMvcAutoConfiguration.EnableWebMvcConfiguration#themeResolver matched:
      - @ConditionalOnMissingBean (names: themeResolver; SearchStrategy: all) did not find any beans (OnBeanCondition)

   WebMvcAutoConfiguration.WebMvcAutoConfigurationAdapter#defaultViewResolver matched:
      - @ConditionalOnMissingBean (types: org.springframework.web.servlet.view.InternalResourceViewResolver; SearchStrategy: all) did not find any beans (OnBeanCondition)

   WebMvcAutoConfiguration.WebMvcAutoConfigurationAdapter#requestContextFilter matched:
      - @ConditionalOnMissingBean (types: org.springframework.web.context.request.RequestContextListener,org.springframework.web.filter.RequestContextFilter; SearchStrategy: all) did not find any beans (OnBeanCondition)

   WebMvcAutoConfiguration.WebMvcAutoConfigurationAdapter#viewResolver matched:
      - @ConditionalOnBean (types: org.springframework.web.servlet.ViewResolver; SearchStrategy: all) found beans 'defaultViewResolver', 'beanNameViewResolver', 'mvcViewResolver'; @ConditionalOnMissingBean (names: viewResolver types: org.springframework.web.servlet.view.ContentNegotiatingViewResolver; SearchStrategy: all) did not find any beans (OnBeanCondition)

   WebSocketServletAutoConfiguration matched:
      - @ConditionalOnClass found required classes 'javax.servlet.Servlet', 'javax.websocket.server.ServerContainer' (OnClassCondition)
      - found 'session' scope (OnWebApplicationCondition)

   WebSocketServletAutoConfiguration.TomcatWebSocketConfiguration matched:
      - @ConditionalOnClass found required classes 'org.apache.catalina.startup.Tomcat', 'org.apache.tomcat.websocket.server.WsSci' (OnClassCondition)

   WebSocketServletAutoConfiguration.TomcatWebSocketConfiguration#websocketServletWebServerCustomizer matched:
      - @ConditionalOnMissingBean (names: websocketServletWebServerCustomizer; SearchStrategy: all) did not find any beans (OnBeanCondition)


Negative matches:
-----------------

   ActiveMQAutoConfiguration:
      Did not match:
         - @ConditionalOnClass did not find required class 'javax.jms.ConnectionFactory' (OnClassCondition)

   AopAutoConfiguration.AspectJAutoProxyingConfiguration.JdkDynamicAutoProxyConfiguration:
      Did not match:
         - @ConditionalOnProperty (spring.aop.proxy-target-class=false) did not find property 'proxy-target-class' (OnPropertyCondition)

   AopAutoConfiguration.ClassProxyingConfiguration:
      Did not match:
         - @ConditionalOnMissingClass found unwanted class 'org.aspectj.weaver.Advice' (OnClassCondition)

   ArtemisAutoConfiguration:
      Did not match:
         - @ConditionalOnClass did not find required class 'javax.jms.ConnectionFactory' (OnClassCondition)

   AtomikosJtaConfiguration:
      Did not match:
         - @ConditionalOnClass did not find required class 'com.atomikos.icatch.jta.UserTransactionManager' (OnClassCondition)

   BatchAutoConfiguration:
      Did not match:
         - @ConditionalOnClass did not find required class 'org.springframework.batch.core.launch.JobLauncher' (OnClassCondition)

   BlockingLoadBalancerClientAutoConfiguration.BlockingLoadBalancerRetryConfig:
      Did not match:
         - @ConditionalOnClass did not find required class 'org.springframework.retry.support.RetryTemplate' (OnClassCondition)

   CacheAutoConfiguration:
      Did not match:
         - @ConditionalOnBean (types: org.springframework.cache.interceptor.CacheAspectSupport; SearchStrategy: all) did not find any beans of type org.springframework.cache.interceptor.CacheAspectSupport (OnBeanCondition)
      Matched:
         - @ConditionalOnClass found required class 'org.springframework.cache.CacheManager' (OnClassCondition)

   CacheAutoConfiguration.CacheManagerEntityManagerFactoryDependsOnPostProcessor:
      Did not match:
         - Ancestor org.springframework.boot.autoconfigure.cache.CacheAutoConfiguration did not match (ConditionEvaluationReport.AncestorsMatchedCondition)
      Matched:
         - @ConditionalOnClass found required class 'org.springframework.orm.jpa.LocalContainerEntityManagerFactoryBean' (OnClassCondition)

   CaffeineCacheConfiguration:
      Did not match:
         - @ConditionalOnClass did not find required class 'com.github.benmanes.caffeine.cache.Caffeine' (OnClassCondition)

   CassandraAutoConfiguration:
      Did not match:
         - @ConditionalOnClass did not find required class 'com.datastax.oss.driver.api.core.CqlSession' (OnClassCondition)

   CassandraDataAutoConfiguration:
      Did not match:
         - @ConditionalOnClass did not find required class 'com.datastax.oss.driver.api.core.CqlSession' (OnClassCondition)

   CassandraReactiveDataAutoConfiguration:
      Did not match:
         - @ConditionalOnClass did not find required class 'com.datastax.oss.driver.api.core.CqlSession' (OnClassCondition)

   CassandraReactiveRepositoriesAutoConfiguration:
      Did not match:
         - @ConditionalOnClass did not find required class 'org.springframework.data.cassandra.ReactiveSession' (OnClassCondition)

   CassandraRepositoriesAutoConfiguration:
      Did not match:
         - @ConditionalOnClass did not find required class 'com.datastax.oss.driver.api.core.CqlSession' (OnClassCondition)

   ClientHttpConnectorAutoConfiguration:
      Did not match:
         - @ConditionalOnClass did not find required class 'org.springframework.web.reactive.function.client.WebClient' (OnClassCondition)

   CloudHypermediaAutoConfiguration:
      Did not match:
         - @ConditionalOnClass did not find required class 'org.springframework.hateoas.Link' (OnClassCondition)

   CodecsAutoConfiguration:
      Did not match:
         - @ConditionalOnClass did not find required class 'org.springframework.web.reactive.function.client.WebClient' (OnClassCondition)

   CommonsClientAutoConfiguration.ActuatorConfiguration:
      Did not match:
         - @ConditionalOnClass did not find required class 'org.springframework.boot.actuate.endpoint.annotation.Endpoint' (OnClassCondition)

   CommonsClientAutoConfiguration.DiscoveryLoadBalancerConfiguration:
      Did not match:
         - @ConditionalOnClass did not find required class 'org.springframework.boot.actuate.health.HealthIndicator' (OnClassCondition)

   CouchbaseAutoConfiguration:
      Did not match:
         - @ConditionalOnClass did not find required class 'com.couchbase.client.java.Cluster' (OnClassCondition)

   CouchbaseCacheConfiguration:
      Did not match:
         - @ConditionalOnClass did not find required class 'com.couchbase.client.java.Cluster' (OnClassCondition)

   CouchbaseDataAutoConfiguration:
      Did not match:
         - @ConditionalOnClass did not find required class 'com.couchbase.client.java.Bucket' (OnClassCondition)

   CouchbaseReactiveDataAutoConfiguration:
      Did not match:
         - @ConditionalOnClass did not find required class 'com.couchbase.client.java.Cluster' (OnClassCondition)

   CouchbaseReactiveRepositoriesAutoConfiguration:
      Did not match:
         - @ConditionalOnClass did not find required class 'com.couchbase.client.java.Cluster' (OnClassCondition)

   CouchbaseRepositoriesAutoConfiguration:
      Did not match:
         - @ConditionalOnClass did not find required class 'com.couchbase.client.java.Bucket' (OnClassCondition)

   DataSourceAutoConfiguration.EmbeddedDatabaseConfiguration:
      Did not match:
         - EmbeddedDataSource spring.datasource.url is set (DataSourceAutoConfiguration.EmbeddedDatabaseCondition)

   DataSourceAutoConfiguration.PooledDataSourceConfiguration:
      Did not match:
         - @ConditionalOnMissingBean (types: javax.sql.DataSource,javax.sql.XADataSource; SearchStrategy: all) found beans of type 'javax.sql.DataSource' dataSource (OnBeanCondition)
      Matched:
         - AnyNestedCondition 1 matched 1 did not; NestedCondition on DataSourceAutoConfiguration.PooledDataSourceCondition.PooledDataSourceAvailable PooledDataSource found supported DataSource; NestedCondition on DataSourceAutoConfiguration.PooledDataSourceCondition.ExplicitType @ConditionalOnProperty (spring.datasource.type) did not find property 'type' (DataSourceAutoConfiguration.PooledDataSourceCondition)

   DataSourceConfiguration.Dbcp2:
      Did not match:
         - @ConditionalOnClass did not find required class 'org.apache.commons.dbcp2.BasicDataSource' (OnClassCondition)

   DataSourceConfiguration.Generic:
      Did not match:
         - @ConditionalOnProperty (spring.datasource.type) did not find property 'spring.datasource.type' (OnPropertyCondition)

   DataSourceConfiguration.OracleUcp:
      Did not match:
         - @ConditionalOnClass did not find required classes 'oracle.ucp.jdbc.PoolDataSourceImpl', 'oracle.jdbc.OracleConnection' (OnClassCondition)

   DataSourceConfiguration.Tomcat:
      Did not match:
         - @ConditionalOnClass did not find required class 'org.apache.tomcat.jdbc.pool.DataSource' (OnClassCondition)

   DataSourceInitializationConfiguration.InitializationSpecificCredentialsDataSourceInitializationConfiguration:
      Did not match:
         - AnyNestedCondition 0 matched 2 did not; NestedCondition on DataSourceInitializationConfiguration.InitializationSpecificCredentialsDataSourceInitializationConfiguration.DifferentCredentialsCondition.DataCredentials @ConditionalOnProperty (spring.datasource.data-username) did not find property 'data-username'; NestedCondition on DataSourceInitializationConfiguration.InitializationSpecificCredentialsDataSourceInitializationConfiguration.DifferentCredentialsCondition.SchemaCredentials @ConditionalOnProperty (spring.datasource.schema-username) did not find property 'schema-username' (DataSourceInitializationConfiguration.InitializationSpecificCredentialsDataSourceInitializationConfiguration.DifferentCredentialsCondition)

   DataSourceInitializationConfiguration.SharedCredentialsDataSourceInitializationConfiguration:
      Did not match:
         - DataSource Initialization did not find configured properties spring.datasource.data-username, spring.datasource.schema-password, spring.datasource.schema[0], spring.datasource.data[0], spring.datasource.data, spring.datasource.schema-username, spring.datasource.data-password, spring.datasource.initialization-mode, spring.datasource.schema, spring.datasource.sql-script-encoding, spring.datasource.separator, spring.datasource.platform, spring.datasource.continue-on-error (DataSourceInitializationConfiguration.SharedCredentialsDataSourceInitializationConfiguration.DataSourceInitializationCondition)

   DataSourceJmxConfiguration.TomcatDataSourceJmxConfiguration:
      Did not match:
         - @ConditionalOnClass did not find required class 'org.apache.tomcat.jdbc.pool.DataSourceProxy' (OnClassCondition)

   DataSourcePoolMetadataProvidersConfiguration.CommonsDbcp2PoolDataSourceMetadataProviderConfiguration:
      Did not match:
         - @ConditionalOnClass did not find required class 'org.apache.commons.dbcp2.BasicDataSource' (OnClassCondition)

   DataSourcePoolMetadataProvidersConfiguration.OracleUcpPoolDataSourceMetadataProviderConfiguration:
      Did not match:
         - @ConditionalOnClass did not find required classes 'oracle.ucp.jdbc.PoolDataSource', 'oracle.jdbc.OracleConnection' (OnClassCondition)

   DataSourcePoolMetadataProvidersConfiguration.TomcatDataSourcePoolMetadataProviderConfiguration:
      Did not match:
         - @ConditionalOnClass did not find required class 'org.apache.tomcat.jdbc.pool.DataSource' (OnClassCondition)

   DataSourceTransactionManagerAutoConfiguration.JdbcTransactionManagerConfiguration#transactionManager:
      Did not match:
         - @ConditionalOnMissingBean (types: org.springframework.transaction.TransactionManager; SearchStrategy: all) found beans of type 'org.springframework.transaction.TransactionManager' transactionManager (OnBeanCondition)

   DefaultFeignLoadBalancerConfiguration#feignRetryClient:
      Did not match:
         - @ConditionalOnClass did not find required class 'org.springframework.retry.support.RetryTemplate' (OnClassCondition)

   DispatcherServletAutoConfiguration.DispatcherServletConfiguration#multipartResolver:
      Did not match:
         - @ConditionalOnBean (types: org.springframework.web.multipart.MultipartResolver; SearchStrategy: all) did not find any beans of type org.springframework.web.multipart.MultipartResolver (OnBeanCondition)

   DruidFilterConfiguration#commonsLogFilter:
      Did not match:
         - @ConditionalOnProperty (spring.datasource.druid.filter.commons-log.enabled) did not find property 'enabled' (OnPropertyCondition)

   DruidFilterConfiguration#configFilter:
      Did not match:
         - @ConditionalOnProperty (spring.datasource.druid.filter.config.enabled) did not find property 'enabled' (OnPropertyCondition)

   DruidFilterConfiguration#encodingConvertFilter:
      Did not match:
         - @ConditionalOnProperty (spring.datasource.druid.filter.encoding.enabled) did not find property 'enabled' (OnPropertyCondition)

   DruidFilterConfiguration#log4j2Filter:
      Did not match:
         - @ConditionalOnProperty (spring.datasource.druid.filter.log4j2.enabled) did not find property 'enabled' (OnPropertyCondition)

   DruidFilterConfiguration#log4jFilter:
      Did not match:
         - @ConditionalOnProperty (spring.datasource.druid.filter.log4j.enabled) did not find property 'enabled' (OnPropertyCondition)

   DruidFilterConfiguration#slf4jLogFilter:
      Did not match:
         - @ConditionalOnProperty (spring.datasource.druid.filter.slf4j.enabled) did not find property 'enabled' (OnPropertyCondition)

   DruidFilterConfiguration#statFilter:
      Did not match:
         - @ConditionalOnProperty (spring.datasource.druid.filter.stat.enabled) did not find property 'enabled' (OnPropertyCondition)

   DruidFilterConfiguration#wallConfig:
      Did not match:
         - @ConditionalOnProperty (spring.datasource.druid.filter.wall.enabled) did not find property 'enabled' (OnPropertyCondition)

   DruidFilterConfiguration#wallFilter:
      Did not match:
         - @ConditionalOnProperty (spring.datasource.druid.filter.wall.enabled) did not find property 'enabled' (OnPropertyCondition)

   DruidSpringAopConfiguration:
      Did not match:
         - @ConditionalOnProperty (spring.datasource.druid.aop-patterns) did not find property 'spring.datasource.druid.aop-patterns' (OnPropertyCondition)

   DruidStatViewServletConfiguration:
      Did not match:
         - @ConditionalOnProperty (spring.datasource.druid.stat-view-servlet.enabled=true) did not find property 'spring.datasource.druid.stat-view-servlet.enabled' (OnPropertyCondition)
      Matched:
         - @ConditionalOnWebApplication (required) found 'session' scope (OnWebApplicationCondition)

   DruidWebStatFilterConfiguration:
      Did not match:
         - @ConditionalOnProperty (spring.datasource.druid.web-stat-filter.enabled=true) did not find property 'spring.datasource.druid.web-stat-filter.enabled' (OnPropertyCondition)
      Matched:
         - @ConditionalOnWebApplication (required) found 'session' scope (OnWebApplicationCondition)

   EhCacheCacheConfiguration:
      Did not match:
         - @ConditionalOnClass did not find required class 'net.sf.ehcache.Cache' (OnClassCondition)

   ElasticsearchDataAutoConfiguration:
      Did not match:
         - @ConditionalOnClass did not find required class 'org.springframework.data.elasticsearch.core.ElasticsearchRestTemplate' (OnClassCondition)

   ElasticsearchRepositoriesAutoConfiguration:
      Did not match:
         - @ConditionalOnClass did not find required class 'org.elasticsearch.client.Client' (OnClassCondition)

   ElasticsearchRestClientAutoConfiguration:
      Did not match:
         - @ConditionalOnClass did not find required class 'org.elasticsearch.client.RestClientBuilder' (OnClassCondition)

   EmbeddedLdapAutoConfiguration:
      Did not match:
         - @ConditionalOnClass did not find required class 'com.unboundid.ldap.listener.InMemoryDirectoryServer' (OnClassCondition)

   EmbeddedMongoAutoConfiguration:
      Did not match:
         - @ConditionalOnClass did not find required class 'com.mongodb.MongoClientSettings' (OnClassCondition)

   EmbeddedWebServerFactoryCustomizerAutoConfiguration.JettyWebServerFactoryCustomizerConfiguration:
      Did not match:
         - @ConditionalOnClass did not find required classes 'org.eclipse.jetty.server.Server', 'org.eclipse.jetty.util.Loader', 'org.eclipse.jetty.webapp.WebAppContext' (OnClassCondition)

   EmbeddedWebServerFactoryCustomizerAutoConfiguration.NettyWebServerFactoryCustomizerConfiguration:
      Did not match:
         - @ConditionalOnClass did not find required class 'reactor.netty.http.server.HttpServer' (OnClassCondition)

   EmbeddedWebServerFactoryCustomizerAutoConfiguration.UndertowWebServerFactoryCustomizerConfiguration:
      Did not match:
         - @ConditionalOnClass did not find required classes 'io.undertow.Undertow', 'org.xnio.SslClientAuthMode' (OnClassCondition)

   ErrorWebFluxAutoConfiguration:
      Did not match:
         - @ConditionalOnClass did not find required class 'org.springframework.web.reactive.config.WebFluxConfigurer' (OnClassCondition)

   FeignAcceptGzipEncodingAutoConfiguration:
      Did not match:
         - @ConditionalOnProperty (feign.compression.response.enabled) did not find property 'feign.compression.response.enabled' (OnPropertyCondition)
      Matched:
         - @ConditionalOnClass found required class 'feign.Feign' (OnClassCondition)

   FeignAutoConfiguration#cachingCapability:
      Did not match:
         - @ConditionalOnBean (types: org.springframework.cache.interceptor.CacheInterceptor; SearchStrategy: all) did not find any beans of type org.springframework.cache.interceptor.CacheInterceptor (OnBeanCondition)
      Matched:
         - @ConditionalOnProperty (feign.cache.enabled) matched (OnPropertyCondition)

   FeignAutoConfiguration.CircuitBreakerPresentFeignTargeterConfiguration:
      Did not match:
         - @ConditionalOnProperty (feign.circuitbreaker.enabled=true) did not find property 'feign.circuitbreaker.enabled' (OnPropertyCondition)
      Matched:
         - @ConditionalOnClass found required class 'org.springframework.cloud.client.circuitbreaker.CircuitBreaker' (OnClassCondition)

   FeignAutoConfiguration.FeignJacksonConfiguration:
      Did not match:
         - @ConditionalOnProperty (feign.autoconfiguration.jackson.enabled=true) did not find property 'feign.autoconfiguration.jackson.enabled' (OnPropertyCondition)
      Matched:
         - @ConditionalOnClass found required classes 'com.fasterxml.jackson.databind.Module', 'org.springframework.data.domain.Page', 'org.springframework.data.domain.Sort' (OnClassCondition)

   FeignAutoConfiguration.HttpClient5FeignConfiguration:
      Did not match:
         - @ConditionalOnClass did not find required class 'feign.hc5.ApacheHttp5Client' (OnClassCondition)

   FeignAutoConfiguration.HttpClientFeignConfiguration:
      Did not match:
         - @ConditionalOnClass did not find required class 'feign.httpclient.ApacheHttpClient' (OnClassCondition)

   FeignAutoConfiguration.Oauth2FeignConfiguration:
      Did not match:
         - @ConditionalOnClass did not find required class 'org.springframework.security.oauth2.client.OAuth2ClientContext' (OnClassCondition)

   FeignAutoConfiguration.OkHttpFeignConfiguration:
      Did not match:
         - @ConditionalOnClass did not find required class 'feign.okhttp.OkHttpClient' (OnClassCondition)

   FeignContentGzipEncodingAutoConfiguration:
      Did not match:
         - @ConditionalOnProperty (feign.compression.request.enabled) did not find property 'feign.compression.request.enabled' (OnPropertyCondition)
      Matched:
         - @ConditionalOnClass found required class 'feign.Feign' (OnClassCondition)

   FeignHalAutoConfiguration:
      Did not match:
         - @ConditionalOnClass did not find required class 'org.springframework.hateoas.config.WebConverters' (OnClassCondition)

   FlywayAutoConfiguration:
      Did not match:
         - @ConditionalOnClass did not find required class 'org.flywaydb.core.Flyway' (OnClassCondition)

   FreeMarkerAutoConfiguration:
      Did not match:
         - @ConditionalOnClass did not find required class 'freemarker.template.Configuration' (OnClassCondition)

   GroovyTemplateAutoConfiguration:
      Did not match:
         - @ConditionalOnClass did not find required class 'groovy.text.markup.MarkupTemplateEngine' (OnClassCondition)

   GsonAutoConfiguration:
      Did not match:
         - @ConditionalOnClass did not find required class 'com.google.gson.Gson' (OnClassCondition)

   GsonHttpMessageConvertersConfiguration:
      Did not match:
         - @ConditionalOnClass did not find required class 'com.google.gson.Gson' (OnClassCondition)

   H2ConsoleAutoConfiguration:
      Did not match:
         - @ConditionalOnClass did not find required class 'org.h2.server.web.WebServlet' (OnClassCondition)

   HazelcastAutoConfiguration:
      Did not match:
         - @ConditionalOnClass did not find required class 'com.hazelcast.core.HazelcastInstance' (OnClassCondition)

   HazelcastCacheConfiguration:
      Did not match:
         - @ConditionalOnClass did not find required class 'com.hazelcast.core.HazelcastInstance' (OnClassCondition)

   HazelcastJpaDependencyAutoConfiguration:
      Did not match:
         - @ConditionalOnClass did not find required class 'com.hazelcast.core.HazelcastInstance' (OnClassCondition)

   HttpClient5FeignLoadBalancerConfiguration:
      Did not match:
         - @ConditionalOnClass did not find required class 'feign.hc5.ApacheHttp5Client' (OnClassCondition)

   HttpClientConfiguration.OkHttpClientConfiguration:
      Did not match:
         - @ConditionalOnClass did not find required class 'okhttp3.OkHttpClient' (OnClassCondition)

   HttpClientFeignLoadBalancerConfiguration:
      Did not match:
         - @ConditionalOnClass did not find required class 'feign.httpclient.ApacheHttpClient' (OnClassCondition)

   HttpHandlerAutoConfiguration:
      Did not match:
         - @ConditionalOnClass did not find required class 'org.springframework.web.reactive.DispatcherHandler' (OnClassCondition)

   HypermediaAutoConfiguration:
      Did not match:
         - @ConditionalOnClass did not find required class 'org.springframework.hateoas.EntityModel' (OnClassCondition)

   InfinispanCacheConfiguration:
      Did not match:
         - @ConditionalOnClass did not find required class 'org.infinispan.spring.embedded.provider.SpringEmbeddedCacheManager' (OnClassCondition)

   InfluxDbAutoConfiguration:
      Did not match:
         - @ConditionalOnClass did not find required class 'org.influxdb.InfluxDB' (OnClassCondition)

   IntegrationAutoConfiguration:
      Did not match:
         - @ConditionalOnClass did not find required class 'org.springframework.integration.config.EnableIntegration' (OnClassCondition)

   JCacheCacheConfiguration:
      Did not match:
         - @ConditionalOnClass did not find required class 'javax.cache.Caching' (OnClassCondition)

   JacksonHttpMessageConvertersConfiguration.MappingJackson2XmlHttpMessageConverterConfiguration:
      Did not match:
         - @ConditionalOnClass did not find required class 'com.fasterxml.jackson.dataformat.xml.XmlMapper' (OnClassCondition)

   JdbcRepositoriesAutoConfiguration:
      Did not match:
         - @ConditionalOnClass did not find required class 'org.springframework.data.jdbc.repository.config.AbstractJdbcConfiguration' (OnClassCondition)

   JerseyAutoConfiguration:
      Did not match:
         - @ConditionalOnClass did not find required class 'org.glassfish.jersey.server.spring.SpringComponentProvider' (OnClassCondition)

   JmsAutoConfiguration:
      Did not match:
         - @ConditionalOnClass did not find required class 'javax.jms.Message' (OnClassCondition)

   JndiConnectionFactoryAutoConfiguration:
      Did not match:
         - @ConditionalOnClass did not find required class 'org.springframework.jms.core.JmsTemplate' (OnClassCondition)

   JndiDataSourceAutoConfiguration:
      Did not match:
         - @ConditionalOnProperty (spring.datasource.jndi-name) did not find property 'jndi-name' (OnPropertyCondition)
      Matched:
         - @ConditionalOnClass found required classes 'javax.sql.DataSource', 'org.springframework.jdbc.datasource.embedded.EmbeddedDatabaseType' (OnClassCondition)

   JndiJtaConfiguration:
      Did not match:
         - @ConditionalOnJndi JNDI environment is not available (OnJndiCondition)
      Matched:
         - @ConditionalOnClass found required class 'org.springframework.transaction.jta.JtaTransactionManager' (OnClassCondition)

   JooqAutoConfiguration:
      Did not match:
         - @ConditionalOnClass did not find required class 'org.jooq.DSLContext' (OnClassCondition)

   JpaRepositoriesAutoConfiguration#entityManagerFactoryBootstrapExecutorCustomizer:
      Did not match:
         - AnyNestedCondition 0 matched 2 did not; NestedCondition on JpaRepositoriesAutoConfiguration.BootstrapExecutorCondition.LazyBootstrapMode @ConditionalOnProperty (spring.data.jpa.repositories.bootstrap-mode=lazy) did not find property 'bootstrap-mode'; NestedCondition on JpaRepositoriesAutoConfiguration.BootstrapExecutorCondition.DeferredBootstrapMode @ConditionalOnProperty (spring.data.jpa.repositories.bootstrap-mode=deferred) did not find property 'bootstrap-mode' (JpaRepositoriesAutoConfiguration.BootstrapExecutorCondition)

   JsonbAutoConfiguration:
      Did not match:
         - @ConditionalOnClass did not find required class 'javax.json.bind.Jsonb' (OnClassCondition)

   JsonbHttpMessageConvertersConfiguration:
      Did not match:
         - @ConditionalOnClass did not find required class 'javax.json.bind.Jsonb' (OnClassCondition)

   KafkaAutoConfiguration:
      Did not match:
         - @ConditionalOnClass did not find required class 'org.springframework.kafka.core.KafkaTemplate' (OnClassCondition)

   LdapAutoConfiguration:
      Did not match:
         - @ConditionalOnClass did not find required class 'org.springframework.ldap.core.ContextSource' (OnClassCondition)

   LdapRepositoriesAutoConfiguration:
      Did not match:
         - @ConditionalOnClass did not find required class 'org.springframework.data.ldap.repository.LdapRepository' (OnClassCondition)

   LiquibaseAutoConfiguration:
      Did not match:
         - @ConditionalOnClass did not find required class 'liquibase.change.DatabaseChange' (OnClassCondition)

   LoadBalancerAutoConfiguration.RetryAutoConfiguration:
      Did not match:
         - @ConditionalOnClass did not find required class 'org.springframework.retry.support.RetryTemplate' (OnClassCondition)

   LoadBalancerAutoConfiguration.RetryInterceptorAutoConfiguration:
      Did not match:
         - @ConditionalOnClass did not find required class 'org.springframework.retry.support.RetryTemplate' (OnClassCondition)

   LoadBalancerBeanPostProcessorAutoConfiguration:
      Did not match:
         - @ConditionalOnClass did not find required class 'org.springframework.web.reactive.function.client.WebClient' (OnClassCondition)

   LoadBalancerCacheAutoConfiguration.CaffeineLoadBalancerCacheManagerConfiguration:
      Did not match:
         - @ConditionalOnClass did not find required classes 'com.github.benmanes.caffeine.cache.Caffeine', 'org.springframework.cache.caffeine.CaffeineCacheManager' (OnClassCondition)

   LoadBalancerCacheAutoConfiguration.DefaultLoadBalancerCacheManagerConfiguration:
      Did not match:
         - @ConditionalOnClass did not find required class 'com.stoyanr.evictor.ConcurrentMapWithTimedEviction' (OnClassCondition)

   LoadBalancerNacosAutoConfiguration:
      Did not match:
         - @ConditionalOnProperty (spring.cloud.loadbalancer.nacos.enabled=true) did not find property 'spring.cloud.loadbalancer.nacos.enabled' (OnPropertyCondition)

   LoadBalancerStatsAutoConfiguration:
      Did not match:
         - @ConditionalOnClass did not find required class 'io.micrometer.core.instrument.MeterRegistry' (OnClassCondition)

   MailSenderAutoConfiguration:
      Did not match:
         - @ConditionalOnClass did not find required class 'javax.mail.internet.MimeMessage' (OnClassCondition)

   MailSenderValidatorAutoConfiguration:
      Did not match:
         - @ConditionalOnSingleCandidate did not find required type 'org.springframework.mail.javamail.JavaMailSenderImpl' (OnBeanCondition)

   MessageSourceAutoConfiguration:
      Did not match:
         - ResourceBundle did not find bundle with basename messages (MessageSourceAutoConfiguration.ResourceBundleCondition)

   MongoAutoConfiguration:
      Did not match:
         - @ConditionalOnClass did not find required class 'com.mongodb.client.MongoClient' (OnClassCondition)

   MongoDataAutoConfiguration:
      Did not match:
         - @ConditionalOnClass did not find required class 'com.mongodb.client.MongoClient' (OnClassCondition)

   MongoReactiveAutoConfiguration:
      Did not match:
         - @ConditionalOnClass did not find required class 'com.mongodb.reactivestreams.client.MongoClient' (OnClassCondition)

   MongoReactiveDataAutoConfiguration:
      Did not match:
         - @ConditionalOnClass did not find required class 'com.mongodb.reactivestreams.client.MongoClient' (OnClassCondition)

   MongoReactiveRepositoriesAutoConfiguration:
      Did not match:
         - @ConditionalOnClass did not find required class 'com.mongodb.reactivestreams.client.MongoClient' (OnClassCondition)

   MongoRepositoriesAutoConfiguration:
      Did not match:
         - @ConditionalOnClass did not find required class 'com.mongodb.client.MongoClient' (OnClassCondition)

   MustacheAutoConfiguration:
      Did not match:
         - @ConditionalOnClass did not find required class 'com.samskivert.mustache.Mustache' (OnClassCondition)

   MybatisAutoConfiguration.MapperScannerRegistrarNotFoundConfiguration:
      Did not match:
         - @ConditionalOnMissingBean (types: org.mybatis.spring.mapper.MapperFactoryBean,org.mybatis.spring.mapper.MapperScannerConfigurer; SearchStrategy: all) found beans of type 'org.mybatis.spring.mapper.MapperScannerConfigurer' com.MockIeltsTopicApplication#MapperScannerRegistrar#0 (OnBeanCondition)

   MybatisLanguageDriverAutoConfiguration.FreeMarkerConfiguration:
      Did not match:
         - @ConditionalOnClass did not find required classes 'org.mybatis.scripting.freemarker.FreeMarkerLanguageDriver', 'org.mybatis.scripting.freemarker.FreeMarkerLanguageDriverConfig' (OnClassCondition)

   MybatisLanguageDriverAutoConfiguration.LegacyFreeMarkerConfiguration:
      Did not match:
         - @ConditionalOnClass did not find required class 'org.mybatis.scripting.freemarker.FreeMarkerLanguageDriver' (OnClassCondition)

   MybatisLanguageDriverAutoConfiguration.LegacyVelocityConfiguration:
      Did not match:
         - @ConditionalOnClass did not find required class 'org.mybatis.scripting.velocity.Driver' (OnClassCondition)

   MybatisLanguageDriverAutoConfiguration.ThymeleafConfiguration:
      Did not match:
         - @ConditionalOnClass did not find required class 'org.mybatis.scripting.thymeleaf.ThymeleafLanguageDriver' (OnClassCondition)

   MybatisLanguageDriverAutoConfiguration.VelocityConfiguration:
      Did not match:
         - @ConditionalOnClass did not find required classes 'org.mybatis.scripting.velocity.VelocityLanguageDriver', 'org.mybatis.scripting.velocity.VelocityLanguageDriverConfig' (OnClassCondition)

   NacosConfigBootstrapConfiguration#nacosConfigManager:
      Did not match:
         - @ConditionalOnMissingBean (types: com.alibaba.cloud.nacos.NacosConfigManager; SearchStrategy: all) found beans of type 'com.alibaba.cloud.nacos.NacosConfigManager' nacosConfigManager (OnBeanCondition)

   NacosConfigBootstrapConfiguration#nacosConfigProperties:
      Did not match:
         - @ConditionalOnMissingBean (types: com.alibaba.cloud.nacos.NacosConfigProperties; SearchStrategy: all) found beans of type 'com.alibaba.cloud.nacos.NacosConfigProperties' nacosConfigProperties (OnBeanCondition)

   NacosConfigEndpointAutoConfiguration:
      Did not match:
         - @ConditionalOnClass did not find required class 'org.springframework.boot.actuate.endpoint.annotation.Endpoint' (OnClassCondition)

   NacosConfigServerAutoConfiguration:
      Did not match:
         - @ConditionalOnClass did not find required class 'org.springframework.cloud.config.server.config.ConfigServerProperties' (OnClassCondition)

   NacosDiscoveryClientConfigServiceBootstrapConfiguration:
      Did not match:
         - @ConditionalOnClass did not find required class 'org.springframework.cloud.config.client.ConfigServicePropertySourceLocator' (OnClassCondition)

   NacosDiscoveryEndpointAutoConfiguration:
      Did not match:
         - @ConditionalOnClass did not find required class 'org.springframework.boot.actuate.endpoint.annotation.Endpoint' (OnClassCondition)

   NacosLoadBalancerClientConfiguration.BlockingSupportConfiguration#discoveryClientServiceInstanceListSupplier:
      Did not match:
         - @ConditionalOnBean (types: org.springframework.cloud.client.discovery.DiscoveryClient; SearchStrategy: all) did not find any beans of type org.springframework.cloud.client.discovery.DiscoveryClient (OnBeanCondition)
      Matched:
         - @ConditionalOnProperty (spring.cloud.loadbalancer.configurations=default) matched (OnPropertyCondition)

   NacosLoadBalancerClientConfiguration.BlockingSupportConfiguration#zonePreferenceDiscoveryClientServiceInstanceListSupplier:
      Did not match:
         - @ConditionalOnProperty (spring.cloud.loadbalancer.configurations=zone-preference) did not find property 'spring.cloud.loadbalancer.configurations' (OnPropertyCondition)

   NacosLoadBalancerClientConfiguration.ReactiveSupportConfiguration:
      Did not match:
         - @ConditionalOnClass did not find required class 'org.springframework.web.reactive.function.client.WebClient' (OnClassCondition)

   NacosReactiveDiscoveryClientConfiguration:
      Did not match:
         - @ConditionalOnClass did not find required class 'org.springframework.web.reactive.function.client.WebClient' (OnClassCondition)

   Neo4jAutoConfiguration:
      Did not match:
         - @ConditionalOnClass did not find required class 'org.neo4j.driver.Driver' (OnClassCondition)

   Neo4jDataAutoConfiguration:
      Did not match:
         - @ConditionalOnClass did not find required class 'org.neo4j.driver.Driver' (OnClassCondition)

   Neo4jReactiveDataAutoConfiguration:
      Did not match:
         - @ConditionalOnClass did not find required class 'org.neo4j.driver.Driver' (OnClassCondition)

   Neo4jReactiveRepositoriesAutoConfiguration:
      Did not match:
         - @ConditionalOnClass did not find required class 'org.neo4j.driver.Driver' (OnClassCondition)

   Neo4jRepositoriesAutoConfiguration:
      Did not match:
         - @ConditionalOnClass did not find required class 'org.neo4j.driver.Driver' (OnClassCondition)

   OAuth2ClientAutoConfiguration:
      Did not match:
         - @ConditionalOnClass did not find required class 'org.springframework.security.config.annotation.web.configuration.EnableWebSecurity' (OnClassCondition)

   OAuth2LoadBalancerClientAutoConfiguration:
      Did not match:
         - @ConditionalOnClass did not find required class 'org.springframework.security.oauth2.client.OAuth2RestTemplate' (OnClassCondition)

   OAuth2ResourceServerAutoConfiguration:
      Did not match:
         - @ConditionalOnClass did not find required class 'org.springframework.security.oauth2.server.resource.BearerTokenAuthenticationToken' (OnClassCondition)

   OkHttpFeignLoadBalancerConfiguration:
      Did not match:
         - @ConditionalOnClass did not find required class 'feign.okhttp.OkHttpClient' (OnClassCondition)

   ProjectInfoAutoConfiguration#buildProperties:
      Did not match:
         - @ConditionalOnResource did not find resource '${spring.info.build.location:classpath:META-INF/build-info.properties}' (OnResourceCondition)

   ProjectInfoAutoConfiguration#gitProperties:
      Did not match:
         - GitResource did not find git info at classpath:git.properties (ProjectInfoAutoConfiguration.GitResourceAvailableCondition)

   QuartzAutoConfiguration:
      Did not match:
         - @ConditionalOnClass did not find required class 'org.quartz.Scheduler' (OnClassCondition)

   R2dbcAutoConfiguration:
      Did not match:
         - @ConditionalOnClass did not find required class 'io.r2dbc.spi.ConnectionFactory' (OnClassCondition)

   R2dbcDataAutoConfiguration:
      Did not match:
         - @ConditionalOnClass did not find required class 'org.springframework.data.r2dbc.core.R2dbcEntityTemplate' (OnClassCondition)

   R2dbcInitializationConfiguration:
      Did not match:
         - @ConditionalOnClass did not find required classes 'io.r2dbc.spi.ConnectionFactory', 'org.springframework.r2dbc.connection.init.DatabasePopulator' (OnClassCondition)

   R2dbcRepositoriesAutoConfiguration:
      Did not match:
         - @ConditionalOnClass did not find required class 'io.r2dbc.spi.ConnectionFactory' (OnClassCondition)

   R2dbcTransactionManagerAutoConfiguration:
      Did not match:
         - @ConditionalOnClass did not find required class 'org.springframework.r2dbc.connection.R2dbcTransactionManager' (OnClassCondition)

   RSocketMessagingAutoConfiguration:
      Did not match:
         - @ConditionalOnClass did not find required class 'io.rsocket.RSocket' (OnClassCondition)

   RSocketRequesterAutoConfiguration:
      Did not match:
         - @ConditionalOnClass did not find required class 'io.rsocket.RSocket' (OnClassCondition)

   RSocketSecurityAutoConfiguration:
      Did not match:
         - @ConditionalOnClass did not find required class 'org.springframework.security.rsocket.core.SecuritySocketAcceptorInterceptor' (OnClassCondition)

   RSocketServerAutoConfiguration:
      Did not match:
         - @ConditionalOnClass did not find required class 'io.rsocket.core.RSocketServer' (OnClassCondition)

   RSocketStrategiesAutoConfiguration:
      Did not match:
         - @ConditionalOnClass did not find required class 'io.rsocket.RSocket' (OnClassCondition)

   RabbitAutoConfiguration:
      Did not match:
         - @ConditionalOnClass did not find required class 'com.rabbitmq.client.Channel' (OnClassCondition)

   ReactiveCommonsClientAutoConfiguration.ReactiveDiscoveryLoadBalancerConfiguration:
      Did not match:
         - @ConditionalOnClass did not find required classes 'org.springframework.boot.actuate.health.ReactiveHealthIndicator', 'org.springframework.web.reactive.function.client.WebClient' (OnClassCondition)

   ReactiveCompositeDiscoveryClientAutoConfiguration:
      Did not match:
         - @ConditionalOnClass did not find required class 'org.springframework.web.reactive.function.client.WebClient' (OnClassCondition)

   ReactiveElasticsearchRepositoriesAutoConfiguration:
      Did not match:
         - @ConditionalOnClass did not find required class 'org.springframework.data.elasticsearch.client.reactive.ReactiveElasticsearchClient' (OnClassCondition)

   ReactiveElasticsearchRestClientAutoConfiguration:
      Did not match:
         - @ConditionalOnClass did not find required class 'reactor.netty.http.client.HttpClient' (OnClassCondition)

   ReactiveMultipartAutoConfiguration:
      Did not match:
         - @ConditionalOnClass did not find required class 'org.springframework.web.reactive.config.WebFluxConfigurer' (OnClassCondition)

   ReactiveOAuth2ClientAutoConfiguration:
      Did not match:
         - @ConditionalOnClass did not find required class 'org.springframework.security.config.annotation.web.reactive.EnableWebFluxSecurity' (OnClassCondition)

   ReactiveOAuth2ResourceServerAutoConfiguration:
      Did not match:
         - @ConditionalOnClass did not find required class 'org.springframework.security.config.annotation.web.reactive.EnableWebFluxSecurity' (OnClassCondition)

   ReactiveSecurityAutoConfiguration:
      Did not match:
         - @ConditionalOnClass did not find required class 'org.springframework.security.config.annotation.web.reactive.EnableWebFluxSecurity' (OnClassCondition)

   ReactiveUserDetailsServiceAutoConfiguration:
      Did not match:
         - @ConditionalOnClass did not find required class 'org.springframework.security.authentication.ReactiveAuthenticationManager' (OnClassCondition)

   ReactiveWebServerFactoryAutoConfiguration:
      Did not match:
         - @ConditionalOnWebApplication did not find reactive web application classes (OnWebApplicationCondition)

   ReactorLoadBalancerClientAutoConfiguration:
      Did not match:
         - @ConditionalOnClass did not find required class 'org.springframework.web.reactive.function.client.WebClient' (OnClassCondition)

   RedisAutoConfiguration:
      Did not match:
         - @ConditionalOnClass did not find required class 'org.springframework.data.redis.core.RedisOperations' (OnClassCondition)

   RedisCacheConfiguration:
      Did not match:
         - @ConditionalOnClass did not find required class 'org.springframework.data.redis.connection.RedisConnectionFactory' (OnClassCondition)

   RedisReactiveAutoConfiguration:
      Did not match:
         - @ConditionalOnClass did not find required class 'org.springframework.data.redis.connection.ReactiveRedisConnectionFactory' (OnClassCondition)

   RedisRepositoriesAutoConfiguration:
      Did not match:
         - @ConditionalOnClass did not find required class 'org.springframework.data.redis.repository.configuration.EnableRedisRepositories' (OnClassCondition)

   RefreshAutoConfiguration#configDataContextRefresher:
      Did not match:
         - NoneNestedConditions 1 matched 2 did not; NestedCondition on ConditionalOnBootstrapDisabled.OnBootstrapDisabledCondition.OnBootstrapEnabled @ConditionalOnProperty (spring.cloud.bootstrap.enabled) did not find property 'spring.cloud.bootstrap.enabled'; NestedCondition on ConditionalOnBootstrapDisabled.OnBootstrapDisabledCondition.OnUseLegacyProcessingEnabled @ConditionalOnProperty (spring.config.use-legacy-processing) did not find property 'spring.config.use-legacy-processing'; NestedCondition on ConditionalOnBootstrapDisabled.OnBootstrapDisabledCondition.OnBootstrapMarkerClassPresent @ConditionalOnClass found required class 'org.springframework.cloud.bootstrap.marker.Marker' (ConditionalOnBootstrapDisabled.OnBootstrapDisabledCondition)
      Matched:
         - @ConditionalOnMissingBean (types: org.springframework.cloud.context.refresh.ConfigDataContextRefresher; SearchStrategy: all) did not find any beans (OnBeanCondition)

   RefreshEndpointAutoConfiguration:
      Did not match:
         - @ConditionalOnClass did not find required class 'org.springframework.boot.actuate.autoconfigure.endpoint.EndpointAutoConfiguration' (OnClassCondition)

   RepositoryRestMvcAutoConfiguration:
      Did not match:
         - @ConditionalOnClass did not find required class 'org.springframework.data.rest.webmvc.config.RepositoryRestMvcConfiguration' (OnClassCondition)

   ResourceServerTokenRelayAutoConfiguration:
      Did not match:
         - @ConditionalOnClass did not find required class 'org.springframework.security.oauth2.config.annotation.web.configuration.ResourceServerConfiguration' (OnClassCondition)

   Saml2RelyingPartyAutoConfiguration:
      Did not match:
         - @ConditionalOnClass did not find required class 'org.springframework.security.saml2.provider.service.registration.RelyingPartyRegistrationRepository' (OnClassCondition)

   SecurityAutoConfiguration:
      Did not match:
         - @ConditionalOnClass did not find required class 'org.springframework.security.authentication.DefaultAuthenticationEventPublisher' (OnClassCondition)

   SecurityFilterAutoConfiguration:
      Did not match:
         - @ConditionalOnClass did not find required class 'org.springframework.security.config.http.SessionCreationPolicy' (OnClassCondition)

   SendGridAutoConfiguration:
      Did not match:
         - @ConditionalOnClass did not find required class 'com.sendgrid.SendGrid' (OnClassCondition)

   SentinelAutoConfiguration.SentinelConverterConfiguration.SentinelXmlConfiguration:
      Did not match:
         - @ConditionalOnClass did not find required class 'com.fasterxml.jackson.dataformat.xml.XmlMapper' (OnClassCondition)

   SentinelEndpointAutoConfiguration:
      Did not match:
         - @ConditionalOnClass did not find required class 'org.springframework.boot.actuate.endpoint.annotation.Endpoint' (OnClassCondition)

   SentinelWebFluxAutoConfiguration:
      Did not match:
         - did not find reactive web application classes (OnWebApplicationCondition)
      Matched:
         - @ConditionalOnClass found required class 'com.alibaba.csp.sentinel.adapter.reactor.SentinelReactorTransformer' (OnClassCondition)

   ServiceRegistryAutoConfiguration.ServiceRegistryEndpointConfiguration:
      Did not match:
         - @ConditionalOnClass did not find required class 'org.springframework.boot.actuate.endpoint.annotation.Endpoint' (OnClassCondition)

   ServletWebServerFactoryAutoConfiguration.ForwardedHeaderFilterConfiguration:
      Did not match:
         - @ConditionalOnProperty (server.forward-headers-strategy=framework) did not find property 'server.forward-headers-strategy' (OnPropertyCondition)

   ServletWebServerFactoryConfiguration.EmbeddedJetty:
      Did not match:
         - @ConditionalOnClass did not find required classes 'org.eclipse.jetty.server.Server', 'org.eclipse.jetty.util.Loader', 'org.eclipse.jetty.webapp.WebAppContext' (OnClassCondition)

   ServletWebServerFactoryConfiguration.EmbeddedUndertow:
      Did not match:
         - @ConditionalOnClass did not find required classes 'io.undertow.Undertow', 'org.xnio.SslClientAuthMode' (OnClassCondition)

   SessionAutoConfiguration:
      Did not match:
         - @ConditionalOnClass did not find required class 'org.springframework.session.Session' (OnClassCondition)

   SimpleReactiveDiscoveryClientAutoConfiguration:
      Did not match:
         - @ConditionalOnClass did not find required class 'org.springframework.web.reactive.function.client.WebClient' (OnClassCondition)

   SolrAutoConfiguration:
      Did not match:
         - @ConditionalOnClass did not find required class 'org.apache.solr.client.solrj.impl.CloudSolrClient' (OnClassCondition)

   TaskSchedulingAutoConfiguration#taskScheduler:
      Did not match:
         - @ConditionalOnBean (names: org.springframework.context.annotation.internalScheduledAnnotationProcessor; SearchStrategy: all) did not find any beans named org.springframework.context.annotation.internalScheduledAnnotationProcessor (OnBeanCondition)

   ThymeleafAutoConfiguration:
      Did not match:
         - @ConditionalOnClass did not find required class 'org.thymeleaf.spring5.SpringTemplateEngine' (OnClassCondition)

   TransactionAutoConfiguration#transactionalOperator:
      Did not match:
         - @ConditionalOnSingleCandidate (types: org.springframework.transaction.ReactiveTransactionManager; SearchStrategy: all) did not find any beans (OnBeanCondition)

   TransactionAutoConfiguration.EnableTransactionManagementConfiguration.JdkDynamicAutoProxyConfiguration:
      Did not match:
         - @ConditionalOnProperty (spring.aop.proxy-target-class=false) did not find property 'proxy-target-class' (OnPropertyCondition)

   UserDetailsServiceAutoConfiguration:
      Did not match:
         - @ConditionalOnClass did not find required class 'org.springframework.security.authentication.AuthenticationManager' (OnClassCondition)

   ValidationAutoConfiguration:
      Did not match:
         - @ConditionalOnClass did not find required class 'javax.validation.executable.ExecutableValidator' (OnClassCondition)

   WebClientAutoConfiguration:
      Did not match:
         - @ConditionalOnClass did not find required class 'org.springframework.web.reactive.function.client.WebClient' (OnClassCondition)

   WebFluxAutoConfiguration:
      Did not match:
         - @ConditionalOnClass did not find required class 'org.springframework.web.reactive.config.WebFluxConfigurer' (OnClassCondition)

   WebMvcAutoConfiguration#hiddenHttpMethodFilter:
      Did not match:
         - @ConditionalOnProperty (spring.mvc.hiddenmethod.filter.enabled) did not find property 'enabled' (OnPropertyCondition)

   WebMvcAutoConfiguration.ResourceChainCustomizerConfiguration:
      Did not match:
         - @ConditionalOnEnabledResourceChain did not find class org.webjars.WebJarAssetLocator (OnEnabledResourceChainCondition)

   WebMvcAutoConfiguration.WebMvcAutoConfigurationAdapter#beanNameViewResolver:
      Did not match:
         - @ConditionalOnMissingBean (types: org.springframework.web.servlet.view.BeanNameViewResolver; SearchStrategy: all) found beans of type 'org.springframework.web.servlet.view.BeanNameViewResolver' beanNameViewResolver (OnBeanCondition)

   WebServiceTemplateAutoConfiguration:
      Did not match:
         - @ConditionalOnClass did not find required class 'org.springframework.oxm.Marshaller' (OnClassCondition)

   WebServicesAutoConfiguration:
      Did not match:
         - @ConditionalOnClass did not find required class 'org.springframework.ws.transport.http.MessageDispatcherServlet' (OnClassCondition)

   WebSessionIdResolverAutoConfiguration:
      Did not match:
         - @ConditionalOnWebApplication did not find reactive web application classes (OnWebApplicationCondition)

   WebSocketMessagingAutoConfiguration:
      Did not match:
         - @ConditionalOnClass did not find required class 'org.springframework.web.socket.config.annotation.WebSocketMessageBrokerConfigurer' (OnClassCondition)

   WebSocketReactiveAutoConfiguration:
      Did not match:
         - @ConditionalOnWebApplication did not find reactive web application classes (OnWebApplicationCondition)

   WebSocketServletAutoConfiguration.Jetty10WebSocketConfiguration:
      Did not match:
         - @ConditionalOnClass did not find required classes 'org.eclipse.jetty.websocket.javax.server.internal.JavaxWebSocketServerContainer', 'org.eclipse.jetty.websocket.server.JettyWebSocketServerContainer' (OnClassCondition)

   WebSocketServletAutoConfiguration.JettyWebSocketConfiguration:
      Did not match:
         - @ConditionalOnClass did not find required class 'org.eclipse.jetty.websocket.jsr356.server.deploy.WebSocketServerContainerInitializer' (OnClassCondition)

   WebSocketServletAutoConfiguration.UndertowWebSocketConfiguration:
      Did not match:
         - @ConditionalOnClass did not find required class 'io.undertow.websockets.jsr.Bootstrap' (OnClassCondition)

   WritableEnvironmentEndpointAutoConfiguration:
      Did not match:
         - @ConditionalOnClass did not find required class 'org.springframework.boot.actuate.autoconfigure.env.EnvironmentEndpointProperties' (OnClassCondition)

   XADataSourceAutoConfiguration:
      Did not match:
         - @ConditionalOnBean (types: org.springframework.boot.jdbc.XADataSourceWrapper; SearchStrategy: all) did not find any beans of type org.springframework.boot.jdbc.XADataSourceWrapper (OnBeanCondition)
      Matched:
         - @ConditionalOnClass found required classes 'javax.sql.DataSource', 'javax.transaction.TransactionManager', 'org.springframework.jdbc.datasource.embedded.EmbeddedDatabaseType' (OnClassCondition)


Exclusions:
-----------

    None


Unconditional classes:
----------------------

    org.springframework.boot.autoconfigure.context.ConfigurationPropertiesAutoConfiguration

    org.springframework.cloud.client.ReactiveCommonsClientAutoConfiguration

    org.springframework.boot.autoconfigure.context.PropertyPlaceholderAutoConfiguration

    org.springframework.cloud.client.discovery.simple.SimpleDiscoveryClientAutoConfiguration

    org.springframework.boot.autoconfigure.context.LifecycleAutoConfiguration

    org.springframework.cloud.client.CommonsClientAutoConfiguration

    org.springframework.cloud.commons.httpclient.HttpClientConfiguration

    org.springframework.cloud.commons.config.CommonsConfigAutoConfiguration

    org.springframework.cloud.client.loadbalancer.LoadBalancerDefaultMappingsProviderAutoConfiguration

    org.springframework.cloud.client.discovery.composite.CompositeDiscoveryClientAutoConfiguration

    org.springframework.cloud.client.serviceregistry.ServiceRegistryAutoConfiguration

    org.springframework.cloud.autoconfigure.LifecycleMvcEndpointAutoConfiguration

    org.springframework.boot.autoconfigure.availability.ApplicationAvailabilityAutoConfiguration

    org.springframework.boot.autoconfigure.info.ProjectInfoAutoConfiguration



2025-03-17 10:01:14 [main] DEBUG o.s.b.c.p.s.ConfigurationPropertySourcesPropertyResolver$DefaultResolver - Found key 'spring.liveBeansView.mbeanDomain' in PropertySource 'systemProperties' with value of type String
2025-03-17 10:01:14 [main] INFO  com.MockIeltsTopicApplication - Started MockIeltsTopicApplication in 11.012 seconds (JVM running for 11.846)
2025-03-17 10:01:14 [main] DEBUG o.s.b.a.ApplicationAvailabilityBean - Application availability state LivenessState changed to CORRECT
2025-03-17 10:01:14 [main] INFO  c.a.c.n.r.NacosContextRefresher - listening config: dataId=mock-ielts-app-dev.yaml, group=DEFAULT_GROUP
2025-03-17 10:01:14 [main] INFO  c.a.c.n.r.NacosContextRefresher - listening config: dataId=mock-ielts-topic.yml, group=DEFAULT_GROUP
2025-03-17 10:01:14 [main] INFO  c.a.c.n.r.NacosContextRefresher - listening config: dataId=mock-ielts-topic, group=DEFAULT_GROUP
2025-03-17 10:01:14 [main] DEBUG o.s.b.a.ApplicationAvailabilityBean - Application availability state ReadinessState changed to ACCEPTING_TRAFFIC
2025-03-17 10:01:15 [nacos.publisher-com.alibaba.nacos.client.naming.event.InstancesChangeEvent] DEBUG c.a.nacos.common.notify.NotifyCenter - [NotifyCenter] the com.alibaba.nacos.client.naming.event.InstancesChangeEvent@60eef8bc will received by com.alibaba.nacos.client.naming.event.InstancesChangeNotifier@75897392
2025-03-17 17:55:36 [main] DEBUG o.s.boot.SpringApplication - Loading source class org.springframework.cloud.bootstrap.BootstrapImportSelectorConfiguration
2025-03-17 17:55:36 [main] DEBUG o.s.c.a.AnnotationConfigApplicationContext - Refreshing org.springframework.context.annotation.AnnotationConfigApplicationContext@1b919693
2025-03-17 17:55:36 [main] DEBUG o.s.b.f.s.DefaultListableBeanFactory - Creating shared instance of singleton bean 'org.springframework.context.annotation.internalConfigurationAnnotationProcessor'
2025-03-17 17:55:36 [main] DEBUG o.s.b.f.s.DefaultListableBeanFactory - Creating shared instance of singleton bean 'org.springframework.boot.autoconfigure.internalCachingMetadataReaderFactory'
2025-03-17 17:55:36 [main] DEBUG o.s.b.f.s.DefaultListableBeanFactory - Creating shared instance of singleton bean 'propertySourcesPlaceholderConfigurer'
2025-03-17 17:55:36 [main] DEBUG o.s.b.f.s.DefaultListableBeanFactory - Creating shared instance of singleton bean 'org.springframework.context.event.internalEventListenerProcessor'
2025-03-17 17:55:36 [main] DEBUG o.s.b.f.s.DefaultListableBeanFactory - Creating shared instance of singleton bean 'org.springframework.context.event.internalEventListenerFactory'
2025-03-17 17:55:36 [main] DEBUG o.s.b.f.s.DefaultListableBeanFactory - Creating shared instance of singleton bean 'org.springframework.context.annotation.internalAutowiredAnnotationProcessor'
2025-03-17 17:55:36 [main] DEBUG o.s.b.f.s.DefaultListableBeanFactory - Creating shared instance of singleton bean 'org.springframework.context.annotation.internalCommonAnnotationProcessor'
2025-03-17 17:55:36 [main] DEBUG o.s.b.f.s.DefaultListableBeanFactory - Creating shared instance of singleton bean 'org.springframework.boot.context.properties.ConfigurationPropertiesBindingPostProcessor'
2025-03-17 17:55:36 [main] DEBUG o.s.b.f.s.DefaultListableBeanFactory - Creating shared instance of singleton bean 'org.springframework.boot.context.internalConfigurationPropertiesBinder'
2025-03-17 17:55:36 [main] DEBUG o.s.b.f.s.DefaultListableBeanFactory - Creating shared instance of singleton bean 'org.springframework.boot.context.internalConfigurationPropertiesBinderFactory'
2025-03-17 17:55:36 [main] DEBUG o.s.b.f.s.DefaultListableBeanFactory - Creating shared instance of singleton bean 'configurationPropertiesBeans'
2025-03-17 17:55:36 [main] DEBUG o.s.b.f.s.DefaultListableBeanFactory - Creating shared instance of singleton bean 'bootstrapImportSelectorConfiguration'
2025-03-17 17:55:36 [main] DEBUG o.s.b.f.s.DefaultListableBeanFactory - Creating shared instance of singleton bean 'org.springframework.cloud.bootstrap.config.PropertySourceBootstrapConfiguration'
2025-03-17 17:55:36 [main] DEBUG o.s.b.f.s.DefaultListableBeanFactory - Creating shared instance of singleton bean 'nacosPropertySourceLocator'
2025-03-17 17:55:36 [main] DEBUG o.s.b.f.s.DefaultListableBeanFactory - Creating shared instance of singleton bean 'com.alibaba.cloud.nacos.NacosConfigBootstrapConfiguration'
2025-03-17 17:55:36 [main] DEBUG o.s.b.f.s.DefaultListableBeanFactory - Creating shared instance of singleton bean 'nacosConfigManager'
2025-03-17 17:55:36 [main] DEBUG o.s.b.f.s.DefaultListableBeanFactory - Creating shared instance of singleton bean 'nacosConfigProperties'
2025-03-17 17:55:36 [main] DEBUG o.s.b.f.s.DefaultListableBeanFactory - Creating shared instance of singleton bean 'org.springframework.boot.context.properties.BoundConfigurationProperties'
2025-03-17 17:55:36 [main] DEBUG o.s.b.f.s.DefaultListableBeanFactory - Autowiring by type from bean name 'nacosConfigManager' via factory method to bean named 'nacosConfigProperties'
2025-03-17 17:55:36 [main] DEBUG o.s.b.f.s.DefaultListableBeanFactory - Autowiring by type from bean name 'nacosPropertySourceLocator' via factory method to bean named 'nacosConfigManager'
2025-03-17 17:55:36 [main] DEBUG o.s.b.f.s.DefaultListableBeanFactory - Creating shared instance of singleton bean 'org.springframework.boot.context.properties.EnableConfigurationPropertiesRegistrar.methodValidationExcludeFilter'
2025-03-17 17:55:36 [main] DEBUG o.s.b.f.s.DefaultListableBeanFactory - Creating shared instance of singleton bean 'spring.cloud.config-org.springframework.cloud.bootstrap.config.PropertySourceBootstrapProperties'
2025-03-17 17:55:36 [main] DEBUG o.s.b.f.s.DefaultListableBeanFactory - Creating shared instance of singleton bean 'org.springframework.cloud.bootstrap.encrypt.EncryptionBootstrapConfiguration'
2025-03-17 17:55:36 [main] DEBUG o.s.b.f.s.DefaultListableBeanFactory - Creating shared instance of singleton bean 'keyProperties'
2025-03-17 17:55:36 [main] DEBUG o.s.b.f.s.DefaultListableBeanFactory - Creating shared instance of singleton bean 'environmentDecryptApplicationListener'
2025-03-17 17:55:36 [main] DEBUG o.s.b.f.s.DefaultListableBeanFactory - Autowiring by type from bean name 'environmentDecryptApplicationListener' via factory method to bean named 'org.springframework.context.annotation.AnnotationConfigApplicationContext@1b919693'
2025-03-17 17:55:36 [main] DEBUG o.s.b.f.s.DefaultListableBeanFactory - Autowiring by type from bean name 'environmentDecryptApplicationListener' via factory method to bean named 'keyProperties'
2025-03-17 17:55:36 [main] DEBUG o.s.b.f.s.DefaultListableBeanFactory - Creating shared instance of singleton bean 'org.springframework.cloud.autoconfigure.ConfigurationPropertiesRebinderAutoConfiguration'
2025-03-17 17:55:36 [main] DEBUG o.s.b.f.s.DefaultListableBeanFactory - Creating shared instance of singleton bean 'configurationPropertiesRebinder'
2025-03-17 17:55:36 [main] DEBUG o.s.b.f.s.DefaultListableBeanFactory - Autowiring by type from bean name 'configurationPropertiesRebinder' via factory method to bean named 'configurationPropertiesBeans'
2025-03-17 17:55:36 [main] DEBUG o.s.b.f.s.DefaultListableBeanFactory - Creating shared instance of singleton bean 'org.springframework.boot.autoconfigure.context.PropertyPlaceholderAutoConfiguration'
2025-03-17 17:55:36 [main] DEBUG o.s.b.a.l.ConditionEvaluationReportLoggingListener - 


============================
CONDITIONS EVALUATION REPORT
============================


Positive matches:
-----------------

   ConfigurationPropertiesRebinderAutoConfiguration matched:
      - @ConditionalOnBean (types: org.springframework.boot.context.properties.ConfigurationPropertiesBindingPostProcessor; SearchStrategy: all) found bean 'org.springframework.boot.context.properties.ConfigurationPropertiesBindingPostProcessor' (OnBeanCondition)

   ConfigurationPropertiesRebinderAutoConfiguration#configurationPropertiesBeans matched:
      - @ConditionalOnMissingBean (types: org.springframework.cloud.context.properties.ConfigurationPropertiesBeans; SearchStrategy: current) did not find any beans (OnBeanCondition)

   ConfigurationPropertiesRebinderAutoConfiguration#configurationPropertiesRebinder matched:
      - @ConditionalOnMissingBean (types: org.springframework.cloud.context.properties.ConfigurationPropertiesRebinder; SearchStrategy: current) did not find any beans (OnBeanCondition)

   EncryptionBootstrapConfiguration matched:
      - @ConditionalOnClass found required class 'org.springframework.security.crypto.encrypt.TextEncryptor' (OnClassCondition)

   EncryptionBootstrapConfiguration#keyProperties matched:
      - @ConditionalOnMissingBean (types: org.springframework.cloud.bootstrap.encrypt.KeyProperties; SearchStrategy: all) did not find any beans (OnBeanCondition)

   NacosConfigBootstrapConfiguration matched:
      - @ConditionalOnProperty (spring.cloud.nacos.config.enabled) matched (OnPropertyCondition)

   NacosConfigBootstrapConfiguration#nacosConfigManager matched:
      - @ConditionalOnMissingBean (types: com.alibaba.cloud.nacos.NacosConfigManager; SearchStrategy: all) did not find any beans (OnBeanCondition)

   NacosConfigBootstrapConfiguration#nacosConfigProperties matched:
      - @ConditionalOnMissingBean (types: com.alibaba.cloud.nacos.NacosConfigProperties; SearchStrategy: all) did not find any beans (OnBeanCondition)

   PropertyPlaceholderAutoConfiguration#propertySourcesPlaceholderConfigurer matched:
      - @ConditionalOnMissingBean (types: org.springframework.context.support.PropertySourcesPlaceholderConfigurer; SearchStrategy: current) did not find any beans (OnBeanCondition)


Negative matches:
-----------------

   EncryptionBootstrapConfiguration.RsaEncryptionConfiguration:
      Did not match:
         - Keystore nor key found in Environment (EncryptionBootstrapConfiguration.KeyCondition)
      Matched:
         - @ConditionalOnClass found required class 'org.springframework.security.rsa.crypto.RsaSecretEncryptor' (OnClassCondition)

   EncryptionBootstrapConfiguration.VanillaEncryptionConfiguration:
      Did not match:
         - @ConditionalOnMissingClass found unwanted class 'org.springframework.security.rsa.crypto.RsaSecretEncryptor' (OnClassCondition)

   NacosDiscoveryClientConfigServiceBootstrapConfiguration:
      Did not match:
         - @ConditionalOnClass did not find required class 'org.springframework.cloud.config.client.ConfigServicePropertySourceLocator' (OnClassCondition)


Exclusions:
-----------

    None


Unconditional classes:
----------------------

    None



2025-03-17 17:55:36 [main] DEBUG o.s.c.e.PropertySourcesPropertyResolver - Found key 'spring.liveBeansView.mbeanDomain' in PropertySource 'systemProperties' with value of type String
2025-03-17 17:55:36 [main] DEBUG c.a.c.n.c.NacosPropertySourceBuilder - Loading nacos data, dataId: 'mock-ielts-app-dev.yaml', group: 'DEFAULT_GROUP', data: spring:
  datasource:
    url: jdbc:mysql://localhost:3306/mock_ielts?setUnicode=true&characterEncoding=utf8
    username: root
    password: cxdpassword
    driver-class-name: com.mysql.cj.jdbc.Driver


2025-03-17 17:55:36 [main] DEBUG o.s.boot.env.OriginTrackedYamlLoader - Loading from YAML: Byte array resource [mock-ielts-app-dev.yaml]
2025-03-17 17:55:36 [main] DEBUG o.s.boot.env.OriginTrackedYamlLoader - Merging document (no matchers set): {spring={datasource={url=jdbc:mysql://localhost:3306/mock_ielts?setUnicode=true&characterEncoding=utf8, username=root, password=cxdpassword, driver-class-name=com.mysql.cj.jdbc.Driver}}}
2025-03-17 17:55:36 [main] DEBUG o.s.boot.env.OriginTrackedYamlLoader - Loaded 1 document from YAML resource: Byte array resource [mock-ielts-app-dev.yaml]
2025-03-17 17:55:36 [main] WARN  c.a.c.n.c.NacosPropertySourceBuilder - Ignore the empty nacos configuration and get it based on dataId[mock-ielts-users] & group[DEFAULT_GROUP]
2025-03-17 17:55:36 [main] WARN  c.a.c.n.c.NacosPropertySourceBuilder - Ignore the empty nacos configuration and get it based on dataId[mock-ielts-users.yml] & group[DEFAULT_GROUP]
2025-03-17 17:55:36 [main] INFO  o.s.c.b.c.PropertySourceBootstrapConfiguration - Located property source: [BootstrapPropertySource@1394010463 {name='bootstrapProperties-mock-ielts-users.yml,DEFAULT_GROUP', properties={}}, BootstrapPropertySource@1057307776 {name='bootstrapProperties-mock-ielts-users,DEFAULT_GROUP', properties={}}, BootstrapPropertySource@1819038759 {name='bootstrapProperties-mock-ielts-app-dev.yaml,DEFAULT_GROUP', properties={spring.datasource.url=jdbc:mysql://localhost:3306/mock_ielts?setUnicode=true&characterEncoding=utf8, spring.datasource.username=root, spring.datasource.password=cxdpassword, spring.datasource.driver-class-name=com.mysql.cj.jdbc.Driver}}]
2025-03-17 17:55:36 [main] INFO  com.apps.MockIeltsUsersApplication - No active profile set, falling back to 1 default profile: "default"
2025-03-17 17:55:36 [main] DEBUG o.s.boot.SpringApplication - Loading source class com.apps.MockIeltsUsersApplication,class org.springframework.cloud.bootstrap.BootstrapApplicationListener$BootstrapMarkerConfiguration
2025-03-17 17:55:36 [main] DEBUG o.s.b.w.s.c.AnnotationConfigServletWebServerApplicationContext - Refreshing org.springframework.boot.web.servlet.context.AnnotationConfigServletWebServerApplicationContext@7bb6ab3a
2025-03-17 17:55:36 [main] DEBUG o.s.b.f.s.DefaultListableBeanFactory - Creating shared instance of singleton bean 'org.springframework.context.annotation.internalConfigurationAnnotationProcessor'
2025-03-17 17:55:36 [main] DEBUG o.s.b.f.s.DefaultListableBeanFactory - Creating shared instance of singleton bean 'org.springframework.boot.autoconfigure.internalCachingMetadataReaderFactory'
2025-03-17 17:55:36 [main] DEBUG o.s.c.a.ClassPathBeanDefinitionScanner - Identified candidate component class: file [D:\a毕设\项目文件夹\后端\新建无权限\mock-ielts-app\mock-ielts-users\target\classes\com\apps\config\CorsConfig.class]
2025-03-17 17:55:36 [main] DEBUG o.s.c.a.ClassPathBeanDefinitionScanner - Identified candidate component class: file [D:\a毕设\项目文件夹\后端\新建无权限\mock-ielts-app\mock-ielts-users\target\classes\com\apps\config\WebSecurityConfig.class]
2025-03-17 17:55:36 [main] DEBUG o.s.c.a.ClassPathBeanDefinitionScanner - Identified candidate component class: file [D:\a毕设\项目文件夹\后端\新建无权限\mock-ielts-app\mock-ielts-users\target\classes\com\apps\controller\UserController.class]
2025-03-17 17:55:36 [main] DEBUG o.s.c.a.ClassPathBeanDefinitionScanner - Identified candidate component class: file [D:\a毕设\项目文件夹\后端\新建无权限\mock-ielts-app\mock-ielts-users\target\classes\com\apps\service\UserService.class]
2025-03-17 17:55:37 [main] DEBUG o.s.b.f.s.DefaultListableBeanFactory - Creating shared instance of singleton bean 'org.springframework.boot.autoconfigure.AutoConfigurationPackages'
2025-03-17 17:55:37 [main] DEBUG o.s.b.a.AutoConfigurationPackages - @EnableAutoConfiguration was declared on a class in the package 'com.apps'. Automatic @Repository and @Entity scanning is enabled.
2025-03-17 17:55:37 [main] DEBUG o.m.s.b.a.MybatisAutoConfiguration - Searching for mappers annotated with @Mapper
2025-03-17 17:55:37 [main] DEBUG o.m.s.b.a.MybatisAutoConfiguration - Using auto-configuration base package 'com.apps'
2025-03-17 17:55:37 [main] DEBUG o.s.b.f.s.DefaultListableBeanFactory - Creating shared instance of singleton bean 'refreshScope'
2025-03-17 17:55:37 [main] DEBUG o.s.b.f.s.DefaultListableBeanFactory - Creating shared instance of singleton bean 'org.mybatis.spring.mapper.MapperScannerConfigurer'
2025-03-17 17:55:37 [main] DEBUG o.s.b.f.s.DefaultListableBeanFactory - Creating shared instance of singleton bean 'org.springframework.cloud.autoconfigure.RefreshAutoConfiguration$RefreshScopeBeanDefinitionEnhancer'
2025-03-17 17:55:37 [main] DEBUG o.s.b.f.s.DefaultListableBeanFactory - Creating shared instance of singleton bean 'propertySourcesPlaceholderConfigurer'
2025-03-17 17:55:37 [main] DEBUG org.apache.ibatis.logging.LogFactory - Logging initialized using 'class org.apache.ibatis.logging.slf4j.Slf4jImpl' adapter.
2025-03-17 17:55:37 [main] DEBUG o.m.s.mapper.ClassPathMapperScanner - Identified candidate component class: file [D:\a毕设\项目文件夹\后端\新建无权限\mock-ielts-app\mock-ielts-users\target\classes\com\apps\mapper\RoleMapper.class]
2025-03-17 17:55:37 [main] DEBUG o.m.s.mapper.ClassPathMapperScanner - Identified candidate component class: file [D:\a毕设\项目文件夹\后端\新建无权限\mock-ielts-app\mock-ielts-users\target\classes\com\apps\mapper\UserMapper.class]
2025-03-17 17:55:37 [main] DEBUG o.m.s.mapper.ClassPathMapperScanner - Creating MapperFactoryBean with name 'roleMapper' and 'com.apps.mapper.RoleMapper' mapperInterface
2025-03-17 17:55:37 [main] DEBUG o.m.s.mapper.ClassPathMapperScanner - Enabling autowire by type for MapperFactoryBean with name 'roleMapper'.
2025-03-17 17:55:37 [main] DEBUG o.m.s.mapper.ClassPathMapperScanner - Creating MapperFactoryBean with name 'userMapper' and 'com.apps.mapper.UserMapper' mapperInterface
2025-03-17 17:55:37 [main] DEBUG o.m.s.mapper.ClassPathMapperScanner - Enabling autowire by type for MapperFactoryBean with name 'userMapper'.
2025-03-17 17:55:37 [main] DEBUG o.s.cloud.context.scope.GenericScope - Generating bean factory id from names: [apacheHttpClientBuilder, apacheHttpClientFactory, applicationAvailability, applicationTaskExecutor, asyncLoadBalancerInterceptor, asyncRestTemplateCustomizer, authenticationEventPublisher, authenticationManagerBuilder, autowiredWebSecurityConfigurersIgnoreParents, bCryptPasswordEncoder, basicErrorController, beanNameHandlerMapping, beanNameViewResolver, blockingLoadBalancerClient, bootstrapApplicationListener.BootstrapMarkerConfiguration, caffeineWarnLogger, characterEncodingFilter, circuitBreakerRuleChangeListener, com.alibaba.cloud.circuitbreaker.sentinel.ReactiveSentinelCircuitBreakerAutoConfiguration, com.alibaba.cloud.circuitbreaker.sentinel.SentinelCircuitBreakerAutoConfiguration, com.alibaba.cloud.circuitbreaker.sentinel.feign.SentinelFeignClientAutoConfiguration, com.alibaba.cloud.circuitbreaker.sentinel.feign.SentinelFeignClientAutoConfiguration$CircuitBreakerListenerConfiguration, com.alibaba.cloud.circuitbreaker.sentinel.feign.SentinelFeignClientAutoConfiguration$CircuitBreakerNameResolverConfiguration, com.alibaba.cloud.circuitbreaker.sentinel.feign.SentinelFeignClientAutoConfiguration$ReactiveSentinelCustomizerConfiguration, com.alibaba.cloud.circuitbreaker.sentinel.feign.SentinelFeignClientAutoConfiguration$SentinelCustomizerConfiguration, com.alibaba.cloud.nacos.NacosConfigAutoConfiguration, com.alibaba.cloud.nacos.NacosServiceAutoConfiguration, com.alibaba.cloud.nacos.discovery.NacosDiscoveryAutoConfiguration, com.alibaba.cloud.nacos.discovery.NacosDiscoveryClientConfiguration, com.alibaba.cloud.nacos.registry.NacosServiceRegistryAutoConfiguration, com.alibaba.cloud.sentinel.SentinelWebAutoConfiguration, com.alibaba.cloud.sentinel.custom.SentinelAutoConfiguration, com.alibaba.cloud.sentinel.custom.SentinelAutoConfiguration$SentinelConverterConfiguration, com.alibaba.cloud.sentinel.custom.SentinelAutoConfiguration$SentinelConverterConfiguration$SentinelJsonConfiguration, com.alibaba.cloud.sentinel.feign.SentinelFeignAutoConfiguration, com.alibaba.druid.spring.boot.autoconfigure.DruidDataSourceAutoConfigure, com.alibaba.druid.spring.boot.autoconfigure.stat.DruidFilterConfiguration, compositeCompatibilityVerifier, compositeDiscoveryClient, configurationPropertiesBeans, configurationPropertiesRebinder, configureRulesCustomizer, connManFactory, conventionErrorViewResolver, conversionServicePostProcessor, corsConfig, corsConfigurer, dataSource, dataSourceScriptDatabaseInitializer, default.org.springframework.cloud.loadbalancer.config.BlockingLoadBalancerClientAutoConfiguration.LoadBalancerClientSpecification, default.org.springframework.cloud.loadbalancer.config.LoadBalancerAutoConfiguration.LoadBalancerClientSpecification, defaultServletHandlerMapping, defaultViewResolver, defaultsBindHandlerAdvisor, delegatingApplicationListener, dispatcherServlet, dispatcherServletRegistration, enableGlobalAuthenticationAutowiredConfigurer, environmentManager, error, errorAttributes, errorPageCustomizer, errorPageRegistrarBeanPostProcessor, errorPageSecurityInterceptor, feign.client-org.springframework.cloud.openfeign.FeignClientProperties, feign.encoder-org.springframework.cloud.openfeign.support.FeignEncoderProperties, feign.httpclient-org.springframework.cloud.openfeign.support.FeignHttpClientProperties, feign.sentinel-com.alibaba.cloud.circuitbreaker.sentinel.feign.SentinelFeignClientProperties, feignClient, feignClientCircuitNameResolver, feignContext, feignFeature, feignSentinelBuilder, feignTargeter, flashMapManager, formContentFilter, handlerExceptionResolver, handlerFunctionAdapter, hikariPoolDataSourceMetadataProvider, httpRequestHandlerAdapter, inMemoryUserDetailsManager, inetUtils, inetUtilsProperties, initializeAuthenticationProviderBeanManagerConfigurer, initializeUserDetailsBeanManagerConfigurer, jacksonObjectMapper, jacksonObjectMapperBuilder, jdbcTemplate, jsonComponentModule, legacyContextRefresher, lifecycleProcessor, loadBalancedAsyncRestTemplateInitializer, loadBalancedRestTemplateInitializerDeprecated, loadBalancerClientFactory, loadBalancerClientsDefaultsMappingsProvider, loadBalancerInterceptor, loadBalancerRequestFactory, loadBalancerServiceInstanceCookieTransformer, localeCharsetMappingsCustomizer, localeResolver, loggingRebinder, mappingJackson2HttpMessageConverter, mbeanExporter, mbeanServer, messageConverters, mockIeltsUsersApplication, multipartConfigElement, multipartResolver, mvcContentNegotiationManager, mvcConversionService, mvcHandlerMappingIntrospector, mvcPathMatcher, mvcPatternParser, mvcResourceUrlProvider, mvcUriComponentsContributor, mvcUrlPathHelper, mvcValidator, mvcViewResolver, mybatis-org.mybatis.spring.boot.autoconfigure.MybatisProperties, nacosAutoServiceRegistration, nacosConfigManager, nacosConfigProperties, nacosContextRefresher, nacosDiscoveryClient, nacosProperties, nacosRefreshHistory, nacosRegistration, nacosServiceDiscovery, nacosServiceManager, nacosServiceRegistry, nacosWatch, namedParameterJdbcTemplate, objectNamingStrategy, objectPostProcessor, org.mybatis.spring.boot.autoconfigure.MybatisAutoConfiguration, org.mybatis.spring.boot.autoconfigure.MybatisAutoConfiguration$MapperScannerRegistrarNotFoundConfiguration, org.mybatis.spring.boot.autoconfigure.MybatisLanguageDriverAutoConfiguration, org.mybatis.spring.mapper.MapperScannerConfigurer, org.springframework.aop.config.internalAutoProxyCreator, org.springframework.boot.autoconfigure.AutoConfigurationPackages, org.springframework.boot.autoconfigure.admin.SpringApplicationAdminJmxAutoConfiguration, org.springframework.boot.autoconfigure.aop.AopAutoConfiguration, org.springframework.boot.autoconfigure.aop.AopAutoConfiguration$AspectJAutoProxyingConfiguration, org.springframework.boot.autoconfigure.aop.AopAutoConfiguration$AspectJAutoProxyingConfiguration$CglibAutoProxyConfiguration, org.springframework.boot.autoconfigure.availability.ApplicationAvailabilityAutoConfiguration, org.springframework.boot.autoconfigure.context.ConfigurationPropertiesAutoConfiguration, org.springframework.boot.autoconfigure.context.LifecycleAutoConfiguration, org.springframework.boot.autoconfigure.context.PropertyPlaceholderAutoConfiguration, org.springframework.boot.autoconfigure.dao.PersistenceExceptionTranslationAutoConfiguration, org.springframework.boot.autoconfigure.http.HttpMessageConvertersAutoConfiguration, org.springframework.boot.autoconfigure.http.HttpMessageConvertersAutoConfiguration$StringHttpMessageConverterConfiguration, org.springframework.boot.autoconfigure.http.JacksonHttpMessageConvertersConfiguration, org.springframework.boot.autoconfigure.http.JacksonHttpMessageConvertersConfiguration$MappingJackson2HttpMessageConverterConfiguration, org.springframework.boot.autoconfigure.info.ProjectInfoAutoConfiguration, org.springframework.boot.autoconfigure.internalCachingMetadataReaderFactory, org.springframework.boot.autoconfigure.jackson.JacksonAutoConfiguration, org.springframework.boot.autoconfigure.jackson.JacksonAutoConfiguration$Jackson2ObjectMapperBuilderCustomizerConfiguration, org.springframework.boot.autoconfigure.jackson.JacksonAutoConfiguration$JacksonObjectMapperBuilderConfiguration, org.springframework.boot.autoconfigure.jackson.JacksonAutoConfiguration$JacksonObjectMapperConfiguration, org.springframework.boot.autoconfigure.jackson.JacksonAutoConfiguration$ParameterNamesModuleConfiguration, org.springframework.boot.autoconfigure.jdbc.DataSourceAutoConfiguration, org.springframework.boot.autoconfigure.jdbc.DataSourceTransactionManagerAutoConfiguration, org.springframework.boot.autoconfigure.jdbc.DataSourceTransactionManagerAutoConfiguration$JdbcTransactionManagerConfiguration, org.springframework.boot.autoconfigure.jdbc.JdbcTemplateAutoConfiguration, org.springframework.boot.autoconfigure.jdbc.JdbcTemplateConfiguration, org.springframework.boot.autoconfigure.jdbc.NamedParameterJdbcTemplateConfiguration, org.springframework.boot.autoconfigure.jdbc.metadata.DataSourcePoolMetadataProvidersConfiguration, org.springframework.boot.autoconfigure.jdbc.metadata.DataSourcePoolMetadataProvidersConfiguration$HikariPoolDataSourceMetadataProviderConfiguration, org.springframework.boot.autoconfigure.jmx.JmxAutoConfiguration, org.springframework.boot.autoconfigure.netty.NettyAutoConfiguration, org.springframework.boot.autoconfigure.security.servlet.ErrorPageSecurityFilterConfiguration, org.springframework.boot.autoconfigure.security.servlet.SecurityAutoConfiguration, org.springframework.boot.autoconfigure.security.servlet.SecurityFilterAutoConfiguration, org.springframework.boot.autoconfigure.security.servlet.UserDetailsServiceAutoConfiguration, org.springframework.boot.autoconfigure.security.servlet.WebSecurityEnablerConfiguration, org.springframework.boot.autoconfigure.sql.init.DataSourceInitializationConfiguration, org.springframework.boot.autoconfigure.sql.init.SqlInitializationAutoConfiguration, org.springframework.boot.autoconfigure.task.TaskExecutionAutoConfiguration, org.springframework.boot.autoconfigure.task.TaskSchedulingAutoConfiguration, org.springframework.boot.autoconfigure.transaction.TransactionAutoConfiguration, org.springframework.boot.autoconfigure.transaction.TransactionAutoConfiguration$EnableTransactionManagementConfiguration, org.springframework.boot.autoconfigure.transaction.TransactionAutoConfiguration$EnableTransactionManagementConfiguration$CglibAutoProxyConfiguration, org.springframework.boot.autoconfigure.transaction.TransactionAutoConfiguration$TransactionTemplateConfiguration, org.springframework.boot.autoconfigure.web.client.RestTemplateAutoConfiguration, org.springframework.boot.autoconfigure.web.embedded.EmbeddedWebServerFactoryCustomizerAutoConfiguration, org.springframework.boot.autoconfigure.web.embedded.EmbeddedWebServerFactoryCustomizerAutoConfiguration$TomcatWebServerFactoryCustomizerConfiguration, org.springframework.boot.autoconfigure.web.servlet.DispatcherServletAutoConfiguration, org.springframework.boot.autoconfigure.web.servlet.DispatcherServletAutoConfiguration$DispatcherServletConfiguration, org.springframework.boot.autoconfigure.web.servlet.DispatcherServletAutoConfiguration$DispatcherServletRegistrationConfiguration, org.springframework.boot.autoconfigure.web.servlet.HttpEncodingAutoConfiguration, org.springframework.boot.autoconfigure.web.servlet.MultipartAutoConfiguration, org.springframework.boot.autoconfigure.web.servlet.ServletWebServerFactoryAutoConfiguration, org.springframework.boot.autoconfigure.web.servlet.ServletWebServerFactoryConfiguration$EmbeddedTomcat, org.springframework.boot.autoconfigure.web.servlet.WebMvcAutoConfiguration, org.springframework.boot.autoconfigure.web.servlet.WebMvcAutoConfiguration$EnableWebMvcConfiguration, org.springframework.boot.autoconfigure.web.servlet.WebMvcAutoConfiguration$WebMvcAutoConfigurationAdapter, org.springframework.boot.autoconfigure.web.servlet.error.ErrorMvcAutoConfiguration, org.springframework.boot.autoconfigure.web.servlet.error.ErrorMvcAutoConfiguration$DefaultErrorViewResolverConfiguration, org.springframework.boot.autoconfigure.web.servlet.error.ErrorMvcAutoConfiguration$WhitelabelErrorViewConfiguration, org.springframework.boot.autoconfigure.websocket.servlet.WebSocketServletAutoConfiguration, org.springframework.boot.autoconfigure.websocket.servlet.WebSocketServletAutoConfiguration$TomcatWebSocketConfiguration, org.springframework.boot.context.internalConfigurationPropertiesBinder, org.springframework.boot.context.internalConfigurationPropertiesBinderFactory, org.springframework.boot.context.properties.BoundConfigurationProperties, org.springframework.boot.context.properties.ConfigurationPropertiesBindingPostProcessor, org.springframework.boot.context.properties.EnableConfigurationPropertiesRegistrar.methodValidationExcludeFilter, org.springframework.boot.sql.init.dependency.DatabaseInitializationDependencyConfigurer$DependsOnDatabaseInitializationPostProcessor, org.springframework.cloud.autoconfigure.ConfigurationPropertiesRebinderAutoConfiguration, org.springframework.cloud.autoconfigure.LifecycleMvcEndpointAutoConfiguration, org.springframework.cloud.autoconfigure.RefreshAutoConfiguration, org.springframework.cloud.autoconfigure.RefreshAutoConfiguration$RefreshScopeBeanDefinitionEnhancer, org.springframework.cloud.client.CommonsClientAutoConfiguration, org.springframework.cloud.client.ReactiveCommonsClientAutoConfiguration, org.springframework.cloud.client.discovery.composite.CompositeDiscoveryClientAutoConfiguration, org.springframework.cloud.client.discovery.simple.SimpleDiscoveryClientAutoConfiguration, org.springframework.cloud.client.loadbalancer.AsyncLoadBalancerAutoConfiguration, org.springframework.cloud.client.loadbalancer.AsyncLoadBalancerAutoConfiguration$AsyncRestTemplateCustomizerConfig, org.springframework.cloud.client.loadbalancer.AsyncLoadBalancerAutoConfiguration$LoadBalancerInterceptorConfig, org.springframework.cloud.client.loadbalancer.LoadBalancerAutoConfiguration, org.springframework.cloud.client.loadbalancer.LoadBalancerAutoConfiguration$LoadBalancerInterceptorConfig, org.springframework.cloud.client.loadbalancer.LoadBalancerDefaultMappingsProviderAutoConfiguration, org.springframework.cloud.client.serviceregistry.AutoServiceRegistrationAutoConfiguration, org.springframework.cloud.client.serviceregistry.AutoServiceRegistrationConfiguration, org.springframework.cloud.client.serviceregistry.ServiceRegistryAutoConfiguration, org.springframework.cloud.commons.config.CommonsConfigAutoConfiguration, org.springframework.cloud.commons.httpclient.HttpClientConfiguration, org.springframework.cloud.commons.httpclient.HttpClientConfiguration$ApacheHttpClientConfiguration, org.springframework.cloud.commons.util.UtilAutoConfiguration, org.springframework.cloud.configuration.CompatibilityVerifierAutoConfiguration, org.springframework.cloud.loadbalancer.config.BlockingLoadBalancerClientAutoConfiguration, org.springframework.cloud.loadbalancer.config.LoadBalancerAutoConfiguration, org.springframework.cloud.loadbalancer.config.LoadBalancerCacheAutoConfiguration, org.springframework.cloud.loadbalancer.config.LoadBalancerCacheAutoConfiguration$LoadBalancerCacheManagerWarnConfiguration, org.springframework.cloud.openfeign.FeignAutoConfiguration, org.springframework.cloud.openfeign.FeignAutoConfiguration$DefaultFeignTargeterConfiguration, org.springframework.cloud.openfeign.loadbalancer.DefaultFeignLoadBalancerConfiguration, org.springframework.cloud.openfeign.loadbalancer.FeignLoadBalancerAutoConfiguration, org.springframework.context.annotation.internalAutowiredAnnotationProcessor, org.springframework.context.annotation.internalCommonAnnotationProcessor, org.springframework.context.annotation.internalConfigurationAnnotationProcessor, org.springframework.context.event.internalEventListenerFactory, org.springframework.context.event.internalEventListenerProcessor, org.springframework.security.config.annotation.authentication.configuration.AuthenticationConfiguration, org.springframework.security.config.annotation.configuration.ObjectPostProcessorConfiguration, org.springframework.security.config.annotation.web.configuration.HttpSecurityConfiguration, org.springframework.security.config.annotation.web.configuration.HttpSecurityConfiguration.httpSecurity, org.springframework.security.config.annotation.web.configuration.WebMvcSecurityConfiguration, org.springframework.security.config.annotation.web.configuration.WebSecurityConfiguration, org.springframework.transaction.annotation.ProxyTransactionManagementConfiguration, org.springframework.transaction.config.internalTransactionAdvisor, org.springframework.transaction.config.internalTransactionalEventListenerFactory, parameterNamesModule, persistenceExceptionTranslationPostProcessor, platformTransactionManagerCustomizers, preserveErrorControllerTargetClassPostProcessor, privilegeEvaluator, propertySourcesPlaceholderConfigurer, reactiveConfigureRulesCustomizer, reactiveSentinelCircuitBreakerFactory, refreshEventListener, refreshScope, requestContextFilter, requestDataValueProcessor, requestMappingHandlerAdapter, requestMappingHandlerMapping, resourceHandlerMapping, restTemplateBuilder, restTemplateBuilderConfigurer, restTemplateCustomizer, roleMapper, routerFunctionMapping, scheduledBeanLazyInitializationExcludeFilter, securityFilterChainRegistration, sentinel-json-authority-converter, sentinel-json-degrade-converter, sentinel-json-flow-converter, sentinel-json-param-flow-converter, sentinel-json-system-converter, sentinelBeanPostProcessor, sentinelCircuitBreakerFactory, sentinelDataSourceHandler, sentinelResourceAspect, sentinelWebInterceptor, sentinelWebMvcConfig, sentinelWebMvcConfigurer, server-org.springframework.boot.autoconfigure.web.ServerProperties, servletWebServerFactoryCustomizer, simpleControllerHandlerAdapter, simpleDiscoveryClient, simpleDiscoveryProperties, spring.cloud.compatibility-verifier-org.springframework.cloud.configuration.CompatibilityVerifierProperties, spring.cloud.loadbalancer-org.springframework.cloud.client.loadbalancer.LoadBalancerClientsProperties, spring.cloud.loadbalancer.cache-org.springframework.cloud.loadbalancer.cache.LoadBalancerCacheProperties, spring.cloud.refresh-org.springframework.cloud.autoconfigure.RefreshAutoConfiguration$RefreshProperties, spring.cloud.sentinel-com.alibaba.cloud.sentinel.SentinelProperties, spring.cloud.service-registry.auto-registration-org.springframework.cloud.client.serviceregistry.AutoServiceRegistrationProperties, spring.datasource-org.springframework.boot.autoconfigure.jdbc.DataSourceProperties, spring.datasource.druid-com.alibaba.druid.spring.boot.autoconfigure.properties.DruidStatProperties, spring.info-org.springframework.boot.autoconfigure.info.ProjectInfoProperties, spring.jackson-org.springframework.boot.autoconfigure.jackson.JacksonProperties, spring.jdbc-org.springframework.boot.autoconfigure.jdbc.JdbcProperties, spring.lifecycle-org.springframework.boot.autoconfigure.context.LifecycleProperties, spring.mvc-org.springframework.boot.autoconfigure.web.servlet.WebMvcProperties, spring.netty-org.springframework.boot.autoconfigure.netty.NettyProperties, spring.security-org.springframework.boot.autoconfigure.security.SecurityProperties, spring.servlet.multipart-org.springframework.boot.autoconfigure.web.servlet.MultipartProperties, spring.sql.init-org.springframework.boot.autoconfigure.sql.init.SqlInitializationProperties, spring.task.execution-org.springframework.boot.autoconfigure.task.TaskExecutionProperties, spring.task.scheduling-org.springframework.boot.autoconfigure.task.TaskSchedulingProperties, spring.transaction-org.springframework.boot.autoconfigure.transaction.TransactionProperties, spring.web-org.springframework.boot.autoconfigure.web.WebProperties, springApplicationAdminRegistrar, springBootVersionVerifier, springSecurityFilterChain, sqlSessionFactory, sqlSessionTemplate, standardJacksonObjectMapperBuilderCustomizer, stringHttpMessageConverter, taskExecutorBuilder, taskSchedulerBuilder, themeResolver, tomcatServletWebServerFactory, tomcatServletWebServerFactoryCustomizer, tomcatWebServerFactoryCustomizer, transactionAttributeSource, transactionInterceptor, transactionManager, transactionTemplate, userController, userMapper, userService, viewControllerHandlerMapping, viewNameTranslator, viewResolver, webSecurityConfig, webSecurityExpressionHandler, webServerFactoryCustomizerBeanPostProcessor, websocketServletWebServerCustomizer, welcomePageHandlerMapping, xForwarderHeadersTransformer, zoneConfig]
2025-03-17 17:55:37 [main] INFO  o.s.cloud.context.scope.GenericScope - BeanFactory id=33e246bd-5012-3748-897d-35b7377c7d11
2025-03-17 17:55:37 [main] DEBUG o.s.b.f.s.DefaultListableBeanFactory - Creating shared instance of singleton bean 'org.springframework.boot.sql.init.dependency.DatabaseInitializationDependencyConfigurer$DependsOnDatabaseInitializationPostProcessor'
2025-03-17 17:55:37 [main] DEBUG o.s.b.f.s.DefaultListableBeanFactory - Creating shared instance of singleton bean 'org.springframework.context.event.internalEventListenerProcessor'
2025-03-17 17:55:37 [main] DEBUG o.s.b.f.s.DefaultListableBeanFactory - Creating shared instance of singleton bean 'preserveErrorControllerTargetClassPostProcessor'
2025-03-17 17:55:37 [main] DEBUG o.s.b.f.s.DefaultListableBeanFactory - Creating shared instance of singleton bean 'conversionServicePostProcessor'
2025-03-17 17:55:37 [main] DEBUG o.s.b.f.s.DefaultListableBeanFactory - Creating shared instance of singleton bean 'org.springframework.context.event.internalEventListenerFactory'
2025-03-17 17:55:37 [main] DEBUG o.s.b.f.s.DefaultListableBeanFactory - Creating shared instance of singleton bean 'org.springframework.transaction.config.internalTransactionalEventListenerFactory'
2025-03-17 17:55:37 [main] DEBUG o.s.b.f.s.DefaultListableBeanFactory - Creating shared instance of singleton bean 'org.springframework.context.annotation.internalAutowiredAnnotationProcessor'
2025-03-17 17:55:37 [main] DEBUG o.s.b.f.s.DefaultListableBeanFactory - Creating shared instance of singleton bean 'org.springframework.context.annotation.internalCommonAnnotationProcessor'
2025-03-17 17:55:37 [main] DEBUG o.s.b.f.s.DefaultListableBeanFactory - Creating shared instance of singleton bean 'org.springframework.boot.context.properties.ConfigurationPropertiesBindingPostProcessor'
2025-03-17 17:55:37 [main] DEBUG o.s.b.f.s.DefaultListableBeanFactory - Creating shared instance of singleton bean 'org.springframework.boot.context.internalConfigurationPropertiesBinder'
2025-03-17 17:55:37 [main] DEBUG o.s.b.f.s.DefaultListableBeanFactory - Creating shared instance of singleton bean 'org.springframework.boot.context.internalConfigurationPropertiesBinderFactory'
2025-03-17 17:55:37 [main] DEBUG o.s.b.f.s.DefaultListableBeanFactory - Creating shared instance of singleton bean 'org.springframework.aop.config.internalAutoProxyCreator'
2025-03-17 17:55:37 [main] DEBUG o.s.b.f.s.DefaultListableBeanFactory - Creating shared instance of singleton bean 'persistenceExceptionTranslationPostProcessor'
2025-03-17 17:55:37 [main] DEBUG o.s.b.f.s.DefaultListableBeanFactory - Autowiring by type from bean name 'persistenceExceptionTranslationPostProcessor' via factory method to bean named 'environment'
2025-03-17 17:55:37 [main] DEBUG o.s.b.f.s.DefaultListableBeanFactory - Creating shared instance of singleton bean 'webServerFactoryCustomizerBeanPostProcessor'
2025-03-17 17:55:37 [main] DEBUG o.s.b.f.s.DefaultListableBeanFactory - Creating shared instance of singleton bean 'errorPageRegistrarBeanPostProcessor'
2025-03-17 17:55:37 [main] DEBUG o.s.b.f.s.DefaultListableBeanFactory - Creating shared instance of singleton bean 'sentinelBeanPostProcessor'
2025-03-17 17:55:37 [main] DEBUG o.s.b.f.s.DefaultListableBeanFactory - Creating shared instance of singleton bean 'org.springframework.transaction.config.internalTransactionAdvisor'
2025-03-17 17:55:37 [main] DEBUG o.s.b.f.s.DefaultListableBeanFactory - Creating shared instance of singleton bean 'org.springframework.transaction.annotation.ProxyTransactionManagementConfiguration'
2025-03-17 17:55:37 [main] DEBUG o.s.a.a.a.ReflectiveAspectJAdvisorFactory - Found AspectJ method: public java.lang.Object com.alibaba.csp.sentinel.annotation.aspectj.SentinelResourceAspect.invokeResourceWithSentinel(org.aspectj.lang.ProceedingJoinPoint) throws java.lang.Throwable
2025-03-17 17:55:37 [main] DEBUG o.s.b.f.s.DefaultListableBeanFactory - Creating shared instance of singleton bean 'transactionAttributeSource'
2025-03-17 17:55:37 [main] DEBUG o.s.b.f.s.DefaultListableBeanFactory - Creating shared instance of singleton bean 'transactionInterceptor'
2025-03-17 17:55:37 [main] DEBUG o.s.b.f.s.DefaultListableBeanFactory - Autowiring by type from bean name 'transactionInterceptor' via factory method to bean named 'transactionAttributeSource'
2025-03-17 17:55:37 [main] DEBUG o.s.b.f.s.DefaultListableBeanFactory - Autowiring by type from bean name 'org.springframework.transaction.config.internalTransactionAdvisor' via factory method to bean named 'transactionAttributeSource'
2025-03-17 17:55:37 [main] DEBUG o.s.b.f.s.DefaultListableBeanFactory - Autowiring by type from bean name 'org.springframework.transaction.config.internalTransactionAdvisor' via factory method to bean named 'transactionInterceptor'
2025-03-17 17:55:37 [main] DEBUG o.s.b.f.s.DefaultListableBeanFactory - Creating shared instance of singleton bean 'com.alibaba.cloud.sentinel.custom.SentinelAutoConfiguration'
2025-03-17 17:55:37 [main] DEBUG o.s.c.e.PropertySourcesPropertyResolver - Found key 'spring.application.name' in PropertySource 'environmentProperties' with value of type String
2025-03-17 17:55:37 [main] DEBUG o.s.b.f.s.DefaultListableBeanFactory - Creating shared instance of singleton bean 'spring.cloud.sentinel-com.alibaba.cloud.sentinel.SentinelProperties'
2025-03-17 17:55:37 [main] DEBUG o.s.b.f.s.DefaultListableBeanFactory - Creating shared instance of singleton bean 'org.springframework.boot.context.properties.BoundConfigurationProperties'
2025-03-17 17:55:37 [main] DEBUG o.s.b.f.s.DefaultListableBeanFactory - Creating shared instance of singleton bean 'defaultsBindHandlerAdvisor'
2025-03-17 17:55:37 [main] DEBUG o.s.b.f.s.DefaultListableBeanFactory - Creating shared instance of singleton bean 'org.springframework.cloud.commons.config.CommonsConfigAutoConfiguration'
2025-03-17 17:55:37 [main] INFO  o.s.c.s.PostProcessorRegistrationDelegate$BeanPostProcessorChecker - Bean 'org.springframework.cloud.commons.config.CommonsConfigAutoConfiguration' of type [org.springframework.cloud.commons.config.CommonsConfigAutoConfiguration] is not eligible for getting processed by all BeanPostProcessors (for example: not eligible for auto-proxying)
2025-03-17 17:55:37 [main] DEBUG o.s.b.f.s.DefaultListableBeanFactory - Creating shared instance of singleton bean 'loadBalancerClientsDefaultsMappingsProvider'
2025-03-17 17:55:37 [main] DEBUG o.s.b.f.s.DefaultListableBeanFactory - Creating shared instance of singleton bean 'org.springframework.cloud.client.loadbalancer.LoadBalancerDefaultMappingsProviderAutoConfiguration'
2025-03-17 17:55:37 [main] INFO  o.s.c.s.PostProcessorRegistrationDelegate$BeanPostProcessorChecker - Bean 'org.springframework.cloud.client.loadbalancer.LoadBalancerDefaultMappingsProviderAutoConfiguration' of type [org.springframework.cloud.client.loadbalancer.LoadBalancerDefaultMappingsProviderAutoConfiguration] is not eligible for getting processed by all BeanPostProcessors (for example: not eligible for auto-proxying)
2025-03-17 17:55:37 [main] INFO  o.s.c.s.PostProcessorRegistrationDelegate$BeanPostProcessorChecker - Bean 'loadBalancerClientsDefaultsMappingsProvider' of type [org.springframework.cloud.client.loadbalancer.LoadBalancerDefaultMappingsProviderAutoConfiguration$$Lambda$415/492045670] is not eligible for getting processed by all BeanPostProcessors (for example: not eligible for auto-proxying)
2025-03-17 17:55:37 [main] DEBUG o.s.b.f.s.DefaultListableBeanFactory - Autowiring by type from bean name 'defaultsBindHandlerAdvisor' via factory method to bean named 'loadBalancerClientsDefaultsMappingsProvider'
2025-03-17 17:55:37 [main] INFO  o.s.c.s.PostProcessorRegistrationDelegate$BeanPostProcessorChecker - Bean 'defaultsBindHandlerAdvisor' of type [org.springframework.cloud.commons.config.DefaultsBindHandlerAdvisor] is not eligible for getting processed by all BeanPostProcessors (for example: not eligible for auto-proxying)
2025-03-17 17:55:37 [main] INFO  o.s.c.s.PostProcessorRegistrationDelegate$BeanPostProcessorChecker - Bean 'spring.cloud.sentinel-com.alibaba.cloud.sentinel.SentinelProperties' of type [com.alibaba.cloud.sentinel.SentinelProperties] is not eligible for getting processed by all BeanPostProcessors (for example: not eligible for auto-proxying)
2025-03-17 17:55:37 [main] INFO  o.s.c.s.PostProcessorRegistrationDelegate$BeanPostProcessorChecker - Bean 'com.alibaba.cloud.sentinel.custom.SentinelAutoConfiguration' of type [com.alibaba.cloud.sentinel.custom.SentinelAutoConfiguration] is not eligible for getting processed by all BeanPostProcessors (for example: not eligible for auto-proxying)
2025-03-17 17:55:37 [main] DEBUG o.s.b.f.s.DefaultListableBeanFactory - Autowiring by type from bean name 'sentinelBeanPostProcessor' via factory method to bean named 'org.springframework.boot.web.servlet.context.AnnotationConfigServletWebServerApplicationContext@7bb6ab3a'
2025-03-17 17:55:37 [main] DEBUG o.s.b.f.s.DefaultListableBeanFactory - Creating shared instance of singleton bean 'configurationPropertiesBeans'
2025-03-17 17:55:37 [main] DEBUG o.s.u.c.s.UiApplicationContextUtils - Unable to locate ThemeSource with name 'themeSource': using default [org.springframework.ui.context.support.ResourceBundleThemeSource@33a3c44a]
2025-03-17 17:55:37 [main] DEBUG o.s.b.f.s.DefaultListableBeanFactory - Creating shared instance of singleton bean 'tomcatServletWebServerFactory'
2025-03-17 17:55:37 [main] DEBUG o.s.b.f.s.DefaultListableBeanFactory - Creating shared instance of singleton bean 'org.springframework.boot.autoconfigure.web.servlet.ServletWebServerFactoryConfiguration$EmbeddedTomcat'
2025-03-17 17:55:37 [main] DEBUG o.s.b.f.s.DefaultListableBeanFactory - Creating shared instance of singleton bean 'websocketServletWebServerCustomizer'
2025-03-17 17:55:37 [main] DEBUG o.s.b.f.s.DefaultListableBeanFactory - Creating shared instance of singleton bean 'org.springframework.boot.autoconfigure.websocket.servlet.WebSocketServletAutoConfiguration$TomcatWebSocketConfiguration'
2025-03-17 17:55:37 [main] DEBUG o.s.b.f.s.DefaultListableBeanFactory - Creating shared instance of singleton bean 'servletWebServerFactoryCustomizer'
2025-03-17 17:55:37 [main] DEBUG o.s.b.f.s.DefaultListableBeanFactory - Creating shared instance of singleton bean 'org.springframework.boot.autoconfigure.web.servlet.ServletWebServerFactoryAutoConfiguration'
2025-03-17 17:55:37 [main] DEBUG o.s.b.f.s.DefaultListableBeanFactory - Creating shared instance of singleton bean 'server-org.springframework.boot.autoconfigure.web.ServerProperties'
2025-03-17 17:55:37 [main] DEBUG o.s.b.f.s.DefaultListableBeanFactory - Autowiring by type from bean name 'servletWebServerFactoryCustomizer' via factory method to bean named 'server-org.springframework.boot.autoconfigure.web.ServerProperties'
2025-03-17 17:55:37 [main] DEBUG o.s.b.f.s.DefaultListableBeanFactory - Creating shared instance of singleton bean 'tomcatServletWebServerFactoryCustomizer'
2025-03-17 17:55:37 [main] DEBUG o.s.b.f.s.DefaultListableBeanFactory - Autowiring by type from bean name 'tomcatServletWebServerFactoryCustomizer' via factory method to bean named 'server-org.springframework.boot.autoconfigure.web.ServerProperties'
2025-03-17 17:55:37 [main] DEBUG o.s.b.f.s.DefaultListableBeanFactory - Creating shared instance of singleton bean 'tomcatWebServerFactoryCustomizer'
2025-03-17 17:55:37 [main] DEBUG o.s.b.f.s.DefaultListableBeanFactory - Creating shared instance of singleton bean 'org.springframework.boot.autoconfigure.web.embedded.EmbeddedWebServerFactoryCustomizerAutoConfiguration$TomcatWebServerFactoryCustomizerConfiguration'
2025-03-17 17:55:37 [main] DEBUG o.s.b.f.s.DefaultListableBeanFactory - Autowiring by type from bean name 'tomcatWebServerFactoryCustomizer' via factory method to bean named 'environment'
2025-03-17 17:55:37 [main] DEBUG o.s.b.f.s.DefaultListableBeanFactory - Autowiring by type from bean name 'tomcatWebServerFactoryCustomizer' via factory method to bean named 'server-org.springframework.boot.autoconfigure.web.ServerProperties'
2025-03-17 17:55:37 [main] DEBUG o.s.b.f.s.DefaultListableBeanFactory - Creating shared instance of singleton bean 'localeCharsetMappingsCustomizer'
2025-03-17 17:55:37 [main] DEBUG o.s.b.f.s.DefaultListableBeanFactory - Creating shared instance of singleton bean 'org.springframework.boot.autoconfigure.web.servlet.HttpEncodingAutoConfiguration'
2025-03-17 17:55:37 [main] DEBUG o.s.b.f.s.DefaultListableBeanFactory - Autowiring by type from bean name 'org.springframework.boot.autoconfigure.web.servlet.HttpEncodingAutoConfiguration' via constructor to bean named 'server-org.springframework.boot.autoconfigure.web.ServerProperties'
2025-03-17 17:55:37 [main] DEBUG o.s.b.f.s.DefaultListableBeanFactory - Creating shared instance of singleton bean 'errorPageCustomizer'
2025-03-17 17:55:37 [main] DEBUG o.s.b.f.s.DefaultListableBeanFactory - Creating shared instance of singleton bean 'org.springframework.boot.autoconfigure.web.servlet.error.ErrorMvcAutoConfiguration'
2025-03-17 17:55:37 [main] DEBUG o.s.b.f.s.DefaultListableBeanFactory - Autowiring by type from bean name 'org.springframework.boot.autoconfigure.web.servlet.error.ErrorMvcAutoConfiguration' via constructor to bean named 'server-org.springframework.boot.autoconfigure.web.ServerProperties'
2025-03-17 17:55:37 [main] DEBUG o.s.b.f.s.DefaultListableBeanFactory - Creating shared instance of singleton bean 'dispatcherServletRegistration'
2025-03-17 17:55:37 [main] DEBUG o.s.b.f.s.DefaultListableBeanFactory - Creating shared instance of singleton bean 'org.springframework.boot.autoconfigure.web.servlet.DispatcherServletAutoConfiguration$DispatcherServletRegistrationConfiguration'
2025-03-17 17:55:37 [main] DEBUG o.s.b.f.s.DefaultListableBeanFactory - Creating shared instance of singleton bean 'dispatcherServlet'
2025-03-17 17:55:37 [main] DEBUG o.s.b.f.s.DefaultListableBeanFactory - Creating shared instance of singleton bean 'org.springframework.boot.autoconfigure.web.servlet.DispatcherServletAutoConfiguration$DispatcherServletConfiguration'
2025-03-17 17:55:37 [main] DEBUG o.s.b.f.s.DefaultListableBeanFactory - Creating shared instance of singleton bean 'spring.mvc-org.springframework.boot.autoconfigure.web.servlet.WebMvcProperties'
2025-03-17 17:55:37 [main] DEBUG o.s.b.f.s.DefaultListableBeanFactory - Autowiring by type from bean name 'dispatcherServlet' via factory method to bean named 'spring.mvc-org.springframework.boot.autoconfigure.web.servlet.WebMvcProperties'
2025-03-17 17:55:37 [main] DEBUG o.s.b.f.s.DefaultListableBeanFactory - Autowiring by type from bean name 'dispatcherServletRegistration' via factory method to bean named 'dispatcherServlet'
2025-03-17 17:55:37 [main] DEBUG o.s.b.f.s.DefaultListableBeanFactory - Autowiring by type from bean name 'dispatcherServletRegistration' via factory method to bean named 'spring.mvc-org.springframework.boot.autoconfigure.web.servlet.WebMvcProperties'
2025-03-17 17:55:37 [main] DEBUG o.s.b.f.s.DefaultListableBeanFactory - Creating shared instance of singleton bean 'multipartConfigElement'
2025-03-17 17:55:37 [main] DEBUG o.s.b.f.s.DefaultListableBeanFactory - Creating shared instance of singleton bean 'org.springframework.boot.autoconfigure.web.servlet.MultipartAutoConfiguration'
2025-03-17 17:55:37 [main] DEBUG o.s.b.f.s.DefaultListableBeanFactory - Creating shared instance of singleton bean 'spring.servlet.multipart-org.springframework.boot.autoconfigure.web.servlet.MultipartProperties'
2025-03-17 17:55:37 [main] DEBUG o.s.b.f.s.DefaultListableBeanFactory - Autowiring by type from bean name 'org.springframework.boot.autoconfigure.web.servlet.MultipartAutoConfiguration' via constructor to bean named 'spring.servlet.multipart-org.springframework.boot.autoconfigure.web.servlet.MultipartProperties'
2025-03-17 17:55:37 [main] DEBUG o.s.b.f.s.DefaultListableBeanFactory - Autowiring by type from bean name 'errorPageCustomizer' via factory method to bean named 'dispatcherServletRegistration'
2025-03-17 17:55:37 [main] DEBUG o.s.b.w.e.t.TomcatServletWebServerFactory - Code archive: D:\JavaDevelopment\maven\apache-maven-3.6.2\maven_base\org\springframework\boot\spring-boot\2.6.4\spring-boot-2.6.4.jar
2025-03-17 17:55:37 [main] DEBUG o.s.b.w.e.t.TomcatServletWebServerFactory - Code archive: D:\JavaDevelopment\maven\apache-maven-3.6.2\maven_base\org\springframework\boot\spring-boot\2.6.4\spring-boot-2.6.4.jar
2025-03-17 17:55:37 [main] DEBUG o.s.b.w.e.t.TomcatServletWebServerFactory - None of the document roots [src/main/webapp, public, static] point to a directory and will be ignored.
2025-03-17 17:55:37 [main] INFO  o.s.b.w.e.tomcat.TomcatWebServer - Tomcat initialized with port(s): 9091 (http)
2025-03-17 17:55:38 [main] INFO  o.a.coyote.http11.Http11NioProtocol - Initializing ProtocolHandler ["http-nio-9091"]
2025-03-17 17:55:38 [main] INFO  o.a.catalina.core.StandardService - Starting service [Tomcat]
2025-03-17 17:55:38 [main] INFO  o.a.catalina.core.StandardEngine - Starting Servlet engine: [Apache Tomcat/9.0.58]
2025-03-17 17:55:38 [main] INFO  o.a.c.c.C.[Tomcat].[localhost].[/] - Initializing Spring embedded WebApplicationContext
2025-03-17 17:55:38 [main] DEBUG o.s.b.w.s.c.ServletWebServerApplicationContext - Published root WebApplicationContext as ServletContext attribute with name [org.springframework.web.context.WebApplicationContext.ROOT]
2025-03-17 17:55:38 [main] INFO  o.s.b.w.s.c.ServletWebServerApplicationContext - Root WebApplicationContext: initialization completed in 1186 ms
2025-03-17 17:55:38 [main] DEBUG o.s.b.f.s.DefaultListableBeanFactory - Creating shared instance of singleton bean 'errorPageSecurityInterceptor'
2025-03-17 17:55:38 [main] DEBUG o.s.b.f.s.DefaultListableBeanFactory - Creating shared instance of singleton bean 'org.springframework.boot.autoconfigure.security.servlet.ErrorPageSecurityFilterConfiguration'
2025-03-17 17:55:38 [main] DEBUG o.s.b.f.s.DefaultListableBeanFactory - Autowiring by type from bean name 'errorPageSecurityInterceptor' via factory method to bean named 'org.springframework.boot.web.servlet.context.AnnotationConfigServletWebServerApplicationContext@7bb6ab3a'
2025-03-17 17:55:38 [main] DEBUG o.s.b.f.s.DefaultListableBeanFactory - Creating shared instance of singleton bean 'securityFilterChainRegistration'
2025-03-17 17:55:38 [main] DEBUG o.s.b.f.s.DefaultListableBeanFactory - Creating shared instance of singleton bean 'org.springframework.boot.autoconfigure.security.servlet.SecurityFilterAutoConfiguration'
2025-03-17 17:55:38 [main] DEBUG o.s.b.f.s.DefaultListableBeanFactory - Creating shared instance of singleton bean 'spring.security-org.springframework.boot.autoconfigure.security.SecurityProperties'
2025-03-17 17:55:38 [main] DEBUG o.s.b.f.s.DefaultListableBeanFactory - Autowiring by type from bean name 'securityFilterChainRegistration' via factory method to bean named 'spring.security-org.springframework.boot.autoconfigure.security.SecurityProperties'
2025-03-17 17:55:38 [main] DEBUG o.s.b.f.s.DefaultListableBeanFactory - Creating shared instance of singleton bean 'requestContextFilter'
2025-03-17 17:55:38 [main] DEBUG o.s.b.f.s.DefaultListableBeanFactory - Creating shared instance of singleton bean 'formContentFilter'
2025-03-17 17:55:38 [main] DEBUG o.s.b.f.s.DefaultListableBeanFactory - Creating shared instance of singleton bean 'org.springframework.boot.autoconfigure.web.servlet.WebMvcAutoConfiguration'
2025-03-17 17:55:38 [main] DEBUG o.s.b.f.s.DefaultListableBeanFactory - Creating shared instance of singleton bean 'characterEncodingFilter'
2025-03-17 17:55:38 [main] DEBUG o.s.b.w.s.ServletContextInitializerBeans - Mapping filters: springSecurityFilterChain urls=[/*] order=-100, filterRegistrationBean urls=[/*] order=2147483647, characterEncodingFilter urls=[/*] order=-2147483648, formContentFilter urls=[/*] order=-9900, requestContextFilter urls=[/*] order=-105
2025-03-17 17:55:38 [main] DEBUG o.s.b.w.s.ServletContextInitializerBeans - Mapping servlets: dispatcherServlet urls=[/]
2025-03-17 17:55:38 [main] DEBUG o.s.b.w.s.f.OrderedRequestContextFilter - Filter 'requestContextFilter' configured for use
2025-03-17 17:55:38 [main] DEBUG o.s.b.w.s.f.OrderedCharacterEncodingFilter - Filter 'characterEncodingFilter' configured for use
2025-03-17 17:55:38 [main] DEBUG o.s.b.w.s.DelegatingFilterProxyRegistrationBean$1 - Filter 'springSecurityFilterChain' configured for use
2025-03-17 17:55:38 [main] DEBUG o.s.b.w.s.f.OrderedFormContentFilter - Filter 'formContentFilter' configured for use
2025-03-17 17:55:38 [main] DEBUG o.s.b.f.s.DefaultListableBeanFactory - Creating shared instance of singleton bean 'mockIeltsUsersApplication'
2025-03-17 17:55:38 [main] DEBUG o.s.b.f.s.DefaultListableBeanFactory - Creating shared instance of singleton bean 'bootstrapApplicationListener.BootstrapMarkerConfiguration'
2025-03-17 17:55:38 [main] DEBUG o.s.b.f.s.DefaultListableBeanFactory - Creating shared instance of singleton bean 'corsConfig'
2025-03-17 17:55:38 [main] DEBUG o.s.b.f.s.DefaultListableBeanFactory - Creating shared instance of singleton bean 'webSecurityConfig'
2025-03-17 17:55:38 [main] DEBUG o.s.b.f.s.DefaultListableBeanFactory - Creating shared instance of singleton bean 'objectPostProcessor'
2025-03-17 17:55:38 [main] DEBUG o.s.b.f.s.DefaultListableBeanFactory - Creating shared instance of singleton bean 'org.springframework.security.config.annotation.configuration.ObjectPostProcessorConfiguration'
2025-03-17 17:55:38 [main] DEBUG o.s.b.f.s.DefaultListableBeanFactory - Autowiring by type from bean name 'objectPostProcessor' via factory method to bean named 'org.springframework.beans.factory.support.DefaultListableBeanFactory@40e10ff8'
2025-03-17 17:55:38 [main] DEBUG o.s.b.f.s.DefaultListableBeanFactory - Creating shared instance of singleton bean 'mvcContentNegotiationManager'
2025-03-17 17:55:38 [main] DEBUG o.s.b.f.s.DefaultListableBeanFactory - Creating shared instance of singleton bean 'org.springframework.boot.autoconfigure.web.servlet.WebMvcAutoConfiguration$EnableWebMvcConfiguration'
2025-03-17 17:55:38 [main] DEBUG o.s.b.f.s.DefaultListableBeanFactory - Creating shared instance of singleton bean 'spring.web-org.springframework.boot.autoconfigure.web.WebProperties'
2025-03-17 17:55:38 [main] DEBUG o.s.b.f.s.DefaultListableBeanFactory - Autowiring by type from bean name 'org.springframework.boot.autoconfigure.web.servlet.WebMvcAutoConfiguration$EnableWebMvcConfiguration' via constructor to bean named 'spring.mvc-org.springframework.boot.autoconfigure.web.servlet.WebMvcProperties'
2025-03-17 17:55:38 [main] DEBUG o.s.b.f.s.DefaultListableBeanFactory - Autowiring by type from bean name 'org.springframework.boot.autoconfigure.web.servlet.WebMvcAutoConfiguration$EnableWebMvcConfiguration' via constructor to bean named 'spring.web-org.springframework.boot.autoconfigure.web.WebProperties'
2025-03-17 17:55:38 [main] DEBUG o.s.b.f.s.DefaultListableBeanFactory - Autowiring by type from bean name 'org.springframework.boot.autoconfigure.web.servlet.WebMvcAutoConfiguration$EnableWebMvcConfiguration' via constructor to bean named 'org.springframework.beans.factory.support.DefaultListableBeanFactory@40e10ff8'
2025-03-17 17:55:38 [main] DEBUG o.s.b.f.s.DefaultListableBeanFactory - Creating shared instance of singleton bean 'corsConfigurer'
2025-03-17 17:55:38 [main] DEBUG o.s.b.f.s.DefaultListableBeanFactory - Creating shared instance of singleton bean 'org.springframework.boot.autoconfigure.web.servlet.WebMvcAutoConfiguration$WebMvcAutoConfigurationAdapter'
2025-03-17 17:55:38 [main] DEBUG o.s.b.f.s.DefaultListableBeanFactory - Autowiring by type from bean name 'org.springframework.boot.autoconfigure.web.servlet.WebMvcAutoConfiguration$WebMvcAutoConfigurationAdapter' via constructor to bean named 'spring.web-org.springframework.boot.autoconfigure.web.WebProperties'
2025-03-17 17:55:38 [main] DEBUG o.s.b.f.s.DefaultListableBeanFactory - Autowiring by type from bean name 'org.springframework.boot.autoconfigure.web.servlet.WebMvcAutoConfiguration$WebMvcAutoConfigurationAdapter' via constructor to bean named 'spring.mvc-org.springframework.boot.autoconfigure.web.servlet.WebMvcProperties'
2025-03-17 17:55:38 [main] DEBUG o.s.b.f.s.DefaultListableBeanFactory - Autowiring by type from bean name 'org.springframework.boot.autoconfigure.web.servlet.WebMvcAutoConfiguration$WebMvcAutoConfigurationAdapter' via constructor to bean named 'org.springframework.beans.factory.support.DefaultListableBeanFactory@40e10ff8'
2025-03-17 17:55:38 [main] DEBUG o.s.b.f.s.DefaultListableBeanFactory - Creating shared instance of singleton bean 'com.alibaba.cloud.sentinel.SentinelWebAutoConfiguration'
2025-03-17 17:55:38 [main] DEBUG o.s.b.f.s.DefaultListableBeanFactory - Creating shared instance of singleton bean 'sentinelWebMvcConfigurer'
2025-03-17 17:55:38 [main] DEBUG o.s.b.f.s.DefaultListableBeanFactory - Creating shared instance of singleton bean 'sentinelWebInterceptor'
2025-03-17 17:55:38 [main] DEBUG o.s.b.f.s.DefaultListableBeanFactory - Creating shared instance of singleton bean 'sentinelWebMvcConfig'
2025-03-17 17:55:38 [main] DEBUG o.s.b.f.s.DefaultListableBeanFactory - Autowiring by type from bean name 'sentinelWebInterceptor' via factory method to bean named 'sentinelWebMvcConfig'
2025-03-17 17:55:38 [main] DEBUG o.s.b.f.s.DefaultListableBeanFactory - Creating shared instance of singleton bean 'org.springframework.security.config.annotation.web.configuration.WebMvcSecurityConfiguration'
2025-03-17 17:55:38 [main] DEBUG o.s.b.f.s.DefaultListableBeanFactory - Creating shared instance of singleton bean 'org.springframework.security.config.annotation.authentication.configuration.AuthenticationConfiguration'
2025-03-17 17:55:38 [main] DEBUG o.s.b.f.s.DefaultListableBeanFactory - Creating shared instance of singleton bean 'enableGlobalAuthenticationAutowiredConfigurer'
2025-03-17 17:55:38 [main] DEBUG o.s.b.f.s.DefaultListableBeanFactory - Autowiring by type from bean name 'enableGlobalAuthenticationAutowiredConfigurer' via factory method to bean named 'org.springframework.boot.web.servlet.context.AnnotationConfigServletWebServerApplicationContext@7bb6ab3a'
2025-03-17 17:55:38 [main] DEBUG o.s.b.f.s.DefaultListableBeanFactory - Creating shared instance of singleton bean 'initializeUserDetailsBeanManagerConfigurer'
2025-03-17 17:55:38 [main] DEBUG o.s.b.f.s.DefaultListableBeanFactory - Autowiring by type from bean name 'initializeUserDetailsBeanManagerConfigurer' via factory method to bean named 'org.springframework.boot.web.servlet.context.AnnotationConfigServletWebServerApplicationContext@7bb6ab3a'
2025-03-17 17:55:38 [main] DEBUG o.s.b.f.s.DefaultListableBeanFactory - Creating shared instance of singleton bean 'initializeAuthenticationProviderBeanManagerConfigurer'
2025-03-17 17:55:38 [main] DEBUG o.s.b.f.s.DefaultListableBeanFactory - Autowiring by type from bean name 'initializeAuthenticationProviderBeanManagerConfigurer' via factory method to bean named 'org.springframework.boot.web.servlet.context.AnnotationConfigServletWebServerApplicationContext@7bb6ab3a'
2025-03-17 17:55:38 [main] DEBUG o.s.b.f.s.DefaultListableBeanFactory - Creating shared instance of singleton bean 'userController'
2025-03-17 17:55:38 [main] DEBUG o.s.b.f.s.DefaultListableBeanFactory - Creating shared instance of singleton bean 'userService'
2025-03-17 17:55:38 [main] DEBUG o.s.b.f.s.DefaultListableBeanFactory - Creating shared instance of singleton bean 'userMapper'
2025-03-17 17:55:38 [main] DEBUG o.s.b.f.s.DefaultListableBeanFactory - Creating shared instance of singleton bean 'sqlSessionFactory'
2025-03-17 17:55:38 [main] DEBUG o.s.b.f.s.DefaultListableBeanFactory - Creating shared instance of singleton bean 'org.mybatis.spring.boot.autoconfigure.MybatisAutoConfiguration'
2025-03-17 17:55:38 [main] DEBUG o.s.c.LocalVariableTableParameterNameDiscoverer - Cannot find '.class' file for class [class org.mybatis.spring.boot.autoconfigure.MybatisAutoConfiguration$$EnhancerBySpringCGLIB$$3adff91e] - unable to determine constructor/method parameter names
2025-03-17 17:55:38 [main] DEBUG o.s.b.f.s.DefaultListableBeanFactory - Creating shared instance of singleton bean 'mybatis-org.mybatis.spring.boot.autoconfigure.MybatisProperties'
2025-03-17 17:55:38 [main] DEBUG o.s.b.f.s.DefaultListableBeanFactory - Autowiring by type from bean name 'org.mybatis.spring.boot.autoconfigure.MybatisAutoConfiguration' via constructor to bean named 'mybatis-org.mybatis.spring.boot.autoconfigure.MybatisProperties'
2025-03-17 17:55:38 [main] DEBUG o.s.b.f.s.DefaultListableBeanFactory - Autowiring by type from bean name 'org.mybatis.spring.boot.autoconfigure.MybatisAutoConfiguration' via constructor to bean named 'org.springframework.boot.web.servlet.context.AnnotationConfigServletWebServerApplicationContext@7bb6ab3a'
2025-03-17 17:55:38 [main] DEBUG o.s.b.f.s.DefaultListableBeanFactory - Creating shared instance of singleton bean 'dataSource'
2025-03-17 17:55:38 [main] DEBUG o.s.b.f.s.DefaultListableBeanFactory - Creating shared instance of singleton bean 'com.alibaba.druid.spring.boot.autoconfigure.DruidDataSourceAutoConfigure'
2025-03-17 17:55:38 [main] INFO  c.a.d.s.b.a.DruidDataSourceAutoConfigure - Init DruidDataSource
2025-03-17 17:55:38 [main] DEBUG o.s.b.f.s.DefaultListableBeanFactory - Creating shared instance of singleton bean 'spring.datasource-org.springframework.boot.autoconfigure.jdbc.DataSourceProperties'
2025-03-17 17:55:38 [main] INFO  c.alibaba.druid.pool.DruidDataSource - {dataSource-1} inited
2025-03-17 17:55:38 [main] DEBUG o.s.b.f.s.DefaultListableBeanFactory - Autowiring by type from bean name 'sqlSessionFactory' via factory method to bean named 'dataSource'
2025-03-17 17:55:38 [main] DEBUG o.m.spring.SqlSessionFactoryBean - Property 'mapperLocations' was not specified.
2025-03-17 17:55:38 [main] DEBUG o.s.b.f.s.DefaultListableBeanFactory - Creating shared instance of singleton bean 'sqlSessionTemplate'
2025-03-17 17:55:38 [main] DEBUG o.s.b.f.s.DefaultListableBeanFactory - Autowiring by type from bean name 'sqlSessionTemplate' via factory method to bean named 'sqlSessionFactory'
2025-03-17 17:55:38 [main] DEBUG o.s.b.f.s.DefaultListableBeanFactory - Creating shared instance of singleton bean 'roleMapper'
2025-03-17 17:55:38 [main] DEBUG o.s.b.f.s.DefaultListableBeanFactory - Creating shared instance of singleton bean 'bCryptPasswordEncoder'
2025-03-17 17:55:38 [main] DEBUG o.s.b.f.s.DefaultListableBeanFactory - Creating shared instance of singleton bean 'org.springframework.boot.autoconfigure.context.PropertyPlaceholderAutoConfiguration'
2025-03-17 17:55:38 [main] DEBUG o.s.b.f.s.DefaultListableBeanFactory - Creating shared instance of singleton bean 'org.springframework.boot.autoconfigure.websocket.servlet.WebSocketServletAutoConfiguration'
2025-03-17 17:55:38 [main] DEBUG o.s.b.f.s.DefaultListableBeanFactory - Creating shared instance of singleton bean 'org.springframework.boot.context.properties.EnableConfigurationPropertiesRegistrar.methodValidationExcludeFilter'
2025-03-17 17:55:38 [main] DEBUG o.s.b.f.s.DefaultListableBeanFactory - Creating shared instance of singleton bean 'org.springframework.boot.autoconfigure.web.servlet.DispatcherServletAutoConfiguration'
2025-03-17 17:55:38 [main] DEBUG o.s.b.f.s.DefaultListableBeanFactory - Creating shared instance of singleton bean 'org.springframework.boot.autoconfigure.task.TaskExecutionAutoConfiguration'
2025-03-17 17:55:38 [main] DEBUG o.s.b.f.s.DefaultListableBeanFactory - Creating shared instance of singleton bean 'taskExecutorBuilder'
2025-03-17 17:55:38 [main] DEBUG o.s.b.f.s.DefaultListableBeanFactory - Creating shared instance of singleton bean 'spring.task.execution-org.springframework.boot.autoconfigure.task.TaskExecutionProperties'
2025-03-17 17:55:38 [main] DEBUG o.s.b.f.s.DefaultListableBeanFactory - Autowiring by type from bean name 'taskExecutorBuilder' via factory method to bean named 'spring.task.execution-org.springframework.boot.autoconfigure.task.TaskExecutionProperties'
2025-03-17 17:55:38 [main] DEBUG o.s.b.f.s.DefaultListableBeanFactory - Creating shared instance of singleton bean 'org.springframework.boot.autoconfigure.web.servlet.error.ErrorMvcAutoConfiguration$WhitelabelErrorViewConfiguration'
2025-03-17 17:55:38 [main] DEBUG o.s.b.f.s.DefaultListableBeanFactory - Creating shared instance of singleton bean 'error'
2025-03-17 17:55:38 [main] DEBUG o.s.b.f.s.DefaultListableBeanFactory - Creating shared instance of singleton bean 'beanNameViewResolver'
2025-03-17 17:55:38 [main] DEBUG o.s.b.f.s.DefaultListableBeanFactory - Creating shared instance of singleton bean 'org.springframework.boot.autoconfigure.web.servlet.error.ErrorMvcAutoConfiguration$DefaultErrorViewResolverConfiguration'
2025-03-17 17:55:38 [main] DEBUG o.s.b.f.s.DefaultListableBeanFactory - Autowiring by type from bean name 'org.springframework.boot.autoconfigure.web.servlet.error.ErrorMvcAutoConfiguration$DefaultErrorViewResolverConfiguration' via constructor to bean named 'org.springframework.boot.web.servlet.context.AnnotationConfigServletWebServerApplicationContext@7bb6ab3a'
2025-03-17 17:55:38 [main] DEBUG o.s.b.f.s.DefaultListableBeanFactory - Autowiring by type from bean name 'org.springframework.boot.autoconfigure.web.servlet.error.ErrorMvcAutoConfiguration$DefaultErrorViewResolverConfiguration' via constructor to bean named 'spring.web-org.springframework.boot.autoconfigure.web.WebProperties'
2025-03-17 17:55:38 [main] DEBUG o.s.b.f.s.DefaultListableBeanFactory - Creating shared instance of singleton bean 'conventionErrorViewResolver'
2025-03-17 17:55:38 [main] DEBUG o.s.b.f.s.DefaultListableBeanFactory - Creating shared instance of singleton bean 'errorAttributes'
2025-03-17 17:55:38 [main] DEBUG o.s.b.f.s.DefaultListableBeanFactory - Creating shared instance of singleton bean 'basicErrorController'
2025-03-17 17:55:38 [main] DEBUG o.s.b.f.s.DefaultListableBeanFactory - Autowiring by type from bean name 'basicErrorController' via factory method to bean named 'errorAttributes'
2025-03-17 17:55:38 [main] DEBUG o.s.b.f.s.DefaultListableBeanFactory - Creating shared instance of singleton bean 'requestMappingHandlerAdapter'
2025-03-17 17:55:38 [main] DEBUG o.s.b.f.s.DefaultListableBeanFactory - Creating shared instance of singleton bean 'mvcConversionService'
2025-03-17 17:55:38 [main] DEBUG o.s.b.f.s.DefaultListableBeanFactory - Creating shared instance of singleton bean 'mvcValidator'
2025-03-17 17:55:38 [main] DEBUG o.s.b.f.s.DefaultListableBeanFactory - Autowiring by type from bean name 'requestMappingHandlerAdapter' via factory method to bean named 'mvcContentNegotiationManager'
2025-03-17 17:55:38 [main] DEBUG o.s.b.f.s.DefaultListableBeanFactory - Autowiring by type from bean name 'requestMappingHandlerAdapter' via factory method to bean named 'mvcConversionService'
2025-03-17 17:55:38 [main] DEBUG o.s.b.f.s.DefaultListableBeanFactory - Autowiring by type from bean name 'requestMappingHandlerAdapter' via factory method to bean named 'mvcValidator'
2025-03-17 17:55:38 [main] DEBUG o.s.b.f.s.DefaultListableBeanFactory - Autowiring by type from bean name 'requestMappingHandlerAdapter' via factory method to bean named 'mvcContentNegotiationManager'
2025-03-17 17:55:38 [main] DEBUG o.s.b.f.s.DefaultListableBeanFactory - Autowiring by type from bean name 'requestMappingHandlerAdapter' via factory method to bean named 'mvcConversionService'
2025-03-17 17:55:38 [main] DEBUG o.s.b.f.s.DefaultListableBeanFactory - Autowiring by type from bean name 'requestMappingHandlerAdapter' via factory method to bean named 'mvcValidator'
2025-03-17 17:55:38 [main] DEBUG o.s.b.f.s.DefaultListableBeanFactory - Creating shared instance of singleton bean 'messageConverters'
2025-03-17 17:55:38 [main] DEBUG o.s.b.f.s.DefaultListableBeanFactory - Creating shared instance of singleton bean 'org.springframework.boot.autoconfigure.http.HttpMessageConvertersAutoConfiguration'
2025-03-17 17:55:38 [main] DEBUG o.s.b.f.s.DefaultListableBeanFactory - Creating shared instance of singleton bean 'stringHttpMessageConverter'
2025-03-17 17:55:38 [main] DEBUG o.s.b.f.s.DefaultListableBeanFactory - Creating shared instance of singleton bean 'org.springframework.boot.autoconfigure.http.HttpMessageConvertersAutoConfiguration$StringHttpMessageConverterConfiguration'
2025-03-17 17:55:38 [main] DEBUG o.s.b.f.s.DefaultListableBeanFactory - Autowiring by type from bean name 'stringHttpMessageConverter' via factory method to bean named 'environment'
2025-03-17 17:55:38 [main] DEBUG o.s.b.f.s.DefaultListableBeanFactory - Creating shared instance of singleton bean 'mappingJackson2HttpMessageConverter'
2025-03-17 17:55:38 [main] DEBUG o.s.b.f.s.DefaultListableBeanFactory - Creating shared instance of singleton bean 'org.springframework.boot.autoconfigure.http.JacksonHttpMessageConvertersConfiguration$MappingJackson2HttpMessageConverterConfiguration'
2025-03-17 17:55:38 [main] DEBUG o.s.b.f.s.DefaultListableBeanFactory - Creating shared instance of singleton bean 'jacksonObjectMapper'
2025-03-17 17:55:38 [main] DEBUG o.s.b.f.s.DefaultListableBeanFactory - Creating shared instance of singleton bean 'org.springframework.boot.autoconfigure.jackson.JacksonAutoConfiguration$JacksonObjectMapperConfiguration'
2025-03-17 17:55:38 [main] DEBUG o.s.b.f.s.DefaultListableBeanFactory - Creating shared instance of singleton bean 'org.springframework.boot.autoconfigure.jackson.JacksonAutoConfiguration$JacksonObjectMapperBuilderConfiguration'
2025-03-17 17:55:38 [main] DEBUG o.s.b.f.s.DefaultListableBeanFactory - Creating shared instance of singleton bean 'standardJacksonObjectMapperBuilderCustomizer'
2025-03-17 17:55:38 [main] DEBUG o.s.b.f.s.DefaultListableBeanFactory - Creating shared instance of singleton bean 'org.springframework.boot.autoconfigure.jackson.JacksonAutoConfiguration$Jackson2ObjectMapperBuilderCustomizerConfiguration'
2025-03-17 17:55:38 [main] DEBUG o.s.b.f.s.DefaultListableBeanFactory - Creating shared instance of singleton bean 'spring.jackson-org.springframework.boot.autoconfigure.jackson.JacksonProperties'
2025-03-17 17:55:38 [main] DEBUG o.s.b.f.s.DefaultListableBeanFactory - Autowiring by type from bean name 'standardJacksonObjectMapperBuilderCustomizer' via factory method to bean named 'org.springframework.boot.web.servlet.context.AnnotationConfigServletWebServerApplicationContext@7bb6ab3a'
2025-03-17 17:55:38 [main] DEBUG o.s.b.f.s.DefaultListableBeanFactory - Autowiring by type from bean name 'standardJacksonObjectMapperBuilderCustomizer' via factory method to bean named 'spring.jackson-org.springframework.boot.autoconfigure.jackson.JacksonProperties'
2025-03-17 17:55:38 [main] DEBUG o.s.b.f.s.DefaultListableBeanFactory - Autowiring by type from bean name 'jacksonObjectMapperBuilder' via factory method to bean named 'org.springframework.boot.web.servlet.context.AnnotationConfigServletWebServerApplicationContext@7bb6ab3a'
2025-03-17 17:55:38 [main] DEBUG o.s.b.f.s.DefaultListableBeanFactory - Autowiring by type from bean name 'jacksonObjectMapperBuilder' via factory method to bean named 'standardJacksonObjectMapperBuilderCustomizer'
2025-03-17 17:55:38 [main] DEBUG o.s.b.f.s.DefaultListableBeanFactory - Creating shared instance of singleton bean 'parameterNamesModule'
2025-03-17 17:55:38 [main] DEBUG o.s.b.f.s.DefaultListableBeanFactory - Creating shared instance of singleton bean 'org.springframework.boot.autoconfigure.jackson.JacksonAutoConfiguration$ParameterNamesModuleConfiguration'
2025-03-17 17:55:38 [main] DEBUG o.s.b.f.s.DefaultListableBeanFactory - Creating shared instance of singleton bean 'jsonComponentModule'
2025-03-17 17:55:38 [main] DEBUG o.s.b.f.s.DefaultListableBeanFactory - Creating shared instance of singleton bean 'org.springframework.boot.autoconfigure.jackson.JacksonAutoConfiguration'
2025-03-17 17:55:38 [main] DEBUG o.s.b.f.s.DefaultListableBeanFactory - Autowiring by type from bean name 'jacksonObjectMapper' via factory method to bean named 'jacksonObjectMapperBuilder'
2025-03-17 17:55:38 [main] DEBUG o.s.b.f.s.DefaultListableBeanFactory - Autowiring by type from bean name 'mappingJackson2HttpMessageConverter' via factory method to bean named 'jacksonObjectMapper'
2025-03-17 17:55:38 [main] DEBUG o.s.b.f.s.DefaultListableBeanFactory - Creating shared instance of singleton bean 'applicationTaskExecutor'
2025-03-17 17:55:38 [main] DEBUG o.s.b.f.s.DefaultListableBeanFactory - Autowiring by type from bean name 'applicationTaskExecutor' via factory method to bean named 'taskExecutorBuilder'
2025-03-17 17:55:38 [main] DEBUG o.s.s.c.ThreadPoolTaskExecutor - Initializing ExecutorService 'applicationTaskExecutor'
2025-03-17 17:55:38 [main] DEBUG o.s.w.s.m.m.a.RequestMappingHandlerAdapter - ControllerAdvice beans: 0 @ModelAttribute, 0 @InitBinder, 1 RequestBodyAdvice, 1 ResponseBodyAdvice
2025-03-17 17:55:38 [main] DEBUG o.s.b.f.s.DefaultListableBeanFactory - Creating shared instance of singleton bean 'requestMappingHandlerMapping'
2025-03-17 17:55:38 [main] DEBUG o.s.b.f.s.DefaultListableBeanFactory - Creating shared instance of singleton bean 'mvcResourceUrlProvider'
2025-03-17 17:55:38 [main] DEBUG o.s.b.f.s.DefaultListableBeanFactory - Autowiring by type from bean name 'requestMappingHandlerMapping' via factory method to bean named 'mvcContentNegotiationManager'
2025-03-17 17:55:38 [main] DEBUG o.s.b.f.s.DefaultListableBeanFactory - Autowiring by type from bean name 'requestMappingHandlerMapping' via factory method to bean named 'mvcConversionService'
2025-03-17 17:55:38 [main] DEBUG o.s.b.f.s.DefaultListableBeanFactory - Autowiring by type from bean name 'requestMappingHandlerMapping' via factory method to bean named 'mvcResourceUrlProvider'
2025-03-17 17:55:38 [main] DEBUG o.s.b.f.s.DefaultListableBeanFactory - Autowiring by type from bean name 'requestMappingHandlerMapping' via factory method to bean named 'mvcContentNegotiationManager'
2025-03-17 17:55:38 [main] DEBUG o.s.b.f.s.DefaultListableBeanFactory - Autowiring by type from bean name 'requestMappingHandlerMapping' via factory method to bean named 'mvcConversionService'
2025-03-17 17:55:38 [main] DEBUG o.s.b.f.s.DefaultListableBeanFactory - Autowiring by type from bean name 'requestMappingHandlerMapping' via factory method to bean named 'mvcResourceUrlProvider'
2025-03-17 17:55:38 [main] INFO  c.a.c.s.SentinelWebMvcConfigurer - [Sentinel Starter] register SentinelWebInterceptor with urlPatterns: [/**].
2025-03-17 17:55:38 [main] DEBUG _.s.w.s.HandlerMapping.Mappings - 
	c.a.c.UserController:
	{POST [/users/login]}: loginUser(User)
	{POST [/users/reset-password/{userId}]}: resetPassword(Long)
	{POST [/users/register]}: registerUser(User)
	{DELETE [/users/delete/{userId}]}: deleteUser(Long)
2025-03-17 17:55:38 [main] DEBUG _.s.w.s.HandlerMapping.Mappings - 
	o.s.b.a.w.s.e.BasicErrorController:
	{ [/error]}: error(HttpServletRequest)
	{ [/error], produces [text/html]}: errorHtml(HttpServletRequest,HttpServletResponse)
2025-03-17 17:55:38 [main] DEBUG o.s.w.s.m.m.a.RequestMappingHandlerMapping - 6 mappings in 'requestMappingHandlerMapping'
2025-03-17 17:55:38 [main] DEBUG o.s.b.f.s.DefaultListableBeanFactory - Creating shared instance of singleton bean 'welcomePageHandlerMapping'
2025-03-17 17:55:38 [main] DEBUG o.s.b.f.s.DefaultListableBeanFactory - Autowiring by type from bean name 'welcomePageHandlerMapping' via factory method to bean named 'org.springframework.boot.web.servlet.context.AnnotationConfigServletWebServerApplicationContext@7bb6ab3a'
2025-03-17 17:55:38 [main] DEBUG o.s.b.f.s.DefaultListableBeanFactory - Autowiring by type from bean name 'welcomePageHandlerMapping' via factory method to bean named 'mvcConversionService'
2025-03-17 17:55:38 [main] DEBUG o.s.b.f.s.DefaultListableBeanFactory - Autowiring by type from bean name 'welcomePageHandlerMapping' via factory method to bean named 'mvcResourceUrlProvider'
2025-03-17 17:55:38 [main] DEBUG o.s.b.f.s.DefaultListableBeanFactory - Creating shared instance of singleton bean 'localeResolver'
2025-03-17 17:55:38 [main] DEBUG o.s.b.f.s.DefaultListableBeanFactory - Creating shared instance of singleton bean 'themeResolver'
2025-03-17 17:55:38 [main] DEBUG o.s.b.f.s.DefaultListableBeanFactory - Creating shared instance of singleton bean 'flashMapManager'
2025-03-17 17:55:38 [main] DEBUG o.s.b.f.s.DefaultListableBeanFactory - Creating shared instance of singleton bean 'mvcPatternParser'
2025-03-17 17:55:38 [main] DEBUG o.s.b.f.s.DefaultListableBeanFactory - Creating shared instance of singleton bean 'mvcUrlPathHelper'
2025-03-17 17:55:38 [main] DEBUG o.s.b.f.s.DefaultListableBeanFactory - Creating shared instance of singleton bean 'mvcPathMatcher'
2025-03-17 17:55:38 [main] DEBUG o.s.b.f.s.DefaultListableBeanFactory - Creating shared instance of singleton bean 'viewControllerHandlerMapping'
2025-03-17 17:55:38 [main] DEBUG o.s.b.f.s.DefaultListableBeanFactory - Autowiring by type from bean name 'viewControllerHandlerMapping' via factory method to bean named 'mvcConversionService'
2025-03-17 17:55:38 [main] DEBUG o.s.b.f.s.DefaultListableBeanFactory - Autowiring by type from bean name 'viewControllerHandlerMapping' via factory method to bean named 'mvcResourceUrlProvider'
2025-03-17 17:55:38 [main] DEBUG o.s.b.f.s.DefaultListableBeanFactory - Creating shared instance of singleton bean 'beanNameHandlerMapping'
2025-03-17 17:55:38 [main] DEBUG o.s.b.f.s.DefaultListableBeanFactory - Autowiring by type from bean name 'beanNameHandlerMapping' via factory method to bean named 'mvcConversionService'
2025-03-17 17:55:38 [main] DEBUG o.s.b.f.s.DefaultListableBeanFactory - Autowiring by type from bean name 'beanNameHandlerMapping' via factory method to bean named 'mvcResourceUrlProvider'
2025-03-17 17:55:38 [main] DEBUG _.s.w.s.HandlerMapping.Mappings - 'beanNameHandlerMapping' {}
2025-03-17 17:55:38 [main] DEBUG o.s.b.f.s.DefaultListableBeanFactory - Creating shared instance of singleton bean 'routerFunctionMapping'
2025-03-17 17:55:38 [main] DEBUG o.s.b.f.s.DefaultListableBeanFactory - Autowiring by type from bean name 'routerFunctionMapping' via factory method to bean named 'mvcConversionService'
2025-03-17 17:55:38 [main] DEBUG o.s.b.f.s.DefaultListableBeanFactory - Autowiring by type from bean name 'routerFunctionMapping' via factory method to bean named 'mvcResourceUrlProvider'
2025-03-17 17:55:38 [main] DEBUG o.s.b.f.s.DefaultListableBeanFactory - Creating shared instance of singleton bean 'resourceHandlerMapping'
2025-03-17 17:55:38 [main] DEBUG o.s.b.f.s.DefaultListableBeanFactory - Autowiring by type from bean name 'resourceHandlerMapping' via factory method to bean named 'mvcContentNegotiationManager'
2025-03-17 17:55:38 [main] DEBUG o.s.b.f.s.DefaultListableBeanFactory - Autowiring by type from bean name 'resourceHandlerMapping' via factory method to bean named 'mvcConversionService'
2025-03-17 17:55:38 [main] DEBUG o.s.b.f.s.DefaultListableBeanFactory - Autowiring by type from bean name 'resourceHandlerMapping' via factory method to bean named 'mvcResourceUrlProvider'
2025-03-17 17:55:38 [main] DEBUG _.s.w.s.HandlerMapping.Mappings - 'resourceHandlerMapping' {/webjars/**=ResourceHttpRequestHandler [classpath [META-INF/resources/webjars/]], /**=ResourceHttpRequestHandler [classpath [META-INF/resources/], classpath [resources/], classpath [static/], classpath [public/], ServletContext [/]]}
2025-03-17 17:55:38 [main] DEBUG o.s.b.f.s.DefaultListableBeanFactory - Creating shared instance of singleton bean 'defaultServletHandlerMapping'
2025-03-17 17:55:38 [main] DEBUG o.s.b.f.s.DefaultListableBeanFactory - Creating shared instance of singleton bean 'handlerFunctionAdapter'
2025-03-17 17:55:38 [main] DEBUG o.s.b.f.s.DefaultListableBeanFactory - Creating shared instance of singleton bean 'mvcUriComponentsContributor'
2025-03-17 17:55:38 [main] DEBUG o.s.b.f.s.DefaultListableBeanFactory - Autowiring by type from bean name 'mvcUriComponentsContributor' via factory method to bean named 'mvcConversionService'
2025-03-17 17:55:38 [main] DEBUG o.s.b.f.s.DefaultListableBeanFactory - Autowiring by type from bean name 'mvcUriComponentsContributor' via factory method to bean named 'requestMappingHandlerAdapter'
2025-03-17 17:55:38 [main] DEBUG o.s.b.f.s.DefaultListableBeanFactory - Creating shared instance of singleton bean 'httpRequestHandlerAdapter'
2025-03-17 17:55:38 [main] DEBUG o.s.b.f.s.DefaultListableBeanFactory - Creating shared instance of singleton bean 'simpleControllerHandlerAdapter'
2025-03-17 17:55:38 [main] DEBUG o.s.b.f.s.DefaultListableBeanFactory - Creating shared instance of singleton bean 'handlerExceptionResolver'
2025-03-17 17:55:38 [main] DEBUG o.s.b.f.s.DefaultListableBeanFactory - Autowiring by type from bean name 'handlerExceptionResolver' via factory method to bean named 'mvcContentNegotiationManager'
2025-03-17 17:55:38 [main] DEBUG o.s.w.s.m.m.a.ExceptionHandlerExceptionResolver - ControllerAdvice beans: 0 @ExceptionHandler, 1 ResponseBodyAdvice
2025-03-17 17:55:38 [main] DEBUG o.s.b.f.s.DefaultListableBeanFactory - Creating shared instance of singleton bean 'mvcViewResolver'
2025-03-17 17:55:38 [main] DEBUG o.s.b.f.s.DefaultListableBeanFactory - Autowiring by type from bean name 'mvcViewResolver' via factory method to bean named 'mvcContentNegotiationManager'
2025-03-17 17:55:38 [main] DEBUG o.s.b.f.s.DefaultListableBeanFactory - Creating shared instance of singleton bean 'viewNameTranslator'
2025-03-17 17:55:38 [main] DEBUG o.s.b.f.s.DefaultListableBeanFactory - Creating shared instance of singleton bean 'defaultViewResolver'
2025-03-17 17:55:38 [main] DEBUG o.s.b.f.s.DefaultListableBeanFactory - Creating shared instance of singleton bean 'viewResolver'
2025-03-17 17:55:38 [main] DEBUG o.s.b.f.s.DefaultListableBeanFactory - Autowiring by type from bean name 'viewResolver' via factory method to bean named 'org.springframework.beans.factory.support.DefaultListableBeanFactory@40e10ff8'
2025-03-17 17:55:38 [main] DEBUG o.s.b.f.s.DefaultListableBeanFactory - Creating shared instance of singleton bean 'viewResolver'
2025-03-17 17:55:38 [main] DEBUG o.s.b.f.s.DefaultListableBeanFactory - Creating shared instance of singleton bean 'com.alibaba.cloud.circuitbreaker.sentinel.ReactiveSentinelCircuitBreakerAutoConfiguration'
2025-03-17 17:55:38 [main] DEBUG o.s.b.f.s.DefaultListableBeanFactory - Creating shared instance of singleton bean 'reactiveConfigureRulesCustomizer'
2025-03-17 17:55:38 [main] DEBUG o.s.b.f.s.DefaultListableBeanFactory - Creating shared instance of singleton bean 'com.alibaba.cloud.circuitbreaker.sentinel.feign.SentinelFeignClientAutoConfiguration$ReactiveSentinelCustomizerConfiguration'
2025-03-17 17:55:38 [main] DEBUG o.s.b.f.s.DefaultListableBeanFactory - Creating shared instance of singleton bean 'feign.sentinel-com.alibaba.cloud.circuitbreaker.sentinel.feign.SentinelFeignClientProperties'
2025-03-17 17:55:38 [main] DEBUG o.s.b.f.s.DefaultListableBeanFactory - Autowiring by type from bean name 'reactiveConfigureRulesCustomizer' via factory method to bean named 'feign.sentinel-com.alibaba.cloud.circuitbreaker.sentinel.feign.SentinelFeignClientProperties'
2025-03-17 17:55:38 [main] DEBUG o.s.b.f.s.DefaultListableBeanFactory - Creating shared instance of singleton bean 'reactiveSentinelCircuitBreakerFactory'
2025-03-17 17:55:38 [main] DEBUG o.s.b.f.s.DefaultListableBeanFactory - Creating shared instance of singleton bean 'com.alibaba.cloud.circuitbreaker.sentinel.SentinelCircuitBreakerAutoConfiguration'
2025-03-17 17:55:38 [main] DEBUG o.s.b.f.s.DefaultListableBeanFactory - Creating shared instance of singleton bean 'configureRulesCustomizer'
2025-03-17 17:55:38 [main] DEBUG o.s.b.f.s.DefaultListableBeanFactory - Creating shared instance of singleton bean 'com.alibaba.cloud.circuitbreaker.sentinel.feign.SentinelFeignClientAutoConfiguration$SentinelCustomizerConfiguration'
2025-03-17 17:55:38 [main] DEBUG o.s.b.f.s.DefaultListableBeanFactory - Autowiring by type from bean name 'configureRulesCustomizer' via factory method to bean named 'feign.sentinel-com.alibaba.cloud.circuitbreaker.sentinel.feign.SentinelFeignClientProperties'
2025-03-17 17:55:38 [main] DEBUG o.s.b.f.s.DefaultListableBeanFactory - Creating shared instance of singleton bean 'sentinelCircuitBreakerFactory'
2025-03-17 17:55:38 [main] DEBUG o.s.b.f.s.DefaultListableBeanFactory - Creating shared instance of singleton bean 'com.alibaba.cloud.circuitbreaker.sentinel.feign.SentinelFeignClientAutoConfiguration$CircuitBreakerNameResolverConfiguration'
2025-03-17 17:55:38 [main] DEBUG o.s.b.f.s.DefaultListableBeanFactory - Creating shared instance of singleton bean 'feignClientCircuitNameResolver'
2025-03-17 17:55:38 [main] DEBUG o.s.b.f.s.DefaultListableBeanFactory - Creating shared instance of singleton bean 'com.alibaba.cloud.circuitbreaker.sentinel.feign.SentinelFeignClientAutoConfiguration$CircuitBreakerListenerConfiguration'
2025-03-17 17:55:38 [main] DEBUG o.s.b.f.s.DefaultListableBeanFactory - Creating shared instance of singleton bean 'circuitBreakerRuleChangeListener'
2025-03-17 17:55:38 [main] DEBUG o.s.b.f.s.DefaultListableBeanFactory - Creating shared instance of singleton bean 'com.alibaba.cloud.circuitbreaker.sentinel.feign.SentinelFeignClientAutoConfiguration'
2025-03-17 17:55:38 [main] DEBUG o.s.b.f.s.DefaultListableBeanFactory - Creating shared instance of singleton bean 'com.alibaba.cloud.nacos.NacosConfigAutoConfiguration'
2025-03-17 17:55:38 [main] DEBUG o.s.b.f.s.DefaultListableBeanFactory - Creating shared instance of singleton bean 'nacosConfigProperties'
2025-03-17 17:55:38 [main] DEBUG o.s.b.f.s.DefaultListableBeanFactory - Autowiring by type from bean name 'nacosConfigProperties' via factory method to bean named 'org.springframework.boot.web.servlet.context.AnnotationConfigServletWebServerApplicationContext@7bb6ab3a'
2025-03-17 17:55:38 [main] DEBUG o.s.b.f.s.DefaultListableBeanFactory - Creating shared instance of singleton bean 'nacosRefreshHistory'
2025-03-17 17:55:38 [main] DEBUG o.s.b.f.s.DefaultListableBeanFactory - Creating shared instance of singleton bean 'nacosConfigManager'
2025-03-17 17:55:38 [main] DEBUG o.s.b.f.s.DefaultListableBeanFactory - Autowiring by type from bean name 'nacosConfigManager' via factory method to bean named 'nacosConfigProperties'
2025-03-17 17:55:38 [main] DEBUG o.s.b.f.s.DefaultListableBeanFactory - Creating shared instance of singleton bean 'nacosContextRefresher'
2025-03-17 17:55:38 [main] DEBUG o.s.b.f.s.DefaultListableBeanFactory - Autowiring by type from bean name 'nacosContextRefresher' via factory method to bean named 'nacosConfigManager'
2025-03-17 17:55:38 [main] DEBUG o.s.b.f.s.DefaultListableBeanFactory - Autowiring by type from bean name 'nacosContextRefresher' via factory method to bean named 'nacosRefreshHistory'
2025-03-17 17:55:38 [main] DEBUG o.s.b.f.s.DefaultListableBeanFactory - Creating shared instance of singleton bean 'com.alibaba.cloud.nacos.NacosServiceAutoConfiguration'
2025-03-17 17:55:38 [main] DEBUG o.s.b.f.s.DefaultListableBeanFactory - Creating shared instance of singleton bean 'nacosServiceManager'
2025-03-17 17:55:38 [main] DEBUG o.s.b.f.s.DefaultListableBeanFactory - Creating shared instance of singleton bean 'com.alibaba.cloud.nacos.discovery.NacosDiscoveryAutoConfiguration'
2025-03-17 17:55:38 [main] DEBUG o.s.b.f.s.DefaultListableBeanFactory - Creating shared instance of singleton bean 'nacosProperties'
2025-03-17 17:55:38 [main] DEBUG o.s.c.e.PropertySourcesPropertyResolver - Found key 'spring.application.name' in PropertySource 'environmentProperties' with value of type String
2025-03-17 17:55:38 [main] DEBUG o.s.b.f.s.DefaultListableBeanFactory - Creating shared instance of singleton bean 'inetUtils'
2025-03-17 17:55:38 [main] DEBUG o.s.b.f.s.DefaultListableBeanFactory - Creating shared instance of singleton bean 'org.springframework.cloud.commons.util.UtilAutoConfiguration'
2025-03-17 17:55:38 [main] DEBUG o.s.b.f.s.DefaultListableBeanFactory - Creating shared instance of singleton bean 'inetUtilsProperties'
2025-03-17 17:55:38 [main] DEBUG o.s.b.f.s.DefaultListableBeanFactory - Autowiring by type from bean name 'inetUtils' via factory method to bean named 'inetUtilsProperties'
2025-03-17 17:55:38 [main] DEBUG o.s.b.f.s.DefaultListableBeanFactory - Creating shared instance of singleton bean 'nacosServiceDiscovery'
2025-03-17 17:55:38 [main] DEBUG o.s.b.f.s.DefaultListableBeanFactory - Autowiring by type from bean name 'nacosServiceDiscovery' via factory method to bean named 'nacosProperties'
2025-03-17 17:55:38 [main] DEBUG o.s.b.f.s.DefaultListableBeanFactory - Autowiring by type from bean name 'nacosServiceDiscovery' via factory method to bean named 'nacosServiceManager'
2025-03-17 17:55:38 [main] DEBUG o.s.b.f.s.DefaultListableBeanFactory - Creating shared instance of singleton bean 'com.alibaba.cloud.nacos.discovery.NacosDiscoveryClientConfiguration'
2025-03-17 17:55:38 [main] DEBUG o.s.b.f.s.DefaultListableBeanFactory - Creating shared instance of singleton bean 'nacosDiscoveryClient'
2025-03-17 17:55:38 [main] DEBUG o.s.b.f.s.DefaultListableBeanFactory - Autowiring by type from bean name 'nacosDiscoveryClient' via factory method to bean named 'nacosServiceDiscovery'
2025-03-17 17:55:38 [main] DEBUG o.s.b.f.s.DefaultListableBeanFactory - Creating shared instance of singleton bean 'nacosWatch'
2025-03-17 17:55:38 [main] DEBUG o.s.b.f.s.DefaultListableBeanFactory - Autowiring by type from bean name 'nacosWatch' via factory method to bean named 'nacosServiceManager'
2025-03-17 17:55:38 [main] DEBUG o.s.b.f.s.DefaultListableBeanFactory - Autowiring by type from bean name 'nacosWatch' via factory method to bean named 'nacosProperties'
2025-03-17 17:55:38 [main] DEBUG o.s.s.c.ThreadPoolTaskScheduler - Initializing ExecutorService 'Nacos-Watch-Task-Scheduler'
2025-03-17 17:55:38 [main] DEBUG o.s.b.f.s.DefaultListableBeanFactory - Creating shared instance of singleton bean 'org.springframework.cloud.client.serviceregistry.AutoServiceRegistrationConfiguration'
2025-03-17 17:55:38 [main] DEBUG o.s.b.f.s.DefaultListableBeanFactory - Creating shared instance of singleton bean 'spring.cloud.service-registry.auto-registration-org.springframework.cloud.client.serviceregistry.AutoServiceRegistrationProperties'
2025-03-17 17:55:38 [main] DEBUG o.s.b.f.s.DefaultListableBeanFactory - Creating shared instance of singleton bean 'org.springframework.cloud.client.serviceregistry.AutoServiceRegistrationAutoConfiguration'
2025-03-17 17:55:38 [main] DEBUG o.s.b.f.s.DefaultListableBeanFactory - Creating shared instance of singleton bean 'nacosAutoServiceRegistration'
2025-03-17 17:55:38 [main] DEBUG o.s.b.f.s.DefaultListableBeanFactory - Creating shared instance of singleton bean 'com.alibaba.cloud.nacos.registry.NacosServiceRegistryAutoConfiguration'
2025-03-17 17:55:38 [main] DEBUG o.s.b.f.s.DefaultListableBeanFactory - Creating shared instance of singleton bean 'nacosServiceRegistry'
2025-03-17 17:55:38 [main] DEBUG o.s.b.f.s.DefaultListableBeanFactory - Autowiring by type from bean name 'nacosServiceRegistry' via factory method to bean named 'nacosServiceManager'
2025-03-17 17:55:38 [main] DEBUG o.s.b.f.s.DefaultListableBeanFactory - Autowiring by type from bean name 'nacosServiceRegistry' via factory method to bean named 'nacosProperties'
2025-03-17 17:55:38 [main] DEBUG o.s.b.f.s.DefaultListableBeanFactory - Creating shared instance of singleton bean 'nacosRegistration'
2025-03-17 17:55:38 [main] DEBUG o.s.b.f.s.DefaultListableBeanFactory - Autowiring by type from bean name 'nacosRegistration' via factory method to bean named 'nacosProperties'
2025-03-17 17:55:38 [main] DEBUG o.s.b.f.s.DefaultListableBeanFactory - Autowiring by type from bean name 'nacosRegistration' via factory method to bean named 'org.springframework.boot.web.servlet.context.AnnotationConfigServletWebServerApplicationContext@7bb6ab3a'
2025-03-17 17:55:38 [main] DEBUG o.s.b.f.s.DefaultListableBeanFactory - Autowiring by type from bean name 'nacosAutoServiceRegistration' via factory method to bean named 'nacosServiceRegistry'
2025-03-17 17:55:38 [main] DEBUG o.s.b.f.s.DefaultListableBeanFactory - Autowiring by type from bean name 'nacosAutoServiceRegistration' via factory method to bean named 'spring.cloud.service-registry.auto-registration-org.springframework.cloud.client.serviceregistry.AutoServiceRegistrationProperties'
2025-03-17 17:55:38 [main] DEBUG o.s.b.f.s.DefaultListableBeanFactory - Autowiring by type from bean name 'nacosAutoServiceRegistration' via factory method to bean named 'nacosRegistration'
2025-03-17 17:55:38 [main] DEBUG o.s.b.f.s.DefaultListableBeanFactory - Creating shared instance of singleton bean 'com.alibaba.cloud.sentinel.custom.SentinelAutoConfiguration$SentinelConverterConfiguration$SentinelJsonConfiguration'
2025-03-17 17:55:38 [main] DEBUG o.s.b.f.s.DefaultListableBeanFactory - Creating shared instance of singleton bean 'sentinel-json-flow-converter'
2025-03-17 17:55:38 [main] DEBUG o.s.b.f.s.DefaultListableBeanFactory - Creating shared instance of singleton bean 'sentinel-json-degrade-converter'
2025-03-17 17:55:38 [main] DEBUG o.s.b.f.s.DefaultListableBeanFactory - Creating shared instance of singleton bean 'sentinel-json-system-converter'
2025-03-17 17:55:38 [main] DEBUG o.s.b.f.s.DefaultListableBeanFactory - Creating shared instance of singleton bean 'sentinel-json-authority-converter'
2025-03-17 17:55:38 [main] DEBUG o.s.b.f.s.DefaultListableBeanFactory - Creating shared instance of singleton bean 'sentinel-json-param-flow-converter'
2025-03-17 17:55:38 [main] DEBUG o.s.b.f.s.DefaultListableBeanFactory - Creating shared instance of singleton bean 'com.alibaba.cloud.sentinel.custom.SentinelAutoConfiguration$SentinelConverterConfiguration'
2025-03-17 17:55:38 [main] DEBUG o.s.b.f.s.DefaultListableBeanFactory - Creating shared instance of singleton bean 'sentinelResourceAspect'
2025-03-17 17:55:38 [main] DEBUG o.s.b.f.s.DefaultListableBeanFactory - Creating shared instance of singleton bean 'sentinelDataSourceHandler'
2025-03-17 17:55:38 [main] DEBUG o.s.b.f.s.DefaultListableBeanFactory - Autowiring by type from bean name 'sentinelDataSourceHandler' via factory method to bean named 'org.springframework.beans.factory.support.DefaultListableBeanFactory@40e10ff8'
2025-03-17 17:55:38 [main] DEBUG o.s.b.f.s.DefaultListableBeanFactory - Autowiring by type from bean name 'sentinelDataSourceHandler' via factory method to bean named 'spring.cloud.sentinel-com.alibaba.cloud.sentinel.SentinelProperties'
2025-03-17 17:55:38 [main] DEBUG o.s.b.f.s.DefaultListableBeanFactory - Autowiring by type from bean name 'sentinelDataSourceHandler' via factory method to bean named 'environment'
2025-03-17 17:55:38 [main] DEBUG o.s.b.f.s.DefaultListableBeanFactory - Creating shared instance of singleton bean 'com.alibaba.cloud.sentinel.feign.SentinelFeignAutoConfiguration'
2025-03-17 17:55:38 [main] DEBUG o.s.b.f.s.DefaultListableBeanFactory - Creating shared instance of singleton bean 'com.alibaba.druid.spring.boot.autoconfigure.stat.DruidFilterConfiguration'
2025-03-17 17:55:38 [main] DEBUG o.s.b.f.s.DefaultListableBeanFactory - Creating shared instance of singleton bean 'spring.datasource.druid-com.alibaba.druid.spring.boot.autoconfigure.properties.DruidStatProperties'
2025-03-17 17:55:38 [main] DEBUG o.s.b.f.s.DefaultListableBeanFactory - Creating shared instance of singleton bean 'org.springframework.boot.autoconfigure.jdbc.metadata.DataSourcePoolMetadataProvidersConfiguration$HikariPoolDataSourceMetadataProviderConfiguration'
2025-03-17 17:55:38 [main] DEBUG o.s.b.f.s.DefaultListableBeanFactory - Creating shared instance of singleton bean 'hikariPoolDataSourceMetadataProvider'
2025-03-17 17:55:38 [main] DEBUG o.s.b.f.s.DefaultListableBeanFactory - Creating shared instance of singleton bean 'org.springframework.boot.autoconfigure.jdbc.metadata.DataSourcePoolMetadataProvidersConfiguration'
2025-03-17 17:55:38 [main] DEBUG o.s.b.f.s.DefaultListableBeanFactory - Creating shared instance of singleton bean 'org.springframework.boot.autoconfigure.jdbc.DataSourceAutoConfiguration'
2025-03-17 17:55:38 [main] DEBUG o.s.b.f.s.DefaultListableBeanFactory - Creating shared instance of singleton bean 'org.mybatis.spring.boot.autoconfigure.MybatisLanguageDriverAutoConfiguration'
2025-03-17 17:55:38 [main] DEBUG o.s.b.f.s.DefaultListableBeanFactory - Creating shared instance of singleton bean 'org.mybatis.spring.boot.autoconfigure.MybatisAutoConfiguration$MapperScannerRegistrarNotFoundConfiguration'
2025-03-17 17:55:38 [main] DEBUG o.m.s.b.a.MybatisAutoConfiguration - Not found configuration for registering mapper bean using @MapperScan, MapperFactoryBean and MapperScannerConfigurer.
2025-03-17 17:55:38 [main] DEBUG o.s.b.f.s.DefaultListableBeanFactory - Creating shared instance of singleton bean 'org.springframework.boot.autoconfigure.jmx.JmxAutoConfiguration'
2025-03-17 17:55:38 [main] DEBUG o.s.b.f.s.DefaultListableBeanFactory - Autowiring by type from bean name 'org.springframework.boot.autoconfigure.jmx.JmxAutoConfiguration' via constructor to bean named 'environment'
2025-03-17 17:55:38 [main] DEBUG o.s.b.f.s.DefaultListableBeanFactory - Creating shared instance of singleton bean 'mbeanExporter'
2025-03-17 17:55:38 [main] DEBUG o.s.b.f.s.DefaultListableBeanFactory - Creating shared instance of singleton bean 'objectNamingStrategy'
2025-03-17 17:55:38 [main] DEBUG o.s.b.f.s.DefaultListableBeanFactory - Autowiring by type from bean name 'mbeanExporter' via factory method to bean named 'objectNamingStrategy'
2025-03-17 17:55:38 [main] DEBUG o.s.b.f.s.DefaultListableBeanFactory - Autowiring by type from bean name 'mbeanExporter' via factory method to bean named 'org.springframework.beans.factory.support.DefaultListableBeanFactory@40e10ff8'
2025-03-17 17:55:38 [main] DEBUG o.s.b.f.s.DefaultListableBeanFactory - Creating shared instance of singleton bean 'mbeanServer'
2025-03-17 17:55:38 [main] DEBUG o.s.jmx.support.JmxUtils - Found MBeanServer: com.sun.jmx.mbeanserver.JmxMBeanServer@6ff3c5b5
2025-03-17 17:55:38 [main] DEBUG o.s.b.f.s.DefaultListableBeanFactory - Creating shared instance of singleton bean 'org.springframework.boot.autoconfigure.admin.SpringApplicationAdminJmxAutoConfiguration'
2025-03-17 17:55:38 [main] DEBUG o.s.b.f.s.DefaultListableBeanFactory - Creating shared instance of singleton bean 'springApplicationAdminRegistrar'
2025-03-17 17:55:38 [main] DEBUG o.s.b.f.s.DefaultListableBeanFactory - Autowiring by type from bean name 'springApplicationAdminRegistrar' via factory method to bean named 'environment'
2025-03-17 17:55:38 [main] DEBUG o.s.b.a.SpringApplicationAdminMXBeanRegistrar$SpringApplicationAdmin - Application Admin MBean registered with name 'org.springframework.boot:type=Admin,name=SpringApplication'
2025-03-17 17:55:38 [main] DEBUG o.s.b.f.s.DefaultListableBeanFactory - Creating shared instance of singleton bean 'org.springframework.boot.autoconfigure.aop.AopAutoConfiguration$AspectJAutoProxyingConfiguration$CglibAutoProxyConfiguration'
2025-03-17 17:55:38 [main] DEBUG o.s.b.f.s.DefaultListableBeanFactory - Creating shared instance of singleton bean 'org.springframework.boot.autoconfigure.aop.AopAutoConfiguration$AspectJAutoProxyingConfiguration'
2025-03-17 17:55:38 [main] DEBUG o.s.b.f.s.DefaultListableBeanFactory - Creating shared instance of singleton bean 'org.springframework.boot.autoconfigure.aop.AopAutoConfiguration'
2025-03-17 17:55:38 [main] DEBUG o.s.b.f.s.DefaultListableBeanFactory - Creating shared instance of singleton bean 'org.springframework.boot.autoconfigure.availability.ApplicationAvailabilityAutoConfiguration'
2025-03-17 17:55:38 [main] DEBUG o.s.b.f.s.DefaultListableBeanFactory - Creating shared instance of singleton bean 'applicationAvailability'
2025-03-17 17:55:38 [main] DEBUG o.s.b.f.s.DefaultListableBeanFactory - Creating shared instance of singleton bean 'org.springframework.cloud.autoconfigure.RefreshAutoConfiguration'
2025-03-17 17:55:38 [main] DEBUG o.s.b.f.s.DefaultListableBeanFactory - Creating shared instance of singleton bean 'loggingRebinder'
2025-03-17 17:55:38 [main] DEBUG o.s.b.f.s.DefaultListableBeanFactory - Creating shared instance of singleton bean 'legacyContextRefresher'
2025-03-17 17:55:38 [main] DEBUG o.s.b.f.s.DefaultListableBeanFactory - Creating shared instance of singleton bean 'spring.cloud.refresh-org.springframework.cloud.autoconfigure.RefreshAutoConfiguration$RefreshProperties'
2025-03-17 17:55:38 [main] DEBUG o.s.b.f.s.DefaultListableBeanFactory - Autowiring by type from bean name 'legacyContextRefresher' via factory method to bean named 'org.springframework.boot.web.servlet.context.AnnotationConfigServletWebServerApplicationContext@7bb6ab3a'
2025-03-17 17:55:38 [main] DEBUG o.s.b.f.s.DefaultListableBeanFactory - Autowiring by type from bean name 'legacyContextRefresher' via factory method to bean named 'refreshScope'
2025-03-17 17:55:38 [main] DEBUG o.s.b.f.s.DefaultListableBeanFactory - Autowiring by type from bean name 'legacyContextRefresher' via factory method to bean named 'spring.cloud.refresh-org.springframework.cloud.autoconfigure.RefreshAutoConfiguration$RefreshProperties'
2025-03-17 17:55:38 [main] DEBUG o.s.b.f.s.DefaultListableBeanFactory - Creating shared instance of singleton bean 'refreshEventListener'
2025-03-17 17:55:38 [main] DEBUG o.s.b.f.s.DefaultListableBeanFactory - Autowiring by type from bean name 'refreshEventListener' via factory method to bean named 'legacyContextRefresher'
2025-03-17 17:55:38 [main] DEBUG o.s.b.f.s.DefaultListableBeanFactory - Creating shared instance of singleton bean 'org.springframework.boot.autoconfigure.context.ConfigurationPropertiesAutoConfiguration'
2025-03-17 17:55:38 [main] DEBUG o.s.b.f.s.DefaultListableBeanFactory - Creating shared instance of singleton bean 'org.springframework.boot.autoconfigure.context.LifecycleAutoConfiguration'
2025-03-17 17:55:38 [main] DEBUG o.s.b.f.s.DefaultListableBeanFactory - Creating shared instance of singleton bean 'lifecycleProcessor'
2025-03-17 17:55:38 [main] DEBUG o.s.b.f.s.DefaultListableBeanFactory - Creating shared instance of singleton bean 'spring.lifecycle-org.springframework.boot.autoconfigure.context.LifecycleProperties'
2025-03-17 17:55:38 [main] DEBUG o.s.b.f.s.DefaultListableBeanFactory - Autowiring by type from bean name 'lifecycleProcessor' via factory method to bean named 'spring.lifecycle-org.springframework.boot.autoconfigure.context.LifecycleProperties'
2025-03-17 17:55:38 [main] DEBUG o.s.b.f.s.DefaultListableBeanFactory - Creating shared instance of singleton bean 'org.springframework.boot.autoconfigure.dao.PersistenceExceptionTranslationAutoConfiguration'
2025-03-17 17:55:38 [main] DEBUG o.s.b.f.s.DefaultListableBeanFactory - Creating shared instance of singleton bean 'org.springframework.boot.autoconfigure.http.JacksonHttpMessageConvertersConfiguration'
2025-03-17 17:55:38 [main] DEBUG o.s.b.f.s.DefaultListableBeanFactory - Creating shared instance of singleton bean 'org.springframework.boot.autoconfigure.info.ProjectInfoAutoConfiguration'
2025-03-17 17:55:38 [main] DEBUG o.s.b.f.s.DefaultListableBeanFactory - Creating shared instance of singleton bean 'spring.info-org.springframework.boot.autoconfigure.info.ProjectInfoProperties'
2025-03-17 17:55:38 [main] DEBUG o.s.b.f.s.DefaultListableBeanFactory - Autowiring by type from bean name 'org.springframework.boot.autoconfigure.info.ProjectInfoAutoConfiguration' via constructor to bean named 'spring.info-org.springframework.boot.autoconfigure.info.ProjectInfoProperties'
2025-03-17 17:55:38 [main] DEBUG o.s.b.f.s.DefaultListableBeanFactory - Creating shared instance of singleton bean 'org.springframework.boot.autoconfigure.jdbc.JdbcTemplateConfiguration'
2025-03-17 17:55:38 [main] DEBUG o.s.b.f.s.DefaultListableBeanFactory - Creating shared instance of singleton bean 'dataSourceScriptDatabaseInitializer'
2025-03-17 17:55:38 [main] DEBUG o.s.b.f.s.DefaultListableBeanFactory - Creating shared instance of singleton bean 'org.springframework.boot.autoconfigure.sql.init.DataSourceInitializationConfiguration'
2025-03-17 17:55:38 [main] DEBUG o.s.b.f.s.DefaultListableBeanFactory - Creating shared instance of singleton bean 'spring.sql.init-org.springframework.boot.autoconfigure.sql.init.SqlInitializationProperties'
2025-03-17 17:55:38 [main] DEBUG o.s.b.f.s.DefaultListableBeanFactory - Autowiring by type from bean name 'dataSourceScriptDatabaseInitializer' via factory method to bean named 'dataSource'
2025-03-17 17:55:38 [main] DEBUG o.s.b.f.s.DefaultListableBeanFactory - Autowiring by type from bean name 'dataSourceScriptDatabaseInitializer' via factory method to bean named 'spring.sql.init-org.springframework.boot.autoconfigure.sql.init.SqlInitializationProperties'
2025-03-17 17:55:39 [main] DEBUG o.s.b.f.s.DefaultListableBeanFactory - Creating shared instance of singleton bean 'jdbcTemplate'
2025-03-17 17:55:39 [main] DEBUG o.s.b.f.s.DefaultListableBeanFactory - Creating shared instance of singleton bean 'spring.jdbc-org.springframework.boot.autoconfigure.jdbc.JdbcProperties'
2025-03-17 17:55:39 [main] DEBUG o.s.b.f.s.DefaultListableBeanFactory - Autowiring by type from bean name 'jdbcTemplate' via factory method to bean named 'dataSource'
2025-03-17 17:55:39 [main] DEBUG o.s.b.f.s.DefaultListableBeanFactory - Autowiring by type from bean name 'jdbcTemplate' via factory method to bean named 'spring.jdbc-org.springframework.boot.autoconfigure.jdbc.JdbcProperties'
2025-03-17 17:55:39 [main] DEBUG o.s.b.f.s.DefaultListableBeanFactory - Creating shared instance of singleton bean 'org.springframework.boot.autoconfigure.jdbc.NamedParameterJdbcTemplateConfiguration'
2025-03-17 17:55:39 [main] DEBUG o.s.b.f.s.DefaultListableBeanFactory - Creating shared instance of singleton bean 'namedParameterJdbcTemplate'
2025-03-17 17:55:39 [main] DEBUG o.s.b.f.s.DefaultListableBeanFactory - Autowiring by type from bean name 'namedParameterJdbcTemplate' via factory method to bean named 'jdbcTemplate'
2025-03-17 17:55:39 [main] DEBUG o.s.b.f.s.DefaultListableBeanFactory - Creating shared instance of singleton bean 'org.springframework.boot.autoconfigure.jdbc.JdbcTemplateAutoConfiguration'
2025-03-17 17:55:39 [main] DEBUG o.s.b.f.s.DefaultListableBeanFactory - Creating shared instance of singleton bean 'org.springframework.boot.autoconfigure.netty.NettyAutoConfiguration'
2025-03-17 17:55:39 [main] DEBUG o.s.b.f.s.DefaultListableBeanFactory - Creating shared instance of singleton bean 'spring.netty-org.springframework.boot.autoconfigure.netty.NettyProperties'
2025-03-17 17:55:39 [main] DEBUG o.s.b.f.s.DefaultListableBeanFactory - Autowiring by type from bean name 'org.springframework.boot.autoconfigure.netty.NettyAutoConfiguration' via constructor to bean named 'spring.netty-org.springframework.boot.autoconfigure.netty.NettyProperties'
2025-03-17 17:55:39 [main] DEBUG i.n.u.i.l.InternalLoggerFactory - Using SLF4J as the default logging framework
2025-03-17 17:55:39 [main] DEBUG io.netty.util.ResourceLeakDetector - -Dio.netty.leakDetection.level: simple
2025-03-17 17:55:39 [main] DEBUG io.netty.util.ResourceLeakDetector - -Dio.netty.leakDetection.targetRecords: 4
2025-03-17 17:55:39 [main] DEBUG o.s.b.f.s.DefaultListableBeanFactory - Creating shared instance of singleton bean 'authenticationManagerBuilder'
2025-03-17 17:55:39 [main] DEBUG o.s.b.f.s.DefaultListableBeanFactory - Autowiring by type from bean name 'authenticationManagerBuilder' via factory method to bean named 'objectPostProcessor'
2025-03-17 17:55:39 [main] DEBUG o.s.b.f.s.DefaultListableBeanFactory - Autowiring by type from bean name 'authenticationManagerBuilder' via factory method to bean named 'org.springframework.boot.web.servlet.context.AnnotationConfigServletWebServerApplicationContext@7bb6ab3a'
2025-03-17 17:55:39 [main] DEBUG o.s.b.f.s.DefaultListableBeanFactory - Creating shared instance of singleton bean 'authenticationEventPublisher'
2025-03-17 17:55:39 [main] DEBUG o.s.b.f.s.DefaultListableBeanFactory - Creating shared instance of singleton bean 'org.springframework.boot.autoconfigure.security.servlet.SecurityAutoConfiguration'
2025-03-17 17:55:39 [main] DEBUG o.s.b.f.s.DefaultListableBeanFactory - Autowiring by type from bean name 'authenticationEventPublisher' via factory method to bean named 'org.springframework.boot.web.servlet.context.AnnotationConfigServletWebServerApplicationContext@7bb6ab3a'
2025-03-17 17:55:39 [main] DEBUG o.s.b.f.s.DefaultListableBeanFactory - Creating shared instance of singleton bean 'org.springframework.security.config.annotation.web.configuration.WebSecurityConfiguration'
2025-03-17 17:55:39 [main] DEBUG o.s.b.f.s.DefaultListableBeanFactory - Creating shared instance of singleton bean 'autowiredWebSecurityConfigurersIgnoreParents'
2025-03-17 17:55:39 [main] DEBUG o.s.b.f.s.DefaultListableBeanFactory - Autowiring by type from bean name 'autowiredWebSecurityConfigurersIgnoreParents' via factory method to bean named 'org.springframework.beans.factory.support.DefaultListableBeanFactory@40e10ff8'
2025-03-17 17:55:39 [main] DEBUG o.s.b.f.s.DefaultListableBeanFactory - Creating shared instance of singleton bean 'delegatingApplicationListener'
2025-03-17 17:55:39 [main] DEBUG o.s.b.f.s.DefaultListableBeanFactory - Creating shared instance of singleton bean 'springSecurityFilterChain'
2025-03-17 17:55:39 [main] DEBUG o.s.b.f.s.DefaultListableBeanFactory - Creating shared instance of singleton bean 'org.springframework.boot.autoconfigure.security.servlet.WebSecurityEnablerConfiguration'
2025-03-17 17:55:39 [main] DEBUG o.s.b.f.s.DefaultListableBeanFactory - Creating shared instance of singleton bean 'inMemoryUserDetailsManager'
2025-03-17 17:55:39 [main] DEBUG o.s.b.f.s.DefaultListableBeanFactory - Creating shared instance of singleton bean 'org.springframework.boot.autoconfigure.security.servlet.UserDetailsServiceAutoConfiguration'
2025-03-17 17:55:39 [main] DEBUG o.s.b.f.s.DefaultListableBeanFactory - Autowiring by type from bean name 'inMemoryUserDetailsManager' via factory method to bean named 'spring.security-org.springframework.boot.autoconfigure.security.SecurityProperties'
2025-03-17 17:55:39 [main] INFO  o.s.b.a.s.s.UserDetailsServiceAutoConfiguration - 

Using generated security password: 348d2571-f210-4a71-89d7-abfd1918cab1

2025-03-17 17:55:39 [main] DEBUG o.s.b.f.s.DefaultListableBeanFactory - Creating shared instance of singleton bean 'mvcHandlerMappingIntrospector'
2025-03-17 17:55:39 [main] DEBUG o.s.s.w.a.e.ExpressionBasedFilterInvocationSecurityMetadataSource - Adding web access control expression [permitAll] for Ant [pattern='/users/register']
2025-03-17 17:55:39 [main] DEBUG o.s.s.w.a.e.ExpressionBasedFilterInvocationSecurityMetadataSource - Adding web access control expression [permitAll] for Ant [pattern='/users/login']
2025-03-17 17:55:39 [main] DEBUG o.s.s.w.a.e.ExpressionBasedFilterInvocationSecurityMetadataSource - Adding web access control expression [permitAll] for any request
2025-03-17 17:55:39 [main] INFO  o.s.s.web.DefaultSecurityFilterChain - Will not secure any request
2025-03-17 17:55:39 [main] DEBUG o.s.b.f.s.DefaultListableBeanFactory - Creating shared instance of singleton bean 'webSecurityExpressionHandler'
2025-03-17 17:55:39 [main] DEBUG o.s.b.f.s.DefaultListableBeanFactory - Creating shared instance of singleton bean 'privilegeEvaluator'
2025-03-17 17:55:39 [main] DEBUG o.s.b.f.s.DefaultListableBeanFactory - Creating shared instance of singleton bean 'requestDataValueProcessor'
2025-03-17 17:55:39 [main] DEBUG o.s.b.f.s.DefaultListableBeanFactory - Creating shared instance of singleton bean 'org.springframework.security.config.annotation.web.configuration.HttpSecurityConfiguration'
2025-03-17 17:55:39 [main] DEBUG o.s.b.f.s.DefaultListableBeanFactory - Creating shared instance of singleton bean 'org.springframework.boot.autoconfigure.sql.init.SqlInitializationAutoConfiguration'
2025-03-17 17:55:39 [main] DEBUG o.s.b.f.s.DefaultListableBeanFactory - Creating shared instance of singleton bean 'org.springframework.boot.autoconfigure.task.TaskSchedulingAutoConfiguration'
2025-03-17 17:55:39 [main] DEBUG o.s.b.f.s.DefaultListableBeanFactory - Creating shared instance of singleton bean 'scheduledBeanLazyInitializationExcludeFilter'
2025-03-17 17:55:39 [main] DEBUG o.s.b.f.s.DefaultListableBeanFactory - Creating shared instance of singleton bean 'taskSchedulerBuilder'
2025-03-17 17:55:39 [main] DEBUG o.s.b.f.s.DefaultListableBeanFactory - Creating shared instance of singleton bean 'spring.task.scheduling-org.springframework.boot.autoconfigure.task.TaskSchedulingProperties'
2025-03-17 17:55:39 [main] DEBUG o.s.b.f.s.DefaultListableBeanFactory - Autowiring by type from bean name 'taskSchedulerBuilder' via factory method to bean named 'spring.task.scheduling-org.springframework.boot.autoconfigure.task.TaskSchedulingProperties'
2025-03-17 17:55:39 [main] DEBUG o.s.b.f.s.DefaultListableBeanFactory - Creating shared instance of singleton bean 'org.springframework.boot.autoconfigure.jdbc.DataSourceTransactionManagerAutoConfiguration$JdbcTransactionManagerConfiguration'
2025-03-17 17:55:39 [main] DEBUG o.s.b.f.s.DefaultListableBeanFactory - Creating shared instance of singleton bean 'transactionManager'
2025-03-17 17:55:39 [main] DEBUG o.s.b.f.s.DefaultListableBeanFactory - Autowiring by type from bean name 'transactionManager' via factory method to bean named 'environment'
2025-03-17 17:55:39 [main] DEBUG o.s.b.f.s.DefaultListableBeanFactory - Autowiring by type from bean name 'transactionManager' via factory method to bean named 'dataSource'
2025-03-17 17:55:39 [main] DEBUG o.s.b.f.s.DefaultListableBeanFactory - Creating shared instance of singleton bean 'platformTransactionManagerCustomizers'
2025-03-17 17:55:39 [main] DEBUG o.s.b.f.s.DefaultListableBeanFactory - Creating shared instance of singleton bean 'org.springframework.boot.autoconfigure.transaction.TransactionAutoConfiguration'
2025-03-17 17:55:39 [main] DEBUG o.s.b.f.s.DefaultListableBeanFactory - Creating shared instance of singleton bean 'spring.transaction-org.springframework.boot.autoconfigure.transaction.TransactionProperties'
2025-03-17 17:55:39 [main] DEBUG o.s.b.f.s.DefaultListableBeanFactory - Creating shared instance of singleton bean 'org.springframework.boot.autoconfigure.jdbc.DataSourceTransactionManagerAutoConfiguration'
2025-03-17 17:55:39 [main] DEBUG o.s.b.f.s.DefaultListableBeanFactory - Creating shared instance of singleton bean 'org.springframework.boot.autoconfigure.transaction.TransactionAutoConfiguration$EnableTransactionManagementConfiguration$CglibAutoProxyConfiguration'
2025-03-17 17:55:39 [main] DEBUG o.s.b.f.s.DefaultListableBeanFactory - Creating shared instance of singleton bean 'org.springframework.boot.autoconfigure.transaction.TransactionAutoConfiguration$EnableTransactionManagementConfiguration'
2025-03-17 17:55:39 [main] DEBUG o.s.b.f.s.DefaultListableBeanFactory - Creating shared instance of singleton bean 'org.springframework.boot.autoconfigure.transaction.TransactionAutoConfiguration$TransactionTemplateConfiguration'
2025-03-17 17:55:39 [main] DEBUG o.s.b.f.s.DefaultListableBeanFactory - Creating shared instance of singleton bean 'transactionTemplate'
2025-03-17 17:55:39 [main] DEBUG o.s.b.f.s.DefaultListableBeanFactory - Autowiring by type from bean name 'transactionTemplate' via factory method to bean named 'transactionManager'
2025-03-17 17:55:39 [main] DEBUG o.s.b.f.s.DefaultListableBeanFactory - Creating shared instance of singleton bean 'org.springframework.boot.autoconfigure.web.client.RestTemplateAutoConfiguration'
2025-03-17 17:55:39 [main] DEBUG o.s.b.f.s.DefaultListableBeanFactory - Creating shared instance of singleton bean 'org.springframework.boot.autoconfigure.web.embedded.EmbeddedWebServerFactoryCustomizerAutoConfiguration'
2025-03-17 17:55:39 [main] DEBUG o.s.b.f.s.DefaultListableBeanFactory - Creating shared instance of singleton bean 'multipartResolver'
2025-03-17 17:55:39 [main] DEBUG o.s.b.f.s.DefaultListableBeanFactory - Creating shared instance of singleton bean 'org.springframework.cloud.autoconfigure.ConfigurationPropertiesRebinderAutoConfiguration'
2025-03-17 17:55:39 [main] DEBUG o.s.b.f.s.DefaultListableBeanFactory - Creating shared instance of singleton bean 'configurationPropertiesRebinder'
2025-03-17 17:55:39 [main] DEBUG o.s.b.f.s.DefaultListableBeanFactory - Autowiring by type from bean name 'configurationPropertiesRebinder' via factory method to bean named 'configurationPropertiesBeans'
2025-03-17 17:55:39 [main] DEBUG o.s.b.f.s.DefaultListableBeanFactory - Creating shared instance of singleton bean 'org.springframework.cloud.autoconfigure.LifecycleMvcEndpointAutoConfiguration'
2025-03-17 17:55:39 [main] DEBUG o.s.b.f.s.DefaultListableBeanFactory - Creating shared instance of singleton bean 'environmentManager'
2025-03-17 17:55:39 [main] DEBUG o.s.b.f.s.DefaultListableBeanFactory - Autowiring by type from bean name 'environmentManager' via factory method to bean named 'environment'
2025-03-17 17:55:39 [main] DEBUG o.s.b.f.s.DefaultListableBeanFactory - Creating shared instance of singleton bean 'org.springframework.cloud.client.discovery.composite.CompositeDiscoveryClientAutoConfiguration'
2025-03-17 17:55:39 [main] DEBUG o.s.b.f.s.DefaultListableBeanFactory - Creating shared instance of singleton bean 'compositeDiscoveryClient'
2025-03-17 17:55:39 [main] DEBUG o.s.b.f.s.DefaultListableBeanFactory - Creating shared instance of singleton bean 'simpleDiscoveryClient'
2025-03-17 17:55:39 [main] DEBUG o.s.b.f.s.DefaultListableBeanFactory - Creating shared instance of singleton bean 'org.springframework.cloud.client.discovery.simple.SimpleDiscoveryClientAutoConfiguration'
2025-03-17 17:55:39 [main] DEBUG o.s.b.f.s.DefaultListableBeanFactory - Creating shared instance of singleton bean 'simpleDiscoveryProperties'
2025-03-17 17:55:39 [main] DEBUG o.s.c.e.PropertySourcesPropertyResolver - Found key 'spring.application.name' in PropertySource 'environmentProperties' with value of type String
2025-03-17 17:55:39 [main] DEBUG o.s.b.f.s.DefaultListableBeanFactory - Autowiring by type from bean name 'simpleDiscoveryClient' via factory method to bean named 'simpleDiscoveryProperties'
2025-03-17 17:55:39 [main] DEBUG o.s.b.f.s.DefaultListableBeanFactory - Autowiring by type from bean name 'compositeDiscoveryClient' via factory method to bean named 'nacosDiscoveryClient'
2025-03-17 17:55:39 [main] DEBUG o.s.b.f.s.DefaultListableBeanFactory - Autowiring by type from bean name 'compositeDiscoveryClient' via factory method to bean named 'simpleDiscoveryClient'
2025-03-17 17:55:39 [main] DEBUG o.s.b.f.s.DefaultListableBeanFactory - Creating shared instance of singleton bean 'org.springframework.cloud.client.CommonsClientAutoConfiguration'
2025-03-17 17:55:39 [main] DEBUG o.s.b.f.s.DefaultListableBeanFactory - Creating shared instance of singleton bean 'org.springframework.cloud.client.ReactiveCommonsClientAutoConfiguration'
2025-03-17 17:55:39 [main] DEBUG o.s.b.f.s.DefaultListableBeanFactory - Creating shared instance of singleton bean 'org.springframework.cloud.loadbalancer.config.LoadBalancerAutoConfiguration'
2025-03-17 17:55:39 [main] DEBUG o.s.b.f.s.DefaultListableBeanFactory - Creating shared instance of singleton bean 'zoneConfig'
2025-03-17 17:55:39 [main] DEBUG o.s.b.f.s.DefaultListableBeanFactory - Autowiring by type from bean name 'zoneConfig' via factory method to bean named 'environment'
2025-03-17 17:55:39 [main] DEBUG o.s.b.f.s.DefaultListableBeanFactory - Creating shared instance of singleton bean 'loadBalancerClientFactory'
2025-03-17 17:55:39 [main] DEBUG o.s.b.f.s.DefaultListableBeanFactory - Creating shared instance of singleton bean 'spring.cloud.loadbalancer-org.springframework.cloud.client.loadbalancer.LoadBalancerClientsProperties'
2025-03-17 17:55:39 [main] DEBUG o.s.b.f.s.DefaultListableBeanFactory - Autowiring by type from bean name 'loadBalancerClientFactory' via factory method to bean named 'spring.cloud.loadbalancer-org.springframework.cloud.client.loadbalancer.LoadBalancerClientsProperties'
2025-03-17 17:55:39 [main] DEBUG o.s.b.f.s.DefaultListableBeanFactory - Creating shared instance of singleton bean 'default.org.springframework.cloud.loadbalancer.config.LoadBalancerAutoConfiguration.LoadBalancerClientSpecification'
2025-03-17 17:55:39 [main] DEBUG o.s.b.f.s.DefaultListableBeanFactory - Creating shared instance of singleton bean 'default.org.springframework.cloud.loadbalancer.config.BlockingLoadBalancerClientAutoConfiguration.LoadBalancerClientSpecification'
2025-03-17 17:55:39 [main] DEBUG o.s.b.f.s.DefaultListableBeanFactory - Creating shared instance of singleton bean 'org.springframework.cloud.loadbalancer.config.BlockingLoadBalancerClientAutoConfiguration'
2025-03-17 17:55:39 [main] DEBUG o.s.b.f.s.DefaultListableBeanFactory - Creating shared instance of singleton bean 'blockingLoadBalancerClient'
2025-03-17 17:55:39 [main] DEBUG o.s.b.f.s.DefaultListableBeanFactory - Autowiring by type from bean name 'blockingLoadBalancerClient' via factory method to bean named 'loadBalancerClientFactory'
2025-03-17 17:55:39 [main] DEBUG o.s.b.f.s.DefaultListableBeanFactory - Creating shared instance of singleton bean 'loadBalancerServiceInstanceCookieTransformer'
2025-03-17 17:55:39 [main] DEBUG o.s.b.f.s.DefaultListableBeanFactory - Autowiring by type from bean name 'loadBalancerServiceInstanceCookieTransformer' via factory method to bean named 'loadBalancerClientFactory'
2025-03-17 17:55:39 [main] DEBUG o.s.b.f.s.DefaultListableBeanFactory - Creating shared instance of singleton bean 'xForwarderHeadersTransformer'
2025-03-17 17:55:39 [main] DEBUG o.s.b.f.s.DefaultListableBeanFactory - Autowiring by type from bean name 'xForwarderHeadersTransformer' via factory method to bean named 'loadBalancerClientFactory'
2025-03-17 17:55:39 [main] DEBUG o.s.b.f.s.DefaultListableBeanFactory - Creating shared instance of singleton bean 'org.springframework.cloud.client.loadbalancer.AsyncLoadBalancerAutoConfiguration$LoadBalancerInterceptorConfig'
2025-03-17 17:55:39 [main] DEBUG o.s.b.f.s.DefaultListableBeanFactory - Creating shared instance of singleton bean 'asyncLoadBalancerInterceptor'
2025-03-17 17:55:39 [main] DEBUG o.s.b.f.s.DefaultListableBeanFactory - Autowiring by type from bean name 'asyncLoadBalancerInterceptor' via factory method to bean named 'blockingLoadBalancerClient'
2025-03-17 17:55:39 [main] DEBUG o.s.b.f.s.DefaultListableBeanFactory - Creating shared instance of singleton bean 'asyncRestTemplateCustomizer'
2025-03-17 17:55:39 [main] DEBUG o.s.b.f.s.DefaultListableBeanFactory - Autowiring by type from bean name 'asyncRestTemplateCustomizer' via factory method to bean named 'asyncLoadBalancerInterceptor'
2025-03-17 17:55:39 [main] DEBUG o.s.b.f.s.DefaultListableBeanFactory - Creating shared instance of singleton bean 'org.springframework.cloud.client.loadbalancer.AsyncLoadBalancerAutoConfiguration$AsyncRestTemplateCustomizerConfig'
2025-03-17 17:55:39 [main] DEBUG o.s.b.f.s.DefaultListableBeanFactory - Creating shared instance of singleton bean 'loadBalancedAsyncRestTemplateInitializer'
2025-03-17 17:55:39 [main] DEBUG o.s.b.f.s.DefaultListableBeanFactory - Autowiring by type from bean name 'loadBalancedAsyncRestTemplateInitializer' via factory method to bean named 'asyncRestTemplateCustomizer'
2025-03-17 17:55:39 [main] DEBUG o.s.b.f.s.DefaultListableBeanFactory - Creating shared instance of singleton bean 'org.springframework.cloud.client.loadbalancer.AsyncLoadBalancerAutoConfiguration'
2025-03-17 17:55:39 [main] DEBUG o.s.b.f.s.DefaultListableBeanFactory - Creating shared instance of singleton bean 'org.springframework.cloud.client.loadbalancer.LoadBalancerAutoConfiguration$LoadBalancerInterceptorConfig'
2025-03-17 17:55:39 [main] DEBUG o.s.b.f.s.DefaultListableBeanFactory - Creating shared instance of singleton bean 'loadBalancerInterceptor'
2025-03-17 17:55:39 [main] DEBUG o.s.b.f.s.DefaultListableBeanFactory - Creating shared instance of singleton bean 'loadBalancerRequestFactory'
2025-03-17 17:55:39 [main] DEBUG o.s.b.f.s.DefaultListableBeanFactory - Creating shared instance of singleton bean 'org.springframework.cloud.client.loadbalancer.LoadBalancerAutoConfiguration'
2025-03-17 17:55:39 [main] DEBUG o.s.b.f.s.DefaultListableBeanFactory - Autowiring by type from bean name 'loadBalancerRequestFactory' via factory method to bean named 'blockingLoadBalancerClient'
2025-03-17 17:55:39 [main] DEBUG o.s.b.f.s.DefaultListableBeanFactory - Autowiring by type from bean name 'loadBalancerInterceptor' via factory method to bean named 'blockingLoadBalancerClient'
2025-03-17 17:55:39 [main] DEBUG o.s.b.f.s.DefaultListableBeanFactory - Autowiring by type from bean name 'loadBalancerInterceptor' via factory method to bean named 'loadBalancerRequestFactory'
2025-03-17 17:55:39 [main] DEBUG o.s.b.f.s.DefaultListableBeanFactory - Creating shared instance of singleton bean 'restTemplateCustomizer'
2025-03-17 17:55:39 [main] DEBUG o.s.b.f.s.DefaultListableBeanFactory - Autowiring by type from bean name 'restTemplateCustomizer' via factory method to bean named 'loadBalancerInterceptor'
2025-03-17 17:55:39 [main] DEBUG o.s.b.f.s.DefaultListableBeanFactory - Creating shared instance of singleton bean 'loadBalancedRestTemplateInitializerDeprecated'
2025-03-17 17:55:39 [main] DEBUG o.s.b.f.s.DefaultListableBeanFactory - Creating shared instance of singleton bean 'org.springframework.cloud.client.serviceregistry.ServiceRegistryAutoConfiguration'
2025-03-17 17:55:39 [main] DEBUG o.s.b.f.s.DefaultListableBeanFactory - Creating shared instance of singleton bean 'org.springframework.cloud.commons.httpclient.HttpClientConfiguration$ApacheHttpClientConfiguration'
2025-03-17 17:55:39 [main] DEBUG o.s.b.f.s.DefaultListableBeanFactory - Creating shared instance of singleton bean 'connManFactory'
2025-03-17 17:55:39 [main] DEBUG o.s.b.f.s.DefaultListableBeanFactory - Creating shared instance of singleton bean 'apacheHttpClientBuilder'
2025-03-17 17:55:39 [main] DEBUG o.s.b.f.s.DefaultListableBeanFactory - Creating shared instance of singleton bean 'apacheHttpClientFactory'
2025-03-17 17:55:39 [main] DEBUG o.s.b.f.s.DefaultListableBeanFactory - Autowiring by type from bean name 'apacheHttpClientFactory' via factory method to bean named 'apacheHttpClientBuilder'
2025-03-17 17:55:39 [main] DEBUG o.s.b.f.s.DefaultListableBeanFactory - Creating shared instance of singleton bean 'org.springframework.cloud.commons.httpclient.HttpClientConfiguration'
2025-03-17 17:55:39 [main] DEBUG o.s.b.f.s.DefaultListableBeanFactory - Creating shared instance of singleton bean 'org.springframework.cloud.configuration.CompatibilityVerifierAutoConfiguration'
2025-03-17 17:55:39 [main] DEBUG o.s.b.f.s.DefaultListableBeanFactory - Creating shared instance of singleton bean 'compositeCompatibilityVerifier'
2025-03-17 17:55:39 [main] DEBUG o.s.b.f.s.DefaultListableBeanFactory - Creating shared instance of singleton bean 'springBootVersionVerifier'
2025-03-17 17:55:39 [main] DEBUG o.s.b.f.s.DefaultListableBeanFactory - Creating shared instance of singleton bean 'spring.cloud.compatibility-verifier-org.springframework.cloud.configuration.CompatibilityVerifierProperties'
2025-03-17 17:55:39 [main] DEBUG o.s.b.f.s.DefaultListableBeanFactory - Autowiring by type from bean name 'springBootVersionVerifier' via factory method to bean named 'spring.cloud.compatibility-verifier-org.springframework.cloud.configuration.CompatibilityVerifierProperties'
2025-03-17 17:55:39 [main] DEBUG o.s.b.f.s.DefaultListableBeanFactory - Autowiring by type from bean name 'compositeCompatibilityVerifier' via factory method to bean named 'springBootVersionVerifier'
2025-03-17 17:55:39 [main] DEBUG o.s.c.c.SpringBootVersionVerifier - Version found in Boot manifest [2.6.4]
2025-03-17 17:55:39 [main] DEBUG o.s.c.c.CompositeCompatibilityVerifier - All conditions are passing
2025-03-17 17:55:39 [main] DEBUG o.s.b.f.s.DefaultListableBeanFactory - Creating shared instance of singleton bean 'org.springframework.cloud.loadbalancer.config.LoadBalancerCacheAutoConfiguration$LoadBalancerCacheManagerWarnConfiguration'
2025-03-17 17:55:39 [main] DEBUG o.s.b.f.s.DefaultListableBeanFactory - Creating shared instance of singleton bean 'caffeineWarnLogger'
2025-03-17 17:55:39 [main] WARN  o.s.c.l.c.LoadBalancerCacheAutoConfiguration$LoadBalancerCaffeineWarnLogger - Spring Cloud LoadBalancer is currently working with the default cache. While this cache implementation is useful for development and tests, it's recommended to use Caffeine cache in production.You can switch to using Caffeine cache, by adding it and org.springframework.cache.caffeine.CaffeineCacheManager to the classpath.
2025-03-17 17:55:39 [main] DEBUG o.s.b.f.s.DefaultListableBeanFactory - Creating shared instance of singleton bean 'org.springframework.cloud.loadbalancer.config.LoadBalancerCacheAutoConfiguration'
2025-03-17 17:55:39 [main] DEBUG o.s.b.f.s.DefaultListableBeanFactory - Creating shared instance of singleton bean 'spring.cloud.loadbalancer.cache-org.springframework.cloud.loadbalancer.cache.LoadBalancerCacheProperties'
2025-03-17 17:55:39 [main] DEBUG o.s.b.f.s.DefaultListableBeanFactory - Creating shared instance of singleton bean 'org.springframework.cloud.openfeign.loadbalancer.DefaultFeignLoadBalancerConfiguration'
2025-03-17 17:55:39 [main] DEBUG o.s.b.f.s.DefaultListableBeanFactory - Creating shared instance of singleton bean 'feignClient'
2025-03-17 17:55:39 [main] DEBUG o.s.b.f.s.DefaultListableBeanFactory - Autowiring by type from bean name 'feignClient' via factory method to bean named 'blockingLoadBalancerClient'
2025-03-17 17:55:39 [main] DEBUG o.s.b.f.s.DefaultListableBeanFactory - Autowiring by type from bean name 'feignClient' via factory method to bean named 'loadBalancerClientFactory'
2025-03-17 17:55:39 [main] DEBUG o.s.b.f.s.DefaultListableBeanFactory - Creating shared instance of singleton bean 'org.springframework.cloud.openfeign.loadbalancer.FeignLoadBalancerAutoConfiguration'
2025-03-17 17:55:39 [main] DEBUG o.s.b.f.s.DefaultListableBeanFactory - Creating shared instance of singleton bean 'feign.httpclient-org.springframework.cloud.openfeign.support.FeignHttpClientProperties'
2025-03-17 17:55:39 [main] DEBUG o.s.b.f.s.DefaultListableBeanFactory - Creating shared instance of singleton bean 'org.springframework.cloud.openfeign.FeignAutoConfiguration$DefaultFeignTargeterConfiguration'
2025-03-17 17:55:39 [main] DEBUG o.s.b.f.s.DefaultListableBeanFactory - Creating shared instance of singleton bean 'feignTargeter'
2025-03-17 17:55:39 [main] DEBUG o.s.b.f.s.DefaultListableBeanFactory - Creating shared instance of singleton bean 'org.springframework.cloud.openfeign.FeignAutoConfiguration'
2025-03-17 17:55:39 [main] DEBUG o.s.b.f.s.DefaultListableBeanFactory - Creating shared instance of singleton bean 'feignFeature'
2025-03-17 17:55:39 [main] DEBUG o.s.b.f.s.DefaultListableBeanFactory - Creating shared instance of singleton bean 'feignContext'
2025-03-17 17:55:39 [main] DEBUG o.s.b.f.s.DefaultListableBeanFactory - Creating shared instance of singleton bean 'feign.client-org.springframework.cloud.openfeign.FeignClientProperties'
2025-03-17 17:55:39 [main] DEBUG o.s.b.f.s.DefaultListableBeanFactory - Creating shared instance of singleton bean 'feign.encoder-org.springframework.cloud.openfeign.support.FeignEncoderProperties'
2025-03-17 17:55:39 [main] DEBUG o.s.c.e.EventListenerMethodProcessor - 1 @EventListener methods processed on bean 'nacosServiceManager': {public void com.alibaba.cloud.nacos.NacosServiceManager.onInstancePreRegisteredEvent(org.springframework.cloud.client.discovery.event.InstancePreRegisteredEvent)=@org.springframework.context.event.EventListener(classes={}, condition="", id="", value={})}
2025-03-17 17:55:39 [main] DEBUG o.s.c.e.EventListenerMethodProcessor - 1 @EventListener methods processed on bean 'nacosAutoServiceRegistration': {public void com.alibaba.cloud.nacos.registry.NacosAutoServiceRegistration.onNacosDiscoveryInfoChangedEvent(com.alibaba.cloud.nacos.event.NacosDiscoveryInfoChangedEvent)=@org.springframework.context.event.EventListener(classes={}, condition="", id="", value={})}
2025-03-17 17:55:39 [main] DEBUG o.s.j.e.a.AnnotationMBeanExporter - Registering beans for JMX exposure on startup
2025-03-17 17:55:39 [main] DEBUG o.s.j.e.a.AnnotationMBeanExporter - Autodetecting user-defined JMX MBeans
2025-03-17 17:55:39 [main] DEBUG o.s.j.e.a.AnnotationMBeanExporter - Bean with name 'dataSource' has been autodetected for JMX exposure
2025-03-17 17:55:39 [main] DEBUG o.s.j.e.a.AnnotationMBeanExporter - Bean with name 'refreshScope' has been autodetected for JMX exposure
2025-03-17 17:55:39 [main] DEBUG o.s.j.e.a.AnnotationMBeanExporter - Bean with name 'configurationPropertiesRebinder' has been autodetected for JMX exposure
2025-03-17 17:55:39 [main] DEBUG o.s.j.e.a.AnnotationMBeanExporter - Bean with name 'environmentManager' has been autodetected for JMX exposure
2025-03-17 17:55:39 [main] DEBUG o.s.j.e.a.AnnotationMBeanExporter - Located managed bean 'environmentManager': registering with JMX server as MBean [org.springframework.cloud.context.environment:name=environmentManager,type=EnvironmentManager]
2025-03-17 17:55:39 [main] DEBUG o.s.j.e.a.AnnotationMBeanExporter - Located managed bean 'refreshScope': registering with JMX server as MBean [org.springframework.cloud.context.scope.refresh:name=refreshScope,type=RefreshScope]
2025-03-17 17:55:39 [main] DEBUG o.s.j.e.a.AnnotationMBeanExporter - Located managed bean 'configurationPropertiesRebinder': registering with JMX server as MBean [org.springframework.cloud.context.properties:name=configurationPropertiesRebinder,context=7bb6ab3a,type=ConfigurationPropertiesRebinder]
2025-03-17 17:55:39 [main] DEBUG o.s.j.e.a.AnnotationMBeanExporter - Located MBean 'dataSource': registering with JMX server as MBean [com.alibaba.druid.spring.boot.autoconfigure:name=dataSource,type=DruidDataSourceWrapper]
2025-03-17 17:55:39 [main] DEBUG o.s.c.s.DefaultLifecycleProcessor - Starting beans in phase 0
2025-03-17 17:55:39 [main] DEBUG o.s.c.s.DefaultLifecycleProcessor - Successfully started bean 'nacosWatch'
2025-03-17 17:55:39 [main] DEBUG o.s.c.s.DefaultLifecycleProcessor - Starting beans in phase 2147483646
2025-03-17 17:55:39 [main] INFO  o.a.coyote.http11.Http11NioProtocol - Starting ProtocolHandler ["http-nio-9091"]
2025-03-17 17:55:39 [main] INFO  o.s.b.w.e.tomcat.TomcatWebServer - Tomcat started on port(s): 9091 (http) with context path ''
2025-03-17 17:55:39 [main] INFO  c.a.c.n.r.NacosServiceRegistry - nacos registry, DEFAULT_GROUP mock-ielts-users 172.16.89.27:9091 register finished
2025-03-17 17:55:39 [main] DEBUG o.s.c.s.DefaultLifecycleProcessor - Successfully started bean 'webServerStartStop'
2025-03-17 17:55:39 [main] DEBUG o.s.c.s.DefaultLifecycleProcessor - Starting beans in phase 2147483647
2025-03-17 17:55:39 [main] DEBUG o.s.c.s.DefaultLifecycleProcessor - Successfully started bean 'webServerGracefulShutdown'
2025-03-17 17:55:39 [main] DEBUG o.s.b.a.l.ConditionEvaluationReportLoggingListener - 


============================
CONDITIONS EVALUATION REPORT
============================


Positive matches:
-----------------

   AopAutoConfiguration matched:
      - @ConditionalOnProperty (spring.aop.auto=true) matched (OnPropertyCondition)

   AopAutoConfiguration.AspectJAutoProxyingConfiguration matched:
      - @ConditionalOnClass found required class 'org.aspectj.weaver.Advice' (OnClassCondition)

   AopAutoConfiguration.AspectJAutoProxyingConfiguration.CglibAutoProxyConfiguration matched:
      - @ConditionalOnProperty (spring.aop.proxy-target-class=true) matched (OnPropertyCondition)

   AsyncLoadBalancerAutoConfiguration matched:
      - @ConditionalOnClass found required class 'org.springframework.web.client.AsyncRestTemplate' (OnClassCondition)
      - @ConditionalOnBean (types: org.springframework.cloud.client.loadbalancer.LoadBalancerClient; SearchStrategy: all) found bean 'blockingLoadBalancerClient' (OnBeanCondition)

   AutoServiceRegistrationAutoConfiguration matched:
      - @ConditionalOnProperty (spring.cloud.service-registry.auto-registration.enabled) matched (OnPropertyCondition)

   AutoServiceRegistrationConfiguration matched:
      - @ConditionalOnProperty (spring.cloud.service-registry.auto-registration.enabled) matched (OnPropertyCondition)

   BlockingLoadBalancerClientAutoConfiguration matched:
      - @ConditionalOnClass found required class 'org.springframework.web.client.RestTemplate' (OnClassCondition)

   BlockingLoadBalancerClientAutoConfiguration#blockingLoadBalancerClient matched:
      - @ConditionalOnBean (types: org.springframework.cloud.loadbalancer.support.LoadBalancerClientFactory; SearchStrategy: all) found bean 'loadBalancerClientFactory'; @ConditionalOnMissingBean (types: org.springframework.cloud.client.loadbalancer.LoadBalancerClient; SearchStrategy: all) did not find any beans (OnBeanCondition)

   BlockingLoadBalancerClientAutoConfiguration#loadBalancerServiceInstanceCookieTransformer matched:
      - @ConditionalOnBean (types: org.springframework.cloud.loadbalancer.support.LoadBalancerClientFactory; SearchStrategy: all) found bean 'loadBalancerClientFactory'; @ConditionalOnMissingBean (types: org.springframework.cloud.loadbalancer.core.LoadBalancerServiceInstanceCookieTransformer; SearchStrategy: all) did not find any beans (OnBeanCondition)

   BlockingLoadBalancerClientAutoConfiguration#xForwarderHeadersTransformer matched:
      - @ConditionalOnBean (types: org.springframework.cloud.loadbalancer.support.LoadBalancerClientFactory; SearchStrategy: all) found bean 'loadBalancerClientFactory'; @ConditionalOnMissingBean (types: org.springframework.cloud.loadbalancer.blocking.XForwardedHeadersTransformer; SearchStrategy: all) did not find any beans (OnBeanCondition)

   CompatibilityVerifierAutoConfiguration matched:
      - @ConditionalOnProperty (spring.cloud.compatibility-verifier.enabled) matched (OnPropertyCondition)

   ConfigurationPropertiesRebinderAutoConfiguration matched:
      - @ConditionalOnBean (types: org.springframework.boot.context.properties.ConfigurationPropertiesBindingPostProcessor; SearchStrategy: all) found bean 'org.springframework.boot.context.properties.ConfigurationPropertiesBindingPostProcessor' (OnBeanCondition)

   ConfigurationPropertiesRebinderAutoConfiguration#configurationPropertiesBeans matched:
      - @ConditionalOnMissingBean (types: org.springframework.cloud.context.properties.ConfigurationPropertiesBeans; SearchStrategy: current) did not find any beans (OnBeanCondition)

   ConfigurationPropertiesRebinderAutoConfiguration#configurationPropertiesRebinder matched:
      - @ConditionalOnMissingBean (types: org.springframework.cloud.context.properties.ConfigurationPropertiesRebinder; SearchStrategy: current) did not find any beans (OnBeanCondition)

   DataSourceAutoConfiguration matched:
      - @ConditionalOnClass found required classes 'javax.sql.DataSource', 'org.springframework.jdbc.datasource.embedded.EmbeddedDatabaseType' (OnClassCondition)
      - @ConditionalOnMissingBean (types: io.r2dbc.spi.ConnectionFactory; SearchStrategy: all) did not find any beans (OnBeanCondition)

   DataSourceConfiguration.Hikari matched:
      - @ConditionalOnClass found required class 'com.zaxxer.hikari.HikariDataSource' (OnClassCondition)
      - @ConditionalOnProperty (spring.datasource.type=com.zaxxer.hikari.HikariDataSource) matched (OnPropertyCondition)

   DataSourceInitializationConfiguration matched:
      - @ConditionalOnClass found required class 'org.springframework.jdbc.datasource.init.DatabasePopulator' (OnClassCondition)
      - @ConditionalOnSingleCandidate (types: javax.sql.DataSource; SearchStrategy: all) found a primary bean from beans 'dataSource'; @ConditionalOnMissingBean (types: org.springframework.boot.autoconfigure.sql.init.SqlDataSourceScriptDatabaseInitializer,org.springframework.boot.autoconfigure.sql.init.SqlR2dbcScriptDatabaseInitializer; SearchStrategy: all) did not find any beans (OnBeanCondition)

   DataSourceJmxConfiguration matched:
      - @ConditionalOnProperty (spring.jmx.enabled=true) matched (OnPropertyCondition)

   DataSourceJmxConfiguration.Hikari matched:
      - @ConditionalOnClass found required class 'com.zaxxer.hikari.HikariDataSource' (OnClassCondition)

   DataSourcePoolMetadataProvidersConfiguration.HikariPoolDataSourceMetadataProviderConfiguration matched:
      - @ConditionalOnClass found required class 'com.zaxxer.hikari.HikariDataSource' (OnClassCondition)

   DataSourceTransactionManagerAutoConfiguration matched:
      - @ConditionalOnClass found required classes 'org.springframework.jdbc.core.JdbcTemplate', 'org.springframework.transaction.TransactionManager' (OnClassCondition)

   DataSourceTransactionManagerAutoConfiguration.JdbcTransactionManagerConfiguration matched:
      - @ConditionalOnSingleCandidate (types: javax.sql.DataSource; SearchStrategy: all) found a primary bean from beans 'dataSource' (OnBeanCondition)

   DataSourceTransactionManagerAutoConfiguration.JdbcTransactionManagerConfiguration#transactionManager matched:
      - @ConditionalOnMissingBean (types: org.springframework.transaction.TransactionManager; SearchStrategy: all) did not find any beans (OnBeanCondition)

   DefaultFeignLoadBalancerConfiguration#feignClient matched:
      - AnyNestedCondition 2 matched 1 did not; NestedCondition on OnRetryNotEnabledCondition.OnLoadBalancerRetryEnabledCondition @ConditionalOnProperty (spring.cloud.loadbalancer.retry.enabled=false) did not find property 'spring.cloud.loadbalancer.retry.enabled'; NestedCondition on OnRetryNotEnabledCondition.OnRetryFactoryCondition @ConditionalOnMissingBean (types: org.springframework.cloud.client.loadbalancer.LoadBalancedRetryFactory; SearchStrategy: all) did not find any beans; NestedCondition on OnRetryNotEnabledCondition.OnNoRetryTemplateCondition @ConditionalOnMissingClass did not find unwanted class 'org.springframework.retry.support.RetryTemplate' (OnRetryNotEnabledCondition)
      - @ConditionalOnMissingBean (types: feign.Client; SearchStrategy: all) did not find any beans (OnBeanCondition)

   DispatcherServletAutoConfiguration matched:
      - @ConditionalOnClass found required class 'org.springframework.web.servlet.DispatcherServlet' (OnClassCondition)
      - found 'session' scope (OnWebApplicationCondition)

   DispatcherServletAutoConfiguration.DispatcherServletConfiguration matched:
      - @ConditionalOnClass found required class 'javax.servlet.ServletRegistration' (OnClassCondition)
      - Default DispatcherServlet did not find dispatcher servlet beans (DispatcherServletAutoConfiguration.DefaultDispatcherServletCondition)

   DispatcherServletAutoConfiguration.DispatcherServletRegistrationConfiguration matched:
      - @ConditionalOnClass found required class 'javax.servlet.ServletRegistration' (OnClassCondition)
      - DispatcherServlet Registration did not find servlet registration bean (DispatcherServletAutoConfiguration.DispatcherServletRegistrationCondition)

   DispatcherServletAutoConfiguration.DispatcherServletRegistrationConfiguration#dispatcherServletRegistration matched:
      - @ConditionalOnBean (names: dispatcherServlet types: org.springframework.web.servlet.DispatcherServlet; SearchStrategy: all) found bean 'dispatcherServlet' (OnBeanCondition)

   DruidDataSourceAutoConfigure matched:
      - @ConditionalOnClass found required class 'com.alibaba.druid.pool.DruidDataSource' (OnClassCondition)

   DruidDataSourceAutoConfigure#dataSource matched:
      - @ConditionalOnMissingBean (types: javax.sql.DataSource; SearchStrategy: all) did not find any beans (OnBeanCondition)

   EmbeddedWebServerFactoryCustomizerAutoConfiguration matched:
      - @ConditionalOnWebApplication (required) found 'session' scope (OnWebApplicationCondition)

   EmbeddedWebServerFactoryCustomizerAutoConfiguration.TomcatWebServerFactoryCustomizerConfiguration matched:
      - @ConditionalOnClass found required classes 'org.apache.catalina.startup.Tomcat', 'org.apache.coyote.UpgradeProtocol' (OnClassCondition)

   ErrorMvcAutoConfiguration matched:
      - @ConditionalOnClass found required classes 'javax.servlet.Servlet', 'org.springframework.web.servlet.DispatcherServlet' (OnClassCondition)
      - found 'session' scope (OnWebApplicationCondition)

   ErrorMvcAutoConfiguration#basicErrorController matched:
      - @ConditionalOnMissingBean (types: org.springframework.boot.web.servlet.error.ErrorController; SearchStrategy: current) did not find any beans (OnBeanCondition)

   ErrorMvcAutoConfiguration#errorAttributes matched:
      - @ConditionalOnMissingBean (types: org.springframework.boot.web.servlet.error.ErrorAttributes; SearchStrategy: current) did not find any beans (OnBeanCondition)

   ErrorMvcAutoConfiguration.DefaultErrorViewResolverConfiguration#conventionErrorViewResolver matched:
      - @ConditionalOnBean (types: org.springframework.web.servlet.DispatcherServlet; SearchStrategy: all) found bean 'dispatcherServlet'; @ConditionalOnMissingBean (types: org.springframework.boot.autoconfigure.web.servlet.error.ErrorViewResolver; SearchStrategy: all) did not find any beans (OnBeanCondition)

   ErrorMvcAutoConfiguration.WhitelabelErrorViewConfiguration matched:
      - @ConditionalOnProperty (server.error.whitelabel.enabled) matched (OnPropertyCondition)
      - ErrorTemplate Missing did not find error template view (ErrorMvcAutoConfiguration.ErrorTemplateMissingCondition)

   ErrorMvcAutoConfiguration.WhitelabelErrorViewConfiguration#beanNameViewResolver matched:
      - @ConditionalOnMissingBean (types: org.springframework.web.servlet.view.BeanNameViewResolver; SearchStrategy: all) did not find any beans (OnBeanCondition)

   ErrorMvcAutoConfiguration.WhitelabelErrorViewConfiguration#defaultErrorView matched:
      - @ConditionalOnMissingBean (names: error; SearchStrategy: all) did not find any beans (OnBeanCondition)

   ErrorPageSecurityFilterConfiguration matched:
      - @ConditionalOnClass found required class 'org.springframework.security.web.access.WebInvocationPrivilegeEvaluator' (OnClassCondition)
      - found 'session' scope (OnWebApplicationCondition)

   ErrorPageSecurityFilterConfiguration#errorPageSecurityInterceptor matched:
      - @ConditionalOnBean (types: org.springframework.security.web.access.WebInvocationPrivilegeEvaluator; SearchStrategy: all) found bean 'privilegeEvaluator' (OnBeanCondition)

   FeignAutoConfiguration matched:
      - @ConditionalOnClass found required class 'feign.Feign' (OnClassCondition)

   FeignAutoConfiguration.DefaultFeignTargeterConfiguration matched:
      - AnyNestedCondition 1 matched 1 did not; NestedCondition on FeignCircuitBreakerDisabledConditions.CircuitBreakerDisabled @ConditionalOnProperty (feign.circuitbreaker.enabled=false) matched; NestedCondition on FeignCircuitBreakerDisabledConditions.CircuitBreakerClassMissing @ConditionalOnMissingClass found unwanted class 'org.springframework.cloud.client.circuitbreaker.CircuitBreaker' (FeignCircuitBreakerDisabledConditions)

   FeignAutoConfiguration.DefaultFeignTargeterConfiguration#feignTargeter matched:
      - @ConditionalOnMissingBean (types: org.springframework.cloud.openfeign.Targeter; SearchStrategy: all) did not find any beans (OnBeanCondition)

   FeignLoadBalancerAutoConfiguration matched:
      - @ConditionalOnClass found required class 'feign.Feign' (OnClassCondition)
      - @ConditionalOnBean (types: org.springframework.cloud.client.loadbalancer.LoadBalancerClient,org.springframework.cloud.loadbalancer.support.LoadBalancerClientFactory; SearchStrategy: all) found beans 'blockingLoadBalancerClient', 'loadBalancerClientFactory' (OnBeanCondition)

   GenericCacheConfiguration matched:
      - Cache org.springframework.boot.autoconfigure.cache.GenericCacheConfiguration automatic cache type (CacheCondition)

   HttpClientConfiguration.ApacheHttpClientConfiguration matched:
      - @ConditionalOnClass found required class 'org.apache.http.client.HttpClient' (OnClassCondition)
      - @ConditionalOnProperty (spring.cloud.httpclientfactories.apache.enabled) matched (OnPropertyCondition)

   HttpClientConfiguration.ApacheHttpClientConfiguration#apacheHttpClientBuilder matched:
      - @ConditionalOnMissingBean (types: org.apache.http.impl.client.HttpClientBuilder; SearchStrategy: all) did not find any beans (OnBeanCondition)

   HttpClientConfiguration.ApacheHttpClientConfiguration#apacheHttpClientFactory matched:
      - @ConditionalOnMissingBean (types: org.springframework.cloud.commons.httpclient.ApacheHttpClientFactory; SearchStrategy: all) did not find any beans (OnBeanCondition)

   HttpClientConfiguration.ApacheHttpClientConfiguration#connManFactory matched:
      - @ConditionalOnMissingBean (types: org.springframework.cloud.commons.httpclient.ApacheHttpClientConnectionManagerFactory; SearchStrategy: all) did not find any beans (OnBeanCondition)

   HttpEncodingAutoConfiguration matched:
      - @ConditionalOnClass found required class 'org.springframework.web.filter.CharacterEncodingFilter' (OnClassCondition)
      - found 'session' scope (OnWebApplicationCondition)
      - @ConditionalOnProperty (server.servlet.encoding.enabled) matched (OnPropertyCondition)

   HttpEncodingAutoConfiguration#characterEncodingFilter matched:
      - @ConditionalOnMissingBean (types: org.springframework.web.filter.CharacterEncodingFilter; SearchStrategy: all) did not find any beans (OnBeanCondition)

   HttpMessageConvertersAutoConfiguration matched:
      - @ConditionalOnClass found required class 'org.springframework.http.converter.HttpMessageConverter' (OnClassCondition)
      - NoneNestedConditions 0 matched 1 did not; NestedCondition on HttpMessageConvertersAutoConfiguration.NotReactiveWebApplicationCondition.ReactiveWebApplication did not find reactive web application classes (HttpMessageConvertersAutoConfiguration.NotReactiveWebApplicationCondition)

   HttpMessageConvertersAutoConfiguration#messageConverters matched:
      - @ConditionalOnMissingBean (types: org.springframework.boot.autoconfigure.http.HttpMessageConverters; SearchStrategy: all) did not find any beans (OnBeanCondition)

   HttpMessageConvertersAutoConfiguration.StringHttpMessageConverterConfiguration matched:
      - @ConditionalOnClass found required class 'org.springframework.http.converter.StringHttpMessageConverter' (OnClassCondition)

   HttpMessageConvertersAutoConfiguration.StringHttpMessageConverterConfiguration#stringHttpMessageConverter matched:
      - @ConditionalOnMissingBean (types: org.springframework.http.converter.StringHttpMessageConverter; SearchStrategy: all) did not find any beans (OnBeanCondition)

   JacksonAutoConfiguration matched:
      - @ConditionalOnClass found required class 'com.fasterxml.jackson.databind.ObjectMapper' (OnClassCondition)

   JacksonAutoConfiguration.Jackson2ObjectMapperBuilderCustomizerConfiguration matched:
      - @ConditionalOnClass found required class 'org.springframework.http.converter.json.Jackson2ObjectMapperBuilder' (OnClassCondition)

   JacksonAutoConfiguration.JacksonObjectMapperBuilderConfiguration matched:
      - @ConditionalOnClass found required class 'org.springframework.http.converter.json.Jackson2ObjectMapperBuilder' (OnClassCondition)

   JacksonAutoConfiguration.JacksonObjectMapperBuilderConfiguration#jacksonObjectMapperBuilder matched:
      - @ConditionalOnMissingBean (types: org.springframework.http.converter.json.Jackson2ObjectMapperBuilder; SearchStrategy: all) did not find any beans (OnBeanCondition)

   JacksonAutoConfiguration.JacksonObjectMapperConfiguration matched:
      - @ConditionalOnClass found required class 'org.springframework.http.converter.json.Jackson2ObjectMapperBuilder' (OnClassCondition)

   JacksonAutoConfiguration.JacksonObjectMapperConfiguration#jacksonObjectMapper matched:
      - @ConditionalOnMissingBean (types: com.fasterxml.jackson.databind.ObjectMapper; SearchStrategy: all) did not find any beans (OnBeanCondition)

   JacksonAutoConfiguration.ParameterNamesModuleConfiguration matched:
      - @ConditionalOnClass found required class 'com.fasterxml.jackson.module.paramnames.ParameterNamesModule' (OnClassCondition)

   JacksonAutoConfiguration.ParameterNamesModuleConfiguration#parameterNamesModule matched:
      - @ConditionalOnMissingBean (types: com.fasterxml.jackson.module.paramnames.ParameterNamesModule; SearchStrategy: all) did not find any beans (OnBeanCondition)

   JacksonHttpMessageConvertersConfiguration.MappingJackson2HttpMessageConverterConfiguration matched:
      - @ConditionalOnClass found required class 'com.fasterxml.jackson.databind.ObjectMapper' (OnClassCondition)
      - @ConditionalOnProperty (spring.mvc.converters.preferred-json-mapper=jackson) matched (OnPropertyCondition)
      - @ConditionalOnBean (types: com.fasterxml.jackson.databind.ObjectMapper; SearchStrategy: all) found bean 'jacksonObjectMapper' (OnBeanCondition)

   JacksonHttpMessageConvertersConfiguration.MappingJackson2HttpMessageConverterConfiguration#mappingJackson2HttpMessageConverter matched:
      - @ConditionalOnMissingBean (types: org.springframework.http.converter.json.MappingJackson2HttpMessageConverter ignored: org.springframework.hateoas.server.mvc.TypeConstrainedMappingJackson2HttpMessageConverter,org.springframework.data.rest.webmvc.alps.AlpsJsonHttpMessageConverter; SearchStrategy: all) did not find any beans (OnBeanCondition)

   JdbcTemplateAutoConfiguration matched:
      - @ConditionalOnClass found required classes 'javax.sql.DataSource', 'org.springframework.jdbc.core.JdbcTemplate' (OnClassCondition)
      - @ConditionalOnSingleCandidate (types: javax.sql.DataSource; SearchStrategy: all) found a primary bean from beans 'dataSource' (OnBeanCondition)

   JdbcTemplateConfiguration matched:
      - @ConditionalOnMissingBean (types: org.springframework.jdbc.core.JdbcOperations; SearchStrategy: all) did not find any beans (OnBeanCondition)

   JmxAutoConfiguration matched:
      - @ConditionalOnClass found required class 'org.springframework.jmx.export.MBeanExporter' (OnClassCondition)
      - @ConditionalOnProperty (spring.jmx.enabled=true) matched (OnPropertyCondition)

   JmxAutoConfiguration#mbeanExporter matched:
      - @ConditionalOnMissingBean (types: org.springframework.jmx.export.MBeanExporter; SearchStrategy: current) did not find any beans (OnBeanCondition)

   JmxAutoConfiguration#mbeanServer matched:
      - @ConditionalOnMissingBean (types: javax.management.MBeanServer; SearchStrategy: all) did not find any beans (OnBeanCondition)

   JmxAutoConfiguration#objectNamingStrategy matched:
      - @ConditionalOnMissingBean (types: org.springframework.jmx.export.naming.ObjectNamingStrategy; SearchStrategy: current) did not find any beans (OnBeanCondition)

   LifecycleAutoConfiguration#defaultLifecycleProcessor matched:
      - @ConditionalOnMissingBean (names: lifecycleProcessor; SearchStrategy: current) did not find any beans (OnBeanCondition)

   LifecycleMvcEndpointAutoConfiguration#environmentManager matched:
      - @ConditionalOnMissingBean (types: org.springframework.cloud.context.environment.EnvironmentManager; SearchStrategy: all) did not find any beans (OnBeanCondition)

   org.springframework.cloud.client.loadbalancer.LoadBalancerAutoConfiguration matched:
      - @ConditionalOnClass found required class 'org.springframework.web.client.RestTemplate' (OnClassCondition)
      - @ConditionalOnBean (types: org.springframework.cloud.client.loadbalancer.LoadBalancerClient; SearchStrategy: all) found bean 'blockingLoadBalancerClient' (OnBeanCondition)

   org.springframework.cloud.loadbalancer.config.LoadBalancerAutoConfiguration matched:
      - @ConditionalOnProperty (spring.cloud.loadbalancer.enabled=true) matched (OnPropertyCondition)

   LoadBalancerAutoConfiguration#loadBalancerClientFactory matched:
      - @ConditionalOnMissingBean (types: org.springframework.cloud.loadbalancer.support.LoadBalancerClientFactory; SearchStrategy: all) did not find any beans (OnBeanCondition)

   LoadBalancerAutoConfiguration#loadBalancerRequestFactory matched:
      - @ConditionalOnMissingBean (types: org.springframework.cloud.client.loadbalancer.LoadBalancerRequestFactory; SearchStrategy: all) did not find any beans (OnBeanCondition)

   LoadBalancerAutoConfiguration#zoneConfig matched:
      - @ConditionalOnMissingBean (types: org.springframework.cloud.loadbalancer.config.LoadBalancerZoneConfig; SearchStrategy: all) did not find any beans (OnBeanCondition)

   LoadBalancerAutoConfiguration.LoadBalancerInterceptorConfig matched:
      - AnyNestedCondition 1 matched 1 did not; NestedCondition on LoadBalancerAutoConfiguration.RetryMissingOrDisabledCondition.RetryDisabled @ConditionalOnProperty (spring.cloud.loadbalancer.retry.enabled=false) did not find property 'spring.cloud.loadbalancer.retry.enabled'; NestedCondition on LoadBalancerAutoConfiguration.RetryMissingOrDisabledCondition.RetryTemplateMissing @ConditionalOnMissingClass did not find unwanted class 'org.springframework.retry.support.RetryTemplate' (LoadBalancerAutoConfiguration.RetryMissingOrDisabledCondition)

   LoadBalancerAutoConfiguration.LoadBalancerInterceptorConfig#restTemplateCustomizer matched:
      - @ConditionalOnMissingBean (types: org.springframework.cloud.client.loadbalancer.RestTemplateCustomizer; SearchStrategy: all) did not find any beans (OnBeanCondition)

   LoadBalancerCacheAutoConfiguration matched:
      - @ConditionalOnClass found required classes 'org.springframework.cache.CacheManager', 'org.springframework.boot.autoconfigure.cache.CacheAutoConfiguration' (OnClassCondition)
      - @ConditionalOnProperty (spring.cloud.loadbalancer.cache.enabled) matched (OnPropertyCondition)

   LoadBalancerCacheAutoConfiguration.LoadBalancerCacheManagerWarnConfiguration matched:
      - AnyNestedCondition 2 matched 0 did not; NestedCondition on LoadBalancerCacheAutoConfiguration.OnCaffeineCacheMissingCondition.CaffeineCacheManagerClassMissing @ConditionalOnMissingClass did not find unwanted class 'org.springframework.cache.caffeine.CaffeineCacheManager'; NestedCondition on LoadBalancerCacheAutoConfiguration.OnCaffeineCacheMissingCondition.CaffeineClassMissing @ConditionalOnMissingClass did not find unwanted class 'com.github.benmanes.caffeine.cache.Caffeine' (LoadBalancerCacheAutoConfiguration.OnCaffeineCacheMissingCondition)

   MultipartAutoConfiguration matched:
      - @ConditionalOnClass found required classes 'javax.servlet.Servlet', 'org.springframework.web.multipart.support.StandardServletMultipartResolver', 'javax.servlet.MultipartConfigElement' (OnClassCondition)
      - found 'session' scope (OnWebApplicationCondition)
      - @ConditionalOnProperty (spring.servlet.multipart.enabled) matched (OnPropertyCondition)

   MultipartAutoConfiguration#multipartConfigElement matched:
      - @ConditionalOnMissingBean (types: javax.servlet.MultipartConfigElement,org.springframework.web.multipart.commons.CommonsMultipartResolver; SearchStrategy: all) did not find any beans (OnBeanCondition)

   MultipartAutoConfiguration#multipartResolver matched:
      - @ConditionalOnMissingBean (types: org.springframework.web.multipart.MultipartResolver; SearchStrategy: all) did not find any beans (OnBeanCondition)

   MybatisAutoConfiguration matched:
      - @ConditionalOnClass found required classes 'org.apache.ibatis.session.SqlSessionFactory', 'org.mybatis.spring.SqlSessionFactoryBean' (OnClassCondition)
      - @ConditionalOnSingleCandidate (types: javax.sql.DataSource; SearchStrategy: all) found a primary bean from beans 'dataSource' (OnBeanCondition)

   MybatisAutoConfiguration#sqlSessionFactory matched:
      - @ConditionalOnMissingBean (types: org.apache.ibatis.session.SqlSessionFactory; SearchStrategy: all) did not find any beans (OnBeanCondition)

   MybatisAutoConfiguration#sqlSessionTemplate matched:
      - @ConditionalOnMissingBean (types: org.mybatis.spring.SqlSessionTemplate; SearchStrategy: all) did not find any beans (OnBeanCondition)

   MybatisAutoConfiguration.MapperScannerRegistrarNotFoundConfiguration matched:
      - @ConditionalOnMissingBean (types: org.mybatis.spring.mapper.MapperFactoryBean,org.mybatis.spring.mapper.MapperScannerConfigurer; SearchStrategy: all) did not find any beans (OnBeanCondition)

   MybatisLanguageDriverAutoConfiguration matched:
      - @ConditionalOnClass found required class 'org.apache.ibatis.scripting.LanguageDriver' (OnClassCondition)

   NacosConfigAutoConfiguration matched:
      - @ConditionalOnProperty (spring.cloud.nacos.config.enabled) matched (OnPropertyCondition)

   NacosConfigAutoConfiguration#nacosConfigProperties matched:
      - @ConditionalOnMissingBean (types: com.alibaba.cloud.nacos.NacosConfigProperties; SearchStrategy: current) did not find any beans (OnBeanCondition)

   NacosDiscoveryAutoConfiguration matched:
      - @ConditionalOnProperty (spring.cloud.discovery.enabled) matched; @ConditionalOnProperty (spring.cloud.nacos.discovery.enabled) matched (OnPropertyCondition)

   NacosDiscoveryAutoConfiguration#nacosProperties matched:
      - @ConditionalOnMissingBean (types: com.alibaba.cloud.nacos.NacosDiscoveryProperties; SearchStrategy: all) did not find any beans (OnBeanCondition)

   NacosDiscoveryAutoConfiguration#nacosServiceDiscovery matched:
      - @ConditionalOnMissingBean (types: com.alibaba.cloud.nacos.discovery.NacosServiceDiscovery; SearchStrategy: all) did not find any beans (OnBeanCondition)

   NacosDiscoveryClientConfiguration matched:
      - @ConditionalOnProperty (spring.cloud.discovery.enabled) matched; @ConditionalOnProperty (spring.cloud.discovery.blocking.enabled) matched; @ConditionalOnProperty (spring.cloud.nacos.discovery.enabled) matched (OnPropertyCondition)

   NacosDiscoveryClientConfiguration#nacosWatch matched:
      - @ConditionalOnProperty (spring.cloud.nacos.discovery.watch.enabled) matched (OnPropertyCondition)
      - @ConditionalOnMissingBean (types: com.alibaba.cloud.nacos.discovery.NacosWatch; SearchStrategy: all) did not find any beans (OnBeanCondition)

   NacosServiceAutoConfiguration matched:
      - @ConditionalOnProperty (spring.cloud.discovery.enabled) matched; @ConditionalOnProperty (spring.cloud.nacos.discovery.enabled) matched (OnPropertyCondition)

   NacosServiceRegistryAutoConfiguration matched:
      - @ConditionalOnProperty (spring.cloud.service-registry.auto-registration.enabled) matched; @ConditionalOnProperty (spring.cloud.nacos.discovery.enabled) matched (OnPropertyCondition)

   NacosServiceRegistryAutoConfiguration#nacosAutoServiceRegistration matched:
      - @ConditionalOnBean (types: org.springframework.cloud.client.serviceregistry.AutoServiceRegistrationProperties; SearchStrategy: all) found bean 'spring.cloud.service-registry.auto-registration-org.springframework.cloud.client.serviceregistry.AutoServiceRegistrationProperties' (OnBeanCondition)

   NacosServiceRegistryAutoConfiguration#nacosRegistration matched:
      - @ConditionalOnBean (types: org.springframework.cloud.client.serviceregistry.AutoServiceRegistrationProperties; SearchStrategy: all) found bean 'spring.cloud.service-registry.auto-registration-org.springframework.cloud.client.serviceregistry.AutoServiceRegistrationProperties' (OnBeanCondition)

   NamedParameterJdbcTemplateConfiguration matched:
      - @ConditionalOnSingleCandidate (types: org.springframework.jdbc.core.JdbcTemplate; SearchStrategy: all) found a primary bean from beans 'jdbcTemplate'; @ConditionalOnMissingBean (types: org.springframework.jdbc.core.namedparam.NamedParameterJdbcOperations; SearchStrategy: all) did not find any beans (OnBeanCondition)

   NettyAutoConfiguration matched:
      - @ConditionalOnClass found required class 'io.netty.util.NettyRuntime' (OnClassCondition)

   NoOpCacheConfiguration matched:
      - Cache org.springframework.boot.autoconfigure.cache.NoOpCacheConfiguration automatic cache type (CacheCondition)

   PersistenceExceptionTranslationAutoConfiguration matched:
      - @ConditionalOnClass found required class 'org.springframework.dao.annotation.PersistenceExceptionTranslationPostProcessor' (OnClassCondition)

   PersistenceExceptionTranslationAutoConfiguration#persistenceExceptionTranslationPostProcessor matched:
      - @ConditionalOnProperty (spring.dao.exceptiontranslation.enabled) matched (OnPropertyCondition)
      - @ConditionalOnMissingBean (types: org.springframework.dao.annotation.PersistenceExceptionTranslationPostProcessor; SearchStrategy: all) did not find any beans (OnBeanCondition)

   PropertyPlaceholderAutoConfiguration#propertySourcesPlaceholderConfigurer matched:
      - @ConditionalOnMissingBean (types: org.springframework.context.support.PropertySourcesPlaceholderConfigurer; SearchStrategy: current) did not find any beans (OnBeanCondition)

   ReactiveSentinelCircuitBreakerAutoConfiguration matched:
      - @ConditionalOnClass found required classes 'reactor.core.publisher.Mono', 'reactor.core.publisher.Flux' (OnClassCondition)
      - @ConditionalOnProperty (spring.cloud.circuitbreaker.sentinel.enabled=true) matched (OnPropertyCondition)

   ReactiveSentinelCircuitBreakerAutoConfiguration#reactiveSentinelCircuitBreakerFactory matched:
      - @ConditionalOnMissingBean (types: org.springframework.cloud.client.circuitbreaker.ReactiveCircuitBreakerFactory; SearchStrategy: all) did not find any beans (OnBeanCondition)

   RefreshAutoConfiguration matched:
      - @ConditionalOnClass found required class 'org.springframework.cloud.context.scope.refresh.RefreshScope' (OnClassCondition)
      - @ConditionalOnProperty (spring.cloud.refresh.enabled) matched (OnPropertyCondition)

   RefreshAutoConfiguration#legacyContextRefresher matched:
      - AnyNestedCondition 1 matched 2 did not; NestedCondition on ConditionalOnBootstrapEnabled.OnBootstrapEnabledCondition.OnBootstrapEnabled @ConditionalOnProperty (spring.cloud.bootstrap.enabled) did not find property 'spring.cloud.bootstrap.enabled'; NestedCondition on ConditionalOnBootstrapEnabled.OnBootstrapEnabledCondition.OnUseLegacyProcessingEnabled @ConditionalOnProperty (spring.config.use-legacy-processing) did not find property 'spring.config.use-legacy-processing'; NestedCondition on ConditionalOnBootstrapEnabled.OnBootstrapEnabledCondition.OnBootstrapMarkerClassPresent @ConditionalOnClass found required class 'org.springframework.cloud.bootstrap.marker.Marker' (ConditionalOnBootstrapEnabled.OnBootstrapEnabledCondition)
      - @ConditionalOnMissingBean (types: org.springframework.cloud.context.refresh.LegacyContextRefresher; SearchStrategy: all) did not find any beans (OnBeanCondition)

   RefreshAutoConfiguration#loggingRebinder matched:
      - @ConditionalOnMissingBean (types: org.springframework.cloud.logging.LoggingRebinder; SearchStrategy: all) did not find any beans (OnBeanCondition)

   RefreshAutoConfiguration#refreshScope matched:
      - @ConditionalOnMissingBean (types: org.springframework.cloud.context.scope.refresh.RefreshScope; SearchStrategy: all) did not find any beans (OnBeanCondition)

   RestTemplateAutoConfiguration matched:
      - @ConditionalOnClass found required class 'org.springframework.web.client.RestTemplate' (OnClassCondition)
      - NoneNestedConditions 0 matched 1 did not; NestedCondition on RestTemplateAutoConfiguration.NotReactiveWebApplicationCondition.ReactiveWebApplication did not find reactive web application classes (RestTemplateAutoConfiguration.NotReactiveWebApplicationCondition)

   RestTemplateAutoConfiguration#restTemplateBuilder matched:
      - @ConditionalOnMissingBean (types: org.springframework.boot.web.client.RestTemplateBuilder; SearchStrategy: all) did not find any beans (OnBeanCondition)

   RestTemplateAutoConfiguration#restTemplateBuilderConfigurer matched:
      - @ConditionalOnMissingBean (types: org.springframework.boot.autoconfigure.web.client.RestTemplateBuilderConfigurer; SearchStrategy: all) did not find any beans (OnBeanCondition)

   SecurityAutoConfiguration matched:
      - @ConditionalOnClass found required class 'org.springframework.security.authentication.DefaultAuthenticationEventPublisher' (OnClassCondition)

   SecurityAutoConfiguration#authenticationEventPublisher matched:
      - @ConditionalOnMissingBean (types: org.springframework.security.authentication.AuthenticationEventPublisher; SearchStrategy: all) did not find any beans (OnBeanCondition)

   SecurityFilterAutoConfiguration matched:
      - @ConditionalOnClass found required classes 'org.springframework.security.web.context.AbstractSecurityWebApplicationInitializer', 'org.springframework.security.config.http.SessionCreationPolicy' (OnClassCondition)
      - found 'session' scope (OnWebApplicationCondition)

   SecurityFilterAutoConfiguration#securityFilterChainRegistration matched:
      - @ConditionalOnBean (names: springSecurityFilterChain; SearchStrategy: all) found bean 'springSecurityFilterChain' (OnBeanCondition)

   SentinelAutoConfiguration matched:
      - @ConditionalOnProperty (spring.cloud.sentinel.enabled) matched (OnPropertyCondition)

   SentinelAutoConfiguration#sentinelBeanPostProcessor matched:
      - @ConditionalOnClass found required class 'org.springframework.web.client.RestTemplate' (OnClassCondition)
      - @ConditionalOnProperty (resttemplate.sentinel.enabled=true) matched (OnPropertyCondition)
      - @ConditionalOnMissingBean (types: com.alibaba.cloud.sentinel.custom.SentinelBeanPostProcessor; SearchStrategy: all) did not find any beans (OnBeanCondition)

   SentinelAutoConfiguration#sentinelDataSourceHandler matched:
      - @ConditionalOnMissingBean (types: com.alibaba.cloud.sentinel.custom.SentinelDataSourceHandler; SearchStrategy: all) did not find any beans (OnBeanCondition)

   SentinelAutoConfiguration#sentinelResourceAspect matched:
      - @ConditionalOnMissingBean (types: com.alibaba.csp.sentinel.annotation.aspectj.SentinelResourceAspect; SearchStrategy: all) did not find any beans (OnBeanCondition)

   SentinelAutoConfiguration.SentinelConverterConfiguration matched:
      - @ConditionalOnClass found required class 'com.fasterxml.jackson.databind.ObjectMapper' (OnClassCondition)

   SentinelCircuitBreakerAutoConfiguration matched:
      - @ConditionalOnClass found required class 'com.alibaba.csp.sentinel.SphU' (OnClassCondition)
      - @ConditionalOnProperty (spring.cloud.circuitbreaker.sentinel.enabled=true) matched (OnPropertyCondition)

   SentinelCircuitBreakerAutoConfiguration#sentinelCircuitBreakerFactory matched:
      - @ConditionalOnMissingBean (types: org.springframework.cloud.client.circuitbreaker.CircuitBreakerFactory; SearchStrategy: all) did not find any beans (OnBeanCondition)

   SentinelFeignAutoConfiguration matched:
      - @ConditionalOnClass found required classes 'com.alibaba.csp.sentinel.SphU', 'feign.Feign' (OnClassCondition)

   SentinelFeignAutoConfiguration#feignSentinelBuilder matched:
      - @ConditionalOnProperty (feign.sentinel.enabled) matched (OnPropertyCondition)
      - @ConditionalOnMissingBean (types: feign.Feign$Builder; SearchStrategy: all) did not find any beans (OnBeanCondition)

   SentinelFeignClientAutoConfiguration matched:
      - @ConditionalOnClass found required classes 'feign.Feign', 'org.springframework.cloud.openfeign.FeignClientFactoryBean' (OnClassCondition)
      - @ConditionalOnProperty (spring.cloud.circuitbreaker.sentinel.enabled=true) matched (OnPropertyCondition)

   SentinelFeignClientAutoConfiguration.CircuitBreakerListenerConfiguration matched:
      - @ConditionalOnProperty (feign.sentinel.refresh-rules=true) matched (OnPropertyCondition)

   SentinelFeignClientAutoConfiguration.CircuitBreakerNameResolverConfiguration matched:
      - @ConditionalOnClass found required class 'org.springframework.cloud.openfeign.CircuitBreakerNameResolver' (OnClassCondition)

   SentinelFeignClientAutoConfiguration.CircuitBreakerNameResolverConfiguration#feignClientCircuitNameResolver matched:
      - @ConditionalOnMissingBean (types: org.springframework.cloud.openfeign.CircuitBreakerNameResolver; SearchStrategy: all) did not find any beans (OnBeanCondition)

   SentinelFeignClientAutoConfiguration.ReactiveSentinelCustomizerConfiguration matched:
      - @ConditionalOnClass found required classes 'reactor.core.publisher.Mono', 'reactor.core.publisher.Flux' (OnClassCondition)

   SentinelWebAutoConfiguration matched:
      - @ConditionalOnClass found required class 'com.alibaba.csp.sentinel.adapter.spring.webmvc.SentinelWebInterceptor' (OnClassCondition)
      - found 'session' scope (OnWebApplicationCondition)
      - @ConditionalOnProperty (spring.cloud.sentinel.enabled) matched (OnPropertyCondition)

   SentinelWebAutoConfiguration#sentinelWebInterceptor matched:
      - @ConditionalOnProperty (spring.cloud.sentinel.filter.enabled) matched (OnPropertyCondition)

   SentinelWebAutoConfiguration#sentinelWebMvcConfig matched:
      - @ConditionalOnProperty (spring.cloud.sentinel.filter.enabled) matched (OnPropertyCondition)

   SentinelWebAutoConfiguration#sentinelWebMvcConfigurer matched:
      - @ConditionalOnProperty (spring.cloud.sentinel.filter.enabled) matched (OnPropertyCondition)

   ServletWebServerFactoryAutoConfiguration matched:
      - @ConditionalOnClass found required class 'javax.servlet.ServletRequest' (OnClassCondition)
      - found 'session' scope (OnWebApplicationCondition)

   ServletWebServerFactoryAutoConfiguration#tomcatServletWebServerFactoryCustomizer matched:
      - @ConditionalOnClass found required class 'org.apache.catalina.startup.Tomcat' (OnClassCondition)

   ServletWebServerFactoryConfiguration.EmbeddedTomcat matched:
      - @ConditionalOnClass found required classes 'javax.servlet.Servlet', 'org.apache.catalina.startup.Tomcat', 'org.apache.coyote.UpgradeProtocol' (OnClassCondition)
      - @ConditionalOnMissingBean (types: org.springframework.boot.web.servlet.server.ServletWebServerFactory; SearchStrategy: current) did not find any beans (OnBeanCondition)

   SimpleCacheConfiguration matched:
      - Cache org.springframework.boot.autoconfigure.cache.SimpleCacheConfiguration automatic cache type (CacheCondition)

   SimpleDiscoveryClientAutoConfiguration#simpleDiscoveryProperties matched:
      - @ConditionalOnMissingBean (types: org.springframework.cloud.client.discovery.simple.SimpleDiscoveryProperties; SearchStrategy: all) did not find any beans (OnBeanCondition)

   SpringApplicationAdminJmxAutoConfiguration matched:
      - @ConditionalOnProperty (spring.application.admin.enabled=true) matched (OnPropertyCondition)

   SpringApplicationAdminJmxAutoConfiguration#springApplicationAdminRegistrar matched:
      - @ConditionalOnMissingBean (types: org.springframework.boot.admin.SpringApplicationAdminMXBeanRegistrar; SearchStrategy: all) did not find any beans (OnBeanCondition)

   SqlInitializationAutoConfiguration matched:
      - @ConditionalOnProperty (spring.sql.init.enabled) matched (OnPropertyCondition)
      - NoneNestedConditions 0 matched 1 did not; NestedCondition on SqlInitializationAutoConfiguration.SqlInitializationModeCondition.ModeIsNever @ConditionalOnProperty (spring.sql.init.mode=never) did not find property 'mode' (SqlInitializationAutoConfiguration.SqlInitializationModeCondition)

   TaskExecutionAutoConfiguration matched:
      - @ConditionalOnClass found required class 'org.springframework.scheduling.concurrent.ThreadPoolTaskExecutor' (OnClassCondition)

   TaskExecutionAutoConfiguration#applicationTaskExecutor matched:
      - @ConditionalOnMissingBean (types: java.util.concurrent.Executor; SearchStrategy: all) did not find any beans (OnBeanCondition)

   TaskExecutionAutoConfiguration#taskExecutorBuilder matched:
      - @ConditionalOnMissingBean (types: org.springframework.boot.task.TaskExecutorBuilder; SearchStrategy: all) did not find any beans (OnBeanCondition)

   TaskSchedulingAutoConfiguration matched:
      - @ConditionalOnClass found required class 'org.springframework.scheduling.concurrent.ThreadPoolTaskScheduler' (OnClassCondition)

   TaskSchedulingAutoConfiguration#taskSchedulerBuilder matched:
      - @ConditionalOnMissingBean (types: org.springframework.boot.task.TaskSchedulerBuilder; SearchStrategy: all) did not find any beans (OnBeanCondition)

   TransactionAutoConfiguration matched:
      - @ConditionalOnClass found required class 'org.springframework.transaction.PlatformTransactionManager' (OnClassCondition)

   TransactionAutoConfiguration#platformTransactionManagerCustomizers matched:
      - @ConditionalOnMissingBean (types: org.springframework.boot.autoconfigure.transaction.TransactionManagerCustomizers; SearchStrategy: all) did not find any beans (OnBeanCondition)

   TransactionAutoConfiguration.EnableTransactionManagementConfiguration matched:
      - @ConditionalOnBean (types: org.springframework.transaction.TransactionManager; SearchStrategy: all) found bean 'transactionManager'; @ConditionalOnMissingBean (types: org.springframework.transaction.annotation.AbstractTransactionManagementConfiguration; SearchStrategy: all) did not find any beans (OnBeanCondition)

   TransactionAutoConfiguration.EnableTransactionManagementConfiguration.CglibAutoProxyConfiguration matched:
      - @ConditionalOnProperty (spring.aop.proxy-target-class=true) matched (OnPropertyCondition)

   TransactionAutoConfiguration.TransactionTemplateConfiguration matched:
      - @ConditionalOnSingleCandidate (types: org.springframework.transaction.PlatformTransactionManager; SearchStrategy: all) found a primary bean from beans 'transactionManager' (OnBeanCondition)

   TransactionAutoConfiguration.TransactionTemplateConfiguration#transactionTemplate matched:
      - @ConditionalOnMissingBean (types: org.springframework.transaction.support.TransactionOperations; SearchStrategy: all) did not find any beans (OnBeanCondition)

   UserDetailsServiceAutoConfiguration matched:
      - @ConditionalOnClass found required class 'org.springframework.security.authentication.AuthenticationManager' (OnClassCondition)
      - @ConditionalOnBean (types: org.springframework.security.config.annotation.ObjectPostProcessor; SearchStrategy: all) found bean 'objectPostProcessor'; @ConditionalOnMissingBean (types: org.springframework.security.authentication.AuthenticationManager,org.springframework.security.authentication.AuthenticationProvider,org.springframework.security.core.userdetails.UserDetailsService,org.springframework.security.authentication.AuthenticationManagerResolver,org.springframework.security.oauth2.jwt.JwtDecoder,org.springframework.security.oauth2.server.resource.introspection.OpaqueTokenIntrospector,org.springframework.security.oauth2.client.registration.ClientRegistrationRepository; SearchStrategy: all) did not find any beans (OnBeanCondition)

   UtilAutoConfiguration matched:
      - @ConditionalOnProperty (spring.cloud.util.enabled) matched (OnPropertyCondition)

   UtilAutoConfiguration#inetUtils matched:
      - @ConditionalOnMissingBean (types: org.springframework.cloud.commons.util.InetUtils; SearchStrategy: all) did not find any beans (OnBeanCondition)

   WebMvcAutoConfiguration matched:
      - @ConditionalOnClass found required classes 'javax.servlet.Servlet', 'org.springframework.web.servlet.DispatcherServlet', 'org.springframework.web.servlet.config.annotation.WebMvcConfigurer' (OnClassCondition)
      - found 'session' scope (OnWebApplicationCondition)
      - @ConditionalOnMissingBean (types: org.springframework.web.servlet.config.annotation.WebMvcConfigurationSupport; SearchStrategy: all) did not find any beans (OnBeanCondition)

   WebMvcAutoConfiguration#formContentFilter matched:
      - @ConditionalOnProperty (spring.mvc.formcontent.filter.enabled) matched (OnPropertyCondition)
      - @ConditionalOnMissingBean (types: org.springframework.web.filter.FormContentFilter; SearchStrategy: all) did not find any beans (OnBeanCondition)

   WebMvcAutoConfiguration.EnableWebMvcConfiguration#flashMapManager matched:
      - @ConditionalOnMissingBean (names: flashMapManager; SearchStrategy: all) did not find any beans (OnBeanCondition)

   WebMvcAutoConfiguration.EnableWebMvcConfiguration#localeResolver matched:
      - @ConditionalOnMissingBean (names: localeResolver; SearchStrategy: all) did not find any beans (OnBeanCondition)

   WebMvcAutoConfiguration.EnableWebMvcConfiguration#themeResolver matched:
      - @ConditionalOnMissingBean (names: themeResolver; SearchStrategy: all) did not find any beans (OnBeanCondition)

   WebMvcAutoConfiguration.WebMvcAutoConfigurationAdapter#defaultViewResolver matched:
      - @ConditionalOnMissingBean (types: org.springframework.web.servlet.view.InternalResourceViewResolver; SearchStrategy: all) did not find any beans (OnBeanCondition)

   WebMvcAutoConfiguration.WebMvcAutoConfigurationAdapter#requestContextFilter matched:
      - @ConditionalOnMissingBean (types: org.springframework.web.context.request.RequestContextListener,org.springframework.web.filter.RequestContextFilter; SearchStrategy: all) did not find any beans (OnBeanCondition)

   WebMvcAutoConfiguration.WebMvcAutoConfigurationAdapter#viewResolver matched:
      - @ConditionalOnBean (types: org.springframework.web.servlet.ViewResolver; SearchStrategy: all) found beans 'defaultViewResolver', 'beanNameViewResolver', 'mvcViewResolver'; @ConditionalOnMissingBean (names: viewResolver types: org.springframework.web.servlet.view.ContentNegotiatingViewResolver; SearchStrategy: all) did not find any beans (OnBeanCondition)

   WebSecurityEnablerConfiguration matched:
      - @ConditionalOnClass found required class 'org.springframework.security.config.annotation.web.configuration.EnableWebSecurity' (OnClassCondition)
      - found 'session' scope (OnWebApplicationCondition)
      - @ConditionalOnMissingBean (names: springSecurityFilterChain; SearchStrategy: all) did not find any beans (OnBeanCondition)

   WebSocketServletAutoConfiguration matched:
      - @ConditionalOnClass found required classes 'javax.servlet.Servlet', 'javax.websocket.server.ServerContainer' (OnClassCondition)
      - found 'session' scope (OnWebApplicationCondition)

   WebSocketServletAutoConfiguration.TomcatWebSocketConfiguration matched:
      - @ConditionalOnClass found required classes 'org.apache.catalina.startup.Tomcat', 'org.apache.tomcat.websocket.server.WsSci' (OnClassCondition)

   WebSocketServletAutoConfiguration.TomcatWebSocketConfiguration#websocketServletWebServerCustomizer matched:
      - @ConditionalOnMissingBean (names: websocketServletWebServerCustomizer; SearchStrategy: all) did not find any beans (OnBeanCondition)


Negative matches:
-----------------

   ActiveMQAutoConfiguration:
      Did not match:
         - @ConditionalOnClass did not find required class 'javax.jms.ConnectionFactory' (OnClassCondition)

   AopAutoConfiguration.AspectJAutoProxyingConfiguration.JdkDynamicAutoProxyConfiguration:
      Did not match:
         - @ConditionalOnProperty (spring.aop.proxy-target-class=false) did not find property 'proxy-target-class' (OnPropertyCondition)

   AopAutoConfiguration.ClassProxyingConfiguration:
      Did not match:
         - @ConditionalOnMissingClass found unwanted class 'org.aspectj.weaver.Advice' (OnClassCondition)

   ArtemisAutoConfiguration:
      Did not match:
         - @ConditionalOnClass did not find required class 'javax.jms.ConnectionFactory' (OnClassCondition)

   BatchAutoConfiguration:
      Did not match:
         - @ConditionalOnClass did not find required class 'org.springframework.batch.core.launch.JobLauncher' (OnClassCondition)

   BlockingLoadBalancerClientAutoConfiguration.BlockingLoadBalancerRetryConfig:
      Did not match:
         - @ConditionalOnClass did not find required class 'org.springframework.retry.support.RetryTemplate' (OnClassCondition)

   CacheAutoConfiguration:
      Did not match:
         - @ConditionalOnBean (types: org.springframework.cache.interceptor.CacheAspectSupport; SearchStrategy: all) did not find any beans of type org.springframework.cache.interceptor.CacheAspectSupport (OnBeanCondition)
      Matched:
         - @ConditionalOnClass found required class 'org.springframework.cache.CacheManager' (OnClassCondition)

   CacheAutoConfiguration.CacheManagerEntityManagerFactoryDependsOnPostProcessor:
      Did not match:
         - @ConditionalOnClass did not find required class 'org.springframework.orm.jpa.LocalContainerEntityManagerFactoryBean' (OnClassCondition)
         - Ancestor org.springframework.boot.autoconfigure.cache.CacheAutoConfiguration did not match (ConditionEvaluationReport.AncestorsMatchedCondition)

   CaffeineCacheConfiguration:
      Did not match:
         - @ConditionalOnClass did not find required class 'com.github.benmanes.caffeine.cache.Caffeine' (OnClassCondition)

   CassandraAutoConfiguration:
      Did not match:
         - @ConditionalOnClass did not find required class 'com.datastax.oss.driver.api.core.CqlSession' (OnClassCondition)

   CassandraDataAutoConfiguration:
      Did not match:
         - @ConditionalOnClass did not find required class 'com.datastax.oss.driver.api.core.CqlSession' (OnClassCondition)

   CassandraReactiveDataAutoConfiguration:
      Did not match:
         - @ConditionalOnClass did not find required class 'com.datastax.oss.driver.api.core.CqlSession' (OnClassCondition)

   CassandraReactiveRepositoriesAutoConfiguration:
      Did not match:
         - @ConditionalOnClass did not find required class 'org.springframework.data.cassandra.ReactiveSession' (OnClassCondition)

   CassandraRepositoriesAutoConfiguration:
      Did not match:
         - @ConditionalOnClass did not find required class 'com.datastax.oss.driver.api.core.CqlSession' (OnClassCondition)

   ClientHttpConnectorAutoConfiguration:
      Did not match:
         - @ConditionalOnClass did not find required class 'org.springframework.web.reactive.function.client.WebClient' (OnClassCondition)

   CloudHypermediaAutoConfiguration:
      Did not match:
         - @ConditionalOnClass did not find required class 'org.springframework.hateoas.Link' (OnClassCondition)

   CodecsAutoConfiguration:
      Did not match:
         - @ConditionalOnClass did not find required class 'org.springframework.web.reactive.function.client.WebClient' (OnClassCondition)

   CommonsClientAutoConfiguration.ActuatorConfiguration:
      Did not match:
         - @ConditionalOnClass did not find required class 'org.springframework.boot.actuate.endpoint.annotation.Endpoint' (OnClassCondition)

   CommonsClientAutoConfiguration.DiscoveryLoadBalancerConfiguration:
      Did not match:
         - @ConditionalOnClass did not find required class 'org.springframework.boot.actuate.health.HealthIndicator' (OnClassCondition)

   CouchbaseAutoConfiguration:
      Did not match:
         - @ConditionalOnClass did not find required class 'com.couchbase.client.java.Cluster' (OnClassCondition)

   CouchbaseCacheConfiguration:
      Did not match:
         - @ConditionalOnClass did not find required class 'com.couchbase.client.java.Cluster' (OnClassCondition)

   CouchbaseDataAutoConfiguration:
      Did not match:
         - @ConditionalOnClass did not find required class 'com.couchbase.client.java.Bucket' (OnClassCondition)

   CouchbaseReactiveDataAutoConfiguration:
      Did not match:
         - @ConditionalOnClass did not find required class 'com.couchbase.client.java.Cluster' (OnClassCondition)

   CouchbaseReactiveRepositoriesAutoConfiguration:
      Did not match:
         - @ConditionalOnClass did not find required class 'com.couchbase.client.java.Cluster' (OnClassCondition)

   CouchbaseRepositoriesAutoConfiguration:
      Did not match:
         - @ConditionalOnClass did not find required class 'com.couchbase.client.java.Bucket' (OnClassCondition)

   DataSourceAutoConfiguration.EmbeddedDatabaseConfiguration:
      Did not match:
         - EmbeddedDataSource spring.datasource.url is set (DataSourceAutoConfiguration.EmbeddedDatabaseCondition)

   DataSourceAutoConfiguration.PooledDataSourceConfiguration:
      Did not match:
         - @ConditionalOnMissingBean (types: javax.sql.DataSource,javax.sql.XADataSource; SearchStrategy: all) found beans of type 'javax.sql.DataSource' dataSource (OnBeanCondition)
      Matched:
         - AnyNestedCondition 1 matched 1 did not; NestedCondition on DataSourceAutoConfiguration.PooledDataSourceCondition.PooledDataSourceAvailable PooledDataSource found supported DataSource; NestedCondition on DataSourceAutoConfiguration.PooledDataSourceCondition.ExplicitType @ConditionalOnProperty (spring.datasource.type) did not find property 'type' (DataSourceAutoConfiguration.PooledDataSourceCondition)

   DataSourceConfiguration.Dbcp2:
      Did not match:
         - @ConditionalOnClass did not find required class 'org.apache.commons.dbcp2.BasicDataSource' (OnClassCondition)

   DataSourceConfiguration.Generic:
      Did not match:
         - @ConditionalOnProperty (spring.datasource.type) did not find property 'spring.datasource.type' (OnPropertyCondition)

   DataSourceConfiguration.OracleUcp:
      Did not match:
         - @ConditionalOnClass did not find required classes 'oracle.ucp.jdbc.PoolDataSourceImpl', 'oracle.jdbc.OracleConnection' (OnClassCondition)

   DataSourceConfiguration.Tomcat:
      Did not match:
         - @ConditionalOnClass did not find required class 'org.apache.tomcat.jdbc.pool.DataSource' (OnClassCondition)

   DataSourceInitializationConfiguration.InitializationSpecificCredentialsDataSourceInitializationConfiguration:
      Did not match:
         - AnyNestedCondition 0 matched 2 did not; NestedCondition on DataSourceInitializationConfiguration.InitializationSpecificCredentialsDataSourceInitializationConfiguration.DifferentCredentialsCondition.DataCredentials @ConditionalOnProperty (spring.datasource.data-username) did not find property 'data-username'; NestedCondition on DataSourceInitializationConfiguration.InitializationSpecificCredentialsDataSourceInitializationConfiguration.DifferentCredentialsCondition.SchemaCredentials @ConditionalOnProperty (spring.datasource.schema-username) did not find property 'schema-username' (DataSourceInitializationConfiguration.InitializationSpecificCredentialsDataSourceInitializationConfiguration.DifferentCredentialsCondition)

   DataSourceInitializationConfiguration.SharedCredentialsDataSourceInitializationConfiguration:
      Did not match:
         - DataSource Initialization did not find configured properties spring.datasource.data-username, spring.datasource.schema-password, spring.datasource.schema[0], spring.datasource.data[0], spring.datasource.data, spring.datasource.schema-username, spring.datasource.data-password, spring.datasource.initialization-mode, spring.datasource.schema, spring.datasource.sql-script-encoding, spring.datasource.separator, spring.datasource.platform, spring.datasource.continue-on-error (DataSourceInitializationConfiguration.SharedCredentialsDataSourceInitializationConfiguration.DataSourceInitializationCondition)

   DataSourceJmxConfiguration.TomcatDataSourceJmxConfiguration:
      Did not match:
         - @ConditionalOnClass did not find required class 'org.apache.tomcat.jdbc.pool.DataSourceProxy' (OnClassCondition)

   DataSourcePoolMetadataProvidersConfiguration.CommonsDbcp2PoolDataSourceMetadataProviderConfiguration:
      Did not match:
         - @ConditionalOnClass did not find required class 'org.apache.commons.dbcp2.BasicDataSource' (OnClassCondition)

   DataSourcePoolMetadataProvidersConfiguration.OracleUcpPoolDataSourceMetadataProviderConfiguration:
      Did not match:
         - @ConditionalOnClass did not find required classes 'oracle.ucp.jdbc.PoolDataSource', 'oracle.jdbc.OracleConnection' (OnClassCondition)

   DataSourcePoolMetadataProvidersConfiguration.TomcatDataSourcePoolMetadataProviderConfiguration:
      Did not match:
         - @ConditionalOnClass did not find required class 'org.apache.tomcat.jdbc.pool.DataSource' (OnClassCondition)

   DefaultFeignLoadBalancerConfiguration#feignRetryClient:
      Did not match:
         - @ConditionalOnClass did not find required class 'org.springframework.retry.support.RetryTemplate' (OnClassCondition)

   DispatcherServletAutoConfiguration.DispatcherServletConfiguration#multipartResolver:
      Did not match:
         - @ConditionalOnBean (types: org.springframework.web.multipart.MultipartResolver; SearchStrategy: all) did not find any beans of type org.springframework.web.multipart.MultipartResolver (OnBeanCondition)

   DruidFilterConfiguration#commonsLogFilter:
      Did not match:
         - @ConditionalOnProperty (spring.datasource.druid.filter.commons-log.enabled) did not find property 'enabled' (OnPropertyCondition)

   DruidFilterConfiguration#configFilter:
      Did not match:
         - @ConditionalOnProperty (spring.datasource.druid.filter.config.enabled) did not find property 'enabled' (OnPropertyCondition)

   DruidFilterConfiguration#encodingConvertFilter:
      Did not match:
         - @ConditionalOnProperty (spring.datasource.druid.filter.encoding.enabled) did not find property 'enabled' (OnPropertyCondition)

   DruidFilterConfiguration#log4j2Filter:
      Did not match:
         - @ConditionalOnProperty (spring.datasource.druid.filter.log4j2.enabled) did not find property 'enabled' (OnPropertyCondition)

   DruidFilterConfiguration#log4jFilter:
      Did not match:
         - @ConditionalOnProperty (spring.datasource.druid.filter.log4j.enabled) did not find property 'enabled' (OnPropertyCondition)

   DruidFilterConfiguration#slf4jLogFilter:
      Did not match:
         - @ConditionalOnProperty (spring.datasource.druid.filter.slf4j.enabled) did not find property 'enabled' (OnPropertyCondition)

   DruidFilterConfiguration#statFilter:
      Did not match:
         - @ConditionalOnProperty (spring.datasource.druid.filter.stat.enabled) did not find property 'enabled' (OnPropertyCondition)

   DruidFilterConfiguration#wallConfig:
      Did not match:
         - @ConditionalOnProperty (spring.datasource.druid.filter.wall.enabled) did not find property 'enabled' (OnPropertyCondition)

   DruidFilterConfiguration#wallFilter:
      Did not match:
         - @ConditionalOnProperty (spring.datasource.druid.filter.wall.enabled) did not find property 'enabled' (OnPropertyCondition)

   DruidSpringAopConfiguration:
      Did not match:
         - @ConditionalOnProperty (spring.datasource.druid.aop-patterns) did not find property 'spring.datasource.druid.aop-patterns' (OnPropertyCondition)

   DruidStatViewServletConfiguration:
      Did not match:
         - @ConditionalOnProperty (spring.datasource.druid.stat-view-servlet.enabled=true) did not find property 'spring.datasource.druid.stat-view-servlet.enabled' (OnPropertyCondition)
      Matched:
         - @ConditionalOnWebApplication (required) found 'session' scope (OnWebApplicationCondition)

   DruidWebStatFilterConfiguration:
      Did not match:
         - @ConditionalOnProperty (spring.datasource.druid.web-stat-filter.enabled=true) did not find property 'spring.datasource.druid.web-stat-filter.enabled' (OnPropertyCondition)
      Matched:
         - @ConditionalOnWebApplication (required) found 'session' scope (OnWebApplicationCondition)

   EhCacheCacheConfiguration:
      Did not match:
         - @ConditionalOnClass did not find required class 'net.sf.ehcache.Cache' (OnClassCondition)

   ElasticsearchDataAutoConfiguration:
      Did not match:
         - @ConditionalOnClass did not find required class 'org.springframework.data.elasticsearch.core.ElasticsearchRestTemplate' (OnClassCondition)

   ElasticsearchRepositoriesAutoConfiguration:
      Did not match:
         - @ConditionalOnClass did not find required class 'org.elasticsearch.client.Client' (OnClassCondition)

   ElasticsearchRestClientAutoConfiguration:
      Did not match:
         - @ConditionalOnClass did not find required class 'org.elasticsearch.client.RestClientBuilder' (OnClassCondition)

   EmbeddedLdapAutoConfiguration:
      Did not match:
         - @ConditionalOnClass did not find required class 'com.unboundid.ldap.listener.InMemoryDirectoryServer' (OnClassCondition)

   EmbeddedMongoAutoConfiguration:
      Did not match:
         - @ConditionalOnClass did not find required class 'com.mongodb.MongoClientSettings' (OnClassCondition)

   EmbeddedWebServerFactoryCustomizerAutoConfiguration.JettyWebServerFactoryCustomizerConfiguration:
      Did not match:
         - @ConditionalOnClass did not find required classes 'org.eclipse.jetty.server.Server', 'org.eclipse.jetty.util.Loader', 'org.eclipse.jetty.webapp.WebAppContext' (OnClassCondition)

   EmbeddedWebServerFactoryCustomizerAutoConfiguration.NettyWebServerFactoryCustomizerConfiguration:
      Did not match:
         - @ConditionalOnClass did not find required class 'reactor.netty.http.server.HttpServer' (OnClassCondition)

   EmbeddedWebServerFactoryCustomizerAutoConfiguration.UndertowWebServerFactoryCustomizerConfiguration:
      Did not match:
         - @ConditionalOnClass did not find required classes 'io.undertow.Undertow', 'org.xnio.SslClientAuthMode' (OnClassCondition)

   ErrorWebFluxAutoConfiguration:
      Did not match:
         - @ConditionalOnClass did not find required class 'org.springframework.web.reactive.config.WebFluxConfigurer' (OnClassCondition)

   FeignAcceptGzipEncodingAutoConfiguration:
      Did not match:
         - @ConditionalOnProperty (feign.compression.response.enabled) did not find property 'feign.compression.response.enabled' (OnPropertyCondition)
      Matched:
         - @ConditionalOnClass found required class 'feign.Feign' (OnClassCondition)

   FeignAutoConfiguration#cachingCapability:
      Did not match:
         - @ConditionalOnBean (types: org.springframework.cache.interceptor.CacheInterceptor; SearchStrategy: all) did not find any beans of type org.springframework.cache.interceptor.CacheInterceptor (OnBeanCondition)
      Matched:
         - @ConditionalOnProperty (feign.cache.enabled) matched (OnPropertyCondition)

   FeignAutoConfiguration.CircuitBreakerPresentFeignTargeterConfiguration:
      Did not match:
         - @ConditionalOnProperty (feign.circuitbreaker.enabled=true) did not find property 'feign.circuitbreaker.enabled' (OnPropertyCondition)
      Matched:
         - @ConditionalOnClass found required class 'org.springframework.cloud.client.circuitbreaker.CircuitBreaker' (OnClassCondition)

   FeignAutoConfiguration.FeignJacksonConfiguration:
      Did not match:
         - @ConditionalOnClass did not find required classes 'org.springframework.data.domain.Page', 'org.springframework.data.domain.Sort' (OnClassCondition)

   FeignAutoConfiguration.HttpClient5FeignConfiguration:
      Did not match:
         - @ConditionalOnClass did not find required class 'feign.hc5.ApacheHttp5Client' (OnClassCondition)

   FeignAutoConfiguration.HttpClientFeignConfiguration:
      Did not match:
         - @ConditionalOnClass did not find required class 'feign.httpclient.ApacheHttpClient' (OnClassCondition)

   FeignAutoConfiguration.Oauth2FeignConfiguration:
      Did not match:
         - @ConditionalOnClass did not find required class 'org.springframework.security.oauth2.client.OAuth2ClientContext' (OnClassCondition)

   FeignAutoConfiguration.OkHttpFeignConfiguration:
      Did not match:
         - @ConditionalOnClass did not find required class 'feign.okhttp.OkHttpClient' (OnClassCondition)

   FeignContentGzipEncodingAutoConfiguration:
      Did not match:
         - @ConditionalOnProperty (feign.compression.request.enabled) did not find property 'feign.compression.request.enabled' (OnPropertyCondition)
      Matched:
         - @ConditionalOnClass found required class 'feign.Feign' (OnClassCondition)

   FeignHalAutoConfiguration:
      Did not match:
         - @ConditionalOnClass did not find required class 'org.springframework.hateoas.config.WebConverters' (OnClassCondition)

   FlywayAutoConfiguration:
      Did not match:
         - @ConditionalOnClass did not find required class 'org.flywaydb.core.Flyway' (OnClassCondition)

   FreeMarkerAutoConfiguration:
      Did not match:
         - @ConditionalOnClass did not find required class 'freemarker.template.Configuration' (OnClassCondition)

   GroovyTemplateAutoConfiguration:
      Did not match:
         - @ConditionalOnClass did not find required class 'groovy.text.markup.MarkupTemplateEngine' (OnClassCondition)

   GsonAutoConfiguration:
      Did not match:
         - @ConditionalOnClass did not find required class 'com.google.gson.Gson' (OnClassCondition)

   GsonHttpMessageConvertersConfiguration:
      Did not match:
         - @ConditionalOnClass did not find required class 'com.google.gson.Gson' (OnClassCondition)

   H2ConsoleAutoConfiguration:
      Did not match:
         - @ConditionalOnClass did not find required class 'org.h2.server.web.WebServlet' (OnClassCondition)

   HazelcastAutoConfiguration:
      Did not match:
         - @ConditionalOnClass did not find required class 'com.hazelcast.core.HazelcastInstance' (OnClassCondition)

   HazelcastCacheConfiguration:
      Did not match:
         - @ConditionalOnClass did not find required class 'com.hazelcast.core.HazelcastInstance' (OnClassCondition)

   HazelcastJpaDependencyAutoConfiguration:
      Did not match:
         - @ConditionalOnClass did not find required class 'com.hazelcast.core.HazelcastInstance' (OnClassCondition)

   HibernateJpaAutoConfiguration:
      Did not match:
         - @ConditionalOnClass did not find required class 'javax.persistence.EntityManager' (OnClassCondition)

   HttpClient5FeignLoadBalancerConfiguration:
      Did not match:
         - @ConditionalOnClass did not find required class 'feign.hc5.ApacheHttp5Client' (OnClassCondition)

   HttpClientConfiguration.OkHttpClientConfiguration:
      Did not match:
         - @ConditionalOnClass did not find required class 'okhttp3.OkHttpClient' (OnClassCondition)

   HttpClientFeignLoadBalancerConfiguration:
      Did not match:
         - @ConditionalOnClass did not find required class 'feign.httpclient.ApacheHttpClient' (OnClassCondition)

   HttpHandlerAutoConfiguration:
      Did not match:
         - @ConditionalOnClass did not find required class 'org.springframework.web.reactive.DispatcherHandler' (OnClassCondition)

   HypermediaAutoConfiguration:
      Did not match:
         - @ConditionalOnClass did not find required class 'org.springframework.hateoas.EntityModel' (OnClassCondition)

   InfinispanCacheConfiguration:
      Did not match:
         - @ConditionalOnClass did not find required class 'org.infinispan.spring.embedded.provider.SpringEmbeddedCacheManager' (OnClassCondition)

   InfluxDbAutoConfiguration:
      Did not match:
         - @ConditionalOnClass did not find required class 'org.influxdb.InfluxDB' (OnClassCondition)

   IntegrationAutoConfiguration:
      Did not match:
         - @ConditionalOnClass did not find required class 'org.springframework.integration.config.EnableIntegration' (OnClassCondition)

   JCacheCacheConfiguration:
      Did not match:
         - @ConditionalOnClass did not find required class 'javax.cache.Caching' (OnClassCondition)

   JacksonHttpMessageConvertersConfiguration.MappingJackson2XmlHttpMessageConverterConfiguration:
      Did not match:
         - @ConditionalOnClass did not find required class 'com.fasterxml.jackson.dataformat.xml.XmlMapper' (OnClassCondition)

   JdbcRepositoriesAutoConfiguration:
      Did not match:
         - @ConditionalOnClass did not find required class 'org.springframework.data.jdbc.repository.config.AbstractJdbcConfiguration' (OnClassCondition)

   JerseyAutoConfiguration:
      Did not match:
         - @ConditionalOnClass did not find required class 'org.glassfish.jersey.server.spring.SpringComponentProvider' (OnClassCondition)

   JmsAutoConfiguration:
      Did not match:
         - @ConditionalOnClass did not find required class 'javax.jms.Message' (OnClassCondition)

   JndiConnectionFactoryAutoConfiguration:
      Did not match:
         - @ConditionalOnClass did not find required class 'org.springframework.jms.core.JmsTemplate' (OnClassCondition)

   JndiDataSourceAutoConfiguration:
      Did not match:
         - @ConditionalOnProperty (spring.datasource.jndi-name) did not find property 'jndi-name' (OnPropertyCondition)
      Matched:
         - @ConditionalOnClass found required classes 'javax.sql.DataSource', 'org.springframework.jdbc.datasource.embedded.EmbeddedDatabaseType' (OnClassCondition)

   JooqAutoConfiguration:
      Did not match:
         - @ConditionalOnClass did not find required class 'org.jooq.DSLContext' (OnClassCondition)

   JpaRepositoriesAutoConfiguration:
      Did not match:
         - @ConditionalOnClass did not find required class 'org.springframework.data.jpa.repository.JpaRepository' (OnClassCondition)

   JsonbAutoConfiguration:
      Did not match:
         - @ConditionalOnClass did not find required class 'javax.json.bind.Jsonb' (OnClassCondition)

   JsonbHttpMessageConvertersConfiguration:
      Did not match:
         - @ConditionalOnClass did not find required class 'javax.json.bind.Jsonb' (OnClassCondition)

   JtaAutoConfiguration:
      Did not match:
         - @ConditionalOnClass did not find required class 'javax.transaction.Transaction' (OnClassCondition)

   KafkaAutoConfiguration:
      Did not match:
         - @ConditionalOnClass did not find required class 'org.springframework.kafka.core.KafkaTemplate' (OnClassCondition)

   LdapAutoConfiguration:
      Did not match:
         - @ConditionalOnClass did not find required class 'org.springframework.ldap.core.ContextSource' (OnClassCondition)

   LdapRepositoriesAutoConfiguration:
      Did not match:
         - @ConditionalOnClass did not find required class 'org.springframework.data.ldap.repository.LdapRepository' (OnClassCondition)

   LiquibaseAutoConfiguration:
      Did not match:
         - @ConditionalOnClass did not find required class 'liquibase.change.DatabaseChange' (OnClassCondition)

   LoadBalancerAutoConfiguration.RetryAutoConfiguration:
      Did not match:
         - @ConditionalOnClass did not find required class 'org.springframework.retry.support.RetryTemplate' (OnClassCondition)

   LoadBalancerAutoConfiguration.RetryInterceptorAutoConfiguration:
      Did not match:
         - @ConditionalOnClass did not find required class 'org.springframework.retry.support.RetryTemplate' (OnClassCondition)

   LoadBalancerBeanPostProcessorAutoConfiguration:
      Did not match:
         - @ConditionalOnClass did not find required class 'org.springframework.web.reactive.function.client.WebClient' (OnClassCondition)

   LoadBalancerCacheAutoConfiguration.CaffeineLoadBalancerCacheManagerConfiguration:
      Did not match:
         - @ConditionalOnClass did not find required classes 'com.github.benmanes.caffeine.cache.Caffeine', 'org.springframework.cache.caffeine.CaffeineCacheManager' (OnClassCondition)

   LoadBalancerCacheAutoConfiguration.DefaultLoadBalancerCacheManagerConfiguration:
      Did not match:
         - @ConditionalOnClass did not find required class 'com.stoyanr.evictor.ConcurrentMapWithTimedEviction' (OnClassCondition)

   LoadBalancerNacosAutoConfiguration:
      Did not match:
         - @ConditionalOnProperty (spring.cloud.loadbalancer.nacos.enabled=true) did not find property 'spring.cloud.loadbalancer.nacos.enabled' (OnPropertyCondition)

   LoadBalancerStatsAutoConfiguration:
      Did not match:
         - @ConditionalOnClass did not find required class 'io.micrometer.core.instrument.MeterRegistry' (OnClassCondition)

   MailSenderAutoConfiguration:
      Did not match:
         - @ConditionalOnClass did not find required class 'javax.mail.internet.MimeMessage' (OnClassCondition)

   MailSenderValidatorAutoConfiguration:
      Did not match:
         - @ConditionalOnSingleCandidate did not find required type 'org.springframework.mail.javamail.JavaMailSenderImpl' (OnBeanCondition)

   MessageSourceAutoConfiguration:
      Did not match:
         - ResourceBundle did not find bundle with basename messages (MessageSourceAutoConfiguration.ResourceBundleCondition)

   MongoAutoConfiguration:
      Did not match:
         - @ConditionalOnClass did not find required class 'com.mongodb.client.MongoClient' (OnClassCondition)

   MongoDataAutoConfiguration:
      Did not match:
         - @ConditionalOnClass did not find required class 'com.mongodb.client.MongoClient' (OnClassCondition)

   MongoReactiveAutoConfiguration:
      Did not match:
         - @ConditionalOnClass did not find required class 'com.mongodb.reactivestreams.client.MongoClient' (OnClassCondition)

   MongoReactiveDataAutoConfiguration:
      Did not match:
         - @ConditionalOnClass did not find required class 'com.mongodb.reactivestreams.client.MongoClient' (OnClassCondition)

   MongoReactiveRepositoriesAutoConfiguration:
      Did not match:
         - @ConditionalOnClass did not find required class 'com.mongodb.reactivestreams.client.MongoClient' (OnClassCondition)

   MongoRepositoriesAutoConfiguration:
      Did not match:
         - @ConditionalOnClass did not find required class 'com.mongodb.client.MongoClient' (OnClassCondition)

   MustacheAutoConfiguration:
      Did not match:
         - @ConditionalOnClass did not find required class 'com.samskivert.mustache.Mustache' (OnClassCondition)

   MybatisLanguageDriverAutoConfiguration.FreeMarkerConfiguration:
      Did not match:
         - @ConditionalOnClass did not find required classes 'org.mybatis.scripting.freemarker.FreeMarkerLanguageDriver', 'org.mybatis.scripting.freemarker.FreeMarkerLanguageDriverConfig' (OnClassCondition)

   MybatisLanguageDriverAutoConfiguration.LegacyFreeMarkerConfiguration:
      Did not match:
         - @ConditionalOnClass did not find required class 'org.mybatis.scripting.freemarker.FreeMarkerLanguageDriver' (OnClassCondition)

   MybatisLanguageDriverAutoConfiguration.LegacyVelocityConfiguration:
      Did not match:
         - @ConditionalOnClass did not find required class 'org.mybatis.scripting.velocity.Driver' (OnClassCondition)

   MybatisLanguageDriverAutoConfiguration.ThymeleafConfiguration:
      Did not match:
         - @ConditionalOnClass did not find required class 'org.mybatis.scripting.thymeleaf.ThymeleafLanguageDriver' (OnClassCondition)

   MybatisLanguageDriverAutoConfiguration.VelocityConfiguration:
      Did not match:
         - @ConditionalOnClass did not find required classes 'org.mybatis.scripting.velocity.VelocityLanguageDriver', 'org.mybatis.scripting.velocity.VelocityLanguageDriverConfig' (OnClassCondition)

   NacosConfigEndpointAutoConfiguration:
      Did not match:
         - @ConditionalOnClass did not find required class 'org.springframework.boot.actuate.endpoint.annotation.Endpoint' (OnClassCondition)

   NacosConfigServerAutoConfiguration:
      Did not match:
         - @ConditionalOnClass did not find required class 'org.springframework.cloud.config.server.config.ConfigServerProperties' (OnClassCondition)

   NacosDiscoveryEndpointAutoConfiguration:
      Did not match:
         - @ConditionalOnClass did not find required class 'org.springframework.boot.actuate.endpoint.annotation.Endpoint' (OnClassCondition)

   NacosReactiveDiscoveryClientConfiguration:
      Did not match:
         - @ConditionalOnClass did not find required class 'org.springframework.web.reactive.function.client.WebClient' (OnClassCondition)

   Neo4jAutoConfiguration:
      Did not match:
         - @ConditionalOnClass did not find required class 'org.neo4j.driver.Driver' (OnClassCondition)

   Neo4jDataAutoConfiguration:
      Did not match:
         - @ConditionalOnClass did not find required class 'org.neo4j.driver.Driver' (OnClassCondition)

   Neo4jReactiveDataAutoConfiguration:
      Did not match:
         - @ConditionalOnClass did not find required class 'org.neo4j.driver.Driver' (OnClassCondition)

   Neo4jReactiveRepositoriesAutoConfiguration:
      Did not match:
         - @ConditionalOnClass did not find required class 'org.neo4j.driver.Driver' (OnClassCondition)

   Neo4jRepositoriesAutoConfiguration:
      Did not match:
         - @ConditionalOnClass did not find required class 'org.neo4j.driver.Driver' (OnClassCondition)

   OAuth2ClientAutoConfiguration:
      Did not match:
         - @ConditionalOnClass did not find required class 'org.springframework.security.oauth2.client.registration.ClientRegistration' (OnClassCondition)

   OAuth2LoadBalancerClientAutoConfiguration:
      Did not match:
         - @ConditionalOnClass did not find required class 'org.springframework.security.oauth2.client.OAuth2RestTemplate' (OnClassCondition)

   OAuth2ResourceServerAutoConfiguration:
      Did not match:
         - @ConditionalOnClass did not find required class 'org.springframework.security.oauth2.server.resource.BearerTokenAuthenticationToken' (OnClassCondition)

   OkHttpFeignLoadBalancerConfiguration:
      Did not match:
         - @ConditionalOnClass did not find required class 'feign.okhttp.OkHttpClient' (OnClassCondition)

   ProjectInfoAutoConfiguration#buildProperties:
      Did not match:
         - @ConditionalOnResource did not find resource '${spring.info.build.location:classpath:META-INF/build-info.properties}' (OnResourceCondition)

   ProjectInfoAutoConfiguration#gitProperties:
      Did not match:
         - GitResource did not find git info at classpath:git.properties (ProjectInfoAutoConfiguration.GitResourceAvailableCondition)

   QuartzAutoConfiguration:
      Did not match:
         - @ConditionalOnClass did not find required class 'org.quartz.Scheduler' (OnClassCondition)

   R2dbcAutoConfiguration:
      Did not match:
         - @ConditionalOnClass did not find required class 'io.r2dbc.spi.ConnectionFactory' (OnClassCondition)

   R2dbcDataAutoConfiguration:
      Did not match:
         - @ConditionalOnClass did not find required class 'org.springframework.data.r2dbc.core.R2dbcEntityTemplate' (OnClassCondition)

   R2dbcInitializationConfiguration:
      Did not match:
         - @ConditionalOnClass did not find required classes 'io.r2dbc.spi.ConnectionFactory', 'org.springframework.r2dbc.connection.init.DatabasePopulator' (OnClassCondition)

   R2dbcRepositoriesAutoConfiguration:
      Did not match:
         - @ConditionalOnClass did not find required class 'io.r2dbc.spi.ConnectionFactory' (OnClassCondition)

   R2dbcTransactionManagerAutoConfiguration:
      Did not match:
         - @ConditionalOnClass did not find required class 'org.springframework.r2dbc.connection.R2dbcTransactionManager' (OnClassCondition)

   RSocketMessagingAutoConfiguration:
      Did not match:
         - @ConditionalOnClass did not find required class 'io.rsocket.RSocket' (OnClassCondition)

   RSocketRequesterAutoConfiguration:
      Did not match:
         - @ConditionalOnClass did not find required class 'io.rsocket.RSocket' (OnClassCondition)

   RSocketSecurityAutoConfiguration:
      Did not match:
         - @ConditionalOnClass did not find required class 'org.springframework.security.rsocket.core.SecuritySocketAcceptorInterceptor' (OnClassCondition)

   RSocketServerAutoConfiguration:
      Did not match:
         - @ConditionalOnClass did not find required class 'io.rsocket.core.RSocketServer' (OnClassCondition)

   RSocketStrategiesAutoConfiguration:
      Did not match:
         - @ConditionalOnClass did not find required class 'io.rsocket.RSocket' (OnClassCondition)

   RabbitAutoConfiguration:
      Did not match:
         - @ConditionalOnClass did not find required class 'com.rabbitmq.client.Channel' (OnClassCondition)

   ReactiveCommonsClientAutoConfiguration.ReactiveDiscoveryLoadBalancerConfiguration:
      Did not match:
         - @ConditionalOnClass did not find required classes 'org.springframework.boot.actuate.health.ReactiveHealthIndicator', 'org.springframework.web.reactive.function.client.WebClient' (OnClassCondition)

   ReactiveCompositeDiscoveryClientAutoConfiguration:
      Did not match:
         - @ConditionalOnClass did not find required class 'org.springframework.web.reactive.function.client.WebClient' (OnClassCondition)

   ReactiveElasticsearchRepositoriesAutoConfiguration:
      Did not match:
         - @ConditionalOnClass did not find required class 'org.springframework.data.elasticsearch.client.reactive.ReactiveElasticsearchClient' (OnClassCondition)

   ReactiveElasticsearchRestClientAutoConfiguration:
      Did not match:
         - @ConditionalOnClass did not find required class 'reactor.netty.http.client.HttpClient' (OnClassCondition)

   ReactiveMultipartAutoConfiguration:
      Did not match:
         - @ConditionalOnClass did not find required class 'org.springframework.web.reactive.config.WebFluxConfigurer' (OnClassCondition)

   ReactiveOAuth2ClientAutoConfiguration:
      Did not match:
         - @ConditionalOnClass did not find required class 'org.springframework.security.oauth2.client.registration.ClientRegistration' (OnClassCondition)

   ReactiveOAuth2ResourceServerAutoConfiguration:
      Did not match:
         - @ConditionalOnWebApplication did not find reactive web application classes (OnWebApplicationCondition)

   ReactiveSecurityAutoConfiguration:
      Did not match:
         - @ConditionalOnClass did not find required class 'org.springframework.web.reactive.config.WebFluxConfigurer' (OnClassCondition)

   ReactiveUserDetailsServiceAutoConfiguration:
      Did not match:
         - AnyNestedCondition 0 matched 2 did not; NestedCondition on ReactiveUserDetailsServiceAutoConfiguration.ReactiveUserDetailsServiceCondition.ReactiveWebApplicationCondition did not find reactive web application classes; NestedCondition on ReactiveUserDetailsServiceAutoConfiguration.ReactiveUserDetailsServiceCondition.RSocketSecurityEnabledCondition @ConditionalOnBean (types: org.springframework.messaging.rsocket.annotation.support.RSocketMessageHandler; SearchStrategy: all) did not find any beans of type org.springframework.messaging.rsocket.annotation.support.RSocketMessageHandler (ReactiveUserDetailsServiceAutoConfiguration.ReactiveUserDetailsServiceCondition)
      Matched:
         - @ConditionalOnClass found required class 'org.springframework.security.authentication.ReactiveAuthenticationManager' (OnClassCondition)

   ReactiveWebServerFactoryAutoConfiguration:
      Did not match:
         - @ConditionalOnWebApplication did not find reactive web application classes (OnWebApplicationCondition)

   ReactorLoadBalancerClientAutoConfiguration:
      Did not match:
         - @ConditionalOnClass did not find required class 'org.springframework.web.reactive.function.client.WebClient' (OnClassCondition)

   RedisAutoConfiguration:
      Did not match:
         - @ConditionalOnClass did not find required class 'org.springframework.data.redis.core.RedisOperations' (OnClassCondition)

   RedisCacheConfiguration:
      Did not match:
         - @ConditionalOnClass did not find required class 'org.springframework.data.redis.connection.RedisConnectionFactory' (OnClassCondition)

   RedisReactiveAutoConfiguration:
      Did not match:
         - @ConditionalOnClass did not find required class 'org.springframework.data.redis.connection.ReactiveRedisConnectionFactory' (OnClassCondition)

   RedisRepositoriesAutoConfiguration:
      Did not match:
         - @ConditionalOnClass did not find required class 'org.springframework.data.redis.repository.configuration.EnableRedisRepositories' (OnClassCondition)

   RefreshAutoConfiguration#configDataContextRefresher:
      Did not match:
         - NoneNestedConditions 1 matched 2 did not; NestedCondition on ConditionalOnBootstrapDisabled.OnBootstrapDisabledCondition.OnBootstrapEnabled @ConditionalOnProperty (spring.cloud.bootstrap.enabled) did not find property 'spring.cloud.bootstrap.enabled'; NestedCondition on ConditionalOnBootstrapDisabled.OnBootstrapDisabledCondition.OnUseLegacyProcessingEnabled @ConditionalOnProperty (spring.config.use-legacy-processing) did not find property 'spring.config.use-legacy-processing'; NestedCondition on ConditionalOnBootstrapDisabled.OnBootstrapDisabledCondition.OnBootstrapMarkerClassPresent @ConditionalOnClass found required class 'org.springframework.cloud.bootstrap.marker.Marker' (ConditionalOnBootstrapDisabled.OnBootstrapDisabledCondition)
      Matched:
         - @ConditionalOnMissingBean (types: org.springframework.cloud.context.refresh.ConfigDataContextRefresher; SearchStrategy: all) did not find any beans (OnBeanCondition)

   RefreshAutoConfiguration.JpaInvokerConfiguration:
      Did not match:
         - @ConditionalOnClass did not find required class 'javax.persistence.EntityManagerFactory' (OnClassCondition)

   RefreshEndpointAutoConfiguration:
      Did not match:
         - @ConditionalOnClass did not find required class 'org.springframework.boot.actuate.autoconfigure.endpoint.EndpointAutoConfiguration' (OnClassCondition)

   RepositoryRestMvcAutoConfiguration:
      Did not match:
         - @ConditionalOnClass did not find required class 'org.springframework.data.rest.webmvc.config.RepositoryRestMvcConfiguration' (OnClassCondition)

   ResourceServerTokenRelayAutoConfiguration:
      Did not match:
         - @ConditionalOnClass did not find required class 'org.springframework.security.oauth2.config.annotation.web.configuration.ResourceServerConfiguration' (OnClassCondition)

   Saml2RelyingPartyAutoConfiguration:
      Did not match:
         - @ConditionalOnClass did not find required class 'org.springframework.security.saml2.provider.service.registration.RelyingPartyRegistrationRepository' (OnClassCondition)

   SecurityDataConfiguration:
      Did not match:
         - @ConditionalOnClass did not find required class 'org.springframework.security.data.repository.query.SecurityEvaluationContextExtension' (OnClassCondition)

   SendGridAutoConfiguration:
      Did not match:
         - @ConditionalOnClass did not find required class 'com.sendgrid.SendGrid' (OnClassCondition)

   SentinelAutoConfiguration.SentinelConverterConfiguration.SentinelXmlConfiguration:
      Did not match:
         - @ConditionalOnClass did not find required class 'com.fasterxml.jackson.dataformat.xml.XmlMapper' (OnClassCondition)

   SentinelEndpointAutoConfiguration:
      Did not match:
         - @ConditionalOnClass did not find required class 'org.springframework.boot.actuate.endpoint.annotation.Endpoint' (OnClassCondition)

   SentinelWebFluxAutoConfiguration:
      Did not match:
         - did not find reactive web application classes (OnWebApplicationCondition)
      Matched:
         - @ConditionalOnClass found required class 'com.alibaba.csp.sentinel.adapter.reactor.SentinelReactorTransformer' (OnClassCondition)

   ServiceRegistryAutoConfiguration.ServiceRegistryEndpointConfiguration:
      Did not match:
         - @ConditionalOnClass did not find required class 'org.springframework.boot.actuate.endpoint.annotation.Endpoint' (OnClassCondition)

   ServletWebServerFactoryAutoConfiguration.ForwardedHeaderFilterConfiguration:
      Did not match:
         - @ConditionalOnProperty (server.forward-headers-strategy=framework) did not find property 'server.forward-headers-strategy' (OnPropertyCondition)

   ServletWebServerFactoryConfiguration.EmbeddedJetty:
      Did not match:
         - @ConditionalOnClass did not find required classes 'org.eclipse.jetty.server.Server', 'org.eclipse.jetty.util.Loader', 'org.eclipse.jetty.webapp.WebAppContext' (OnClassCondition)

   ServletWebServerFactoryConfiguration.EmbeddedUndertow:
      Did not match:
         - @ConditionalOnClass did not find required classes 'io.undertow.Undertow', 'org.xnio.SslClientAuthMode' (OnClassCondition)

   SessionAutoConfiguration:
      Did not match:
         - @ConditionalOnClass did not find required class 'org.springframework.session.Session' (OnClassCondition)

   SimpleReactiveDiscoveryClientAutoConfiguration:
      Did not match:
         - @ConditionalOnClass did not find required class 'org.springframework.web.reactive.function.client.WebClient' (OnClassCondition)

   SolrAutoConfiguration:
      Did not match:
         - @ConditionalOnClass did not find required class 'org.apache.solr.client.solrj.impl.CloudSolrClient' (OnClassCondition)

   SpringBootWebSecurityConfiguration:
      Did not match:
         - AllNestedConditions 1 matched 1 did not; NestedCondition on DefaultWebSecurityCondition.Beans @ConditionalOnMissingBean (types: org.springframework.security.config.annotation.web.configuration.WebSecurityConfigurerAdapter,org.springframework.security.web.SecurityFilterChain; SearchStrategy: all) found beans of type 'org.springframework.security.config.annotation.web.configuration.WebSecurityConfigurerAdapter' webSecurityConfig; NestedCondition on DefaultWebSecurityCondition.Classes @ConditionalOnClass found required classes 'org.springframework.security.web.SecurityFilterChain', 'org.springframework.security.config.annotation.web.builders.HttpSecurity' (DefaultWebSecurityCondition)
      Matched:
         - found 'session' scope (OnWebApplicationCondition)

   SpringDataWebAutoConfiguration:
      Did not match:
         - @ConditionalOnClass did not find required class 'org.springframework.data.web.PageableHandlerMethodArgumentResolver' (OnClassCondition)

   TaskSchedulingAutoConfiguration#taskScheduler:
      Did not match:
         - @ConditionalOnBean (names: org.springframework.context.annotation.internalScheduledAnnotationProcessor; SearchStrategy: all) did not find any beans named org.springframework.context.annotation.internalScheduledAnnotationProcessor (OnBeanCondition)

   ThymeleafAutoConfiguration:
      Did not match:
         - @ConditionalOnClass did not find required class 'org.thymeleaf.spring5.SpringTemplateEngine' (OnClassCondition)

   TransactionAutoConfiguration#transactionalOperator:
      Did not match:
         - @ConditionalOnSingleCandidate (types: org.springframework.transaction.ReactiveTransactionManager; SearchStrategy: all) did not find any beans (OnBeanCondition)

   TransactionAutoConfiguration.EnableTransactionManagementConfiguration.JdkDynamicAutoProxyConfiguration:
      Did not match:
         - @ConditionalOnProperty (spring.aop.proxy-target-class=false) did not find property 'proxy-target-class' (OnPropertyCondition)

   ValidationAutoConfiguration:
      Did not match:
         - @ConditionalOnClass did not find required class 'javax.validation.executable.ExecutableValidator' (OnClassCondition)

   WebClientAutoConfiguration:
      Did not match:
         - @ConditionalOnClass did not find required class 'org.springframework.web.reactive.function.client.WebClient' (OnClassCondition)

   WebFluxAutoConfiguration:
      Did not match:
         - @ConditionalOnClass did not find required class 'org.springframework.web.reactive.config.WebFluxConfigurer' (OnClassCondition)

   WebMvcAutoConfiguration#hiddenHttpMethodFilter:
      Did not match:
         - @ConditionalOnProperty (spring.mvc.hiddenmethod.filter.enabled) did not find property 'enabled' (OnPropertyCondition)

   WebMvcAutoConfiguration.ResourceChainCustomizerConfiguration:
      Did not match:
         - @ConditionalOnEnabledResourceChain did not find class org.webjars.WebJarAssetLocator (OnEnabledResourceChainCondition)

   WebMvcAutoConfiguration.WebMvcAutoConfigurationAdapter#beanNameViewResolver:
      Did not match:
         - @ConditionalOnMissingBean (types: org.springframework.web.servlet.view.BeanNameViewResolver; SearchStrategy: all) found beans of type 'org.springframework.web.servlet.view.BeanNameViewResolver' beanNameViewResolver (OnBeanCondition)

   WebServiceTemplateAutoConfiguration:
      Did not match:
         - @ConditionalOnClass did not find required class 'org.springframework.oxm.Marshaller' (OnClassCondition)

   WebServicesAutoConfiguration:
      Did not match:
         - @ConditionalOnClass did not find required class 'org.springframework.ws.transport.http.MessageDispatcherServlet' (OnClassCondition)

   WebSessionIdResolverAutoConfiguration:
      Did not match:
         - @ConditionalOnWebApplication did not find reactive web application classes (OnWebApplicationCondition)

   WebSocketMessagingAutoConfiguration:
      Did not match:
         - @ConditionalOnClass did not find required class 'org.springframework.web.socket.config.annotation.WebSocketMessageBrokerConfigurer' (OnClassCondition)

   WebSocketReactiveAutoConfiguration:
      Did not match:
         - @ConditionalOnWebApplication did not find reactive web application classes (OnWebApplicationCondition)

   WebSocketServletAutoConfiguration.Jetty10WebSocketConfiguration:
      Did not match:
         - @ConditionalOnClass did not find required classes 'org.eclipse.jetty.websocket.javax.server.internal.JavaxWebSocketServerContainer', 'org.eclipse.jetty.websocket.server.JettyWebSocketServerContainer' (OnClassCondition)

   WebSocketServletAutoConfiguration.JettyWebSocketConfiguration:
      Did not match:
         - @ConditionalOnClass did not find required class 'org.eclipse.jetty.websocket.jsr356.server.deploy.WebSocketServerContainerInitializer' (OnClassCondition)

   WebSocketServletAutoConfiguration.UndertowWebSocketConfiguration:
      Did not match:
         - @ConditionalOnClass did not find required class 'io.undertow.websockets.jsr.Bootstrap' (OnClassCondition)

   WritableEnvironmentEndpointAutoConfiguration:
      Did not match:
         - @ConditionalOnClass did not find required class 'org.springframework.boot.actuate.autoconfigure.env.EnvironmentEndpointProperties' (OnClassCondition)

   XADataSourceAutoConfiguration:
      Did not match:
         - @ConditionalOnClass did not find required class 'javax.transaction.TransactionManager' (OnClassCondition)


Exclusions:
-----------

    None


Unconditional classes:
----------------------

    org.springframework.boot.autoconfigure.context.ConfigurationPropertiesAutoConfiguration

    org.springframework.cloud.client.ReactiveCommonsClientAutoConfiguration

    org.springframework.boot.autoconfigure.context.PropertyPlaceholderAutoConfiguration

    org.springframework.cloud.client.discovery.simple.SimpleDiscoveryClientAutoConfiguration

    org.springframework.boot.autoconfigure.context.LifecycleAutoConfiguration

    org.springframework.cloud.client.CommonsClientAutoConfiguration

    org.springframework.cloud.commons.httpclient.HttpClientConfiguration

    org.springframework.cloud.commons.config.CommonsConfigAutoConfiguration

    org.springframework.cloud.client.loadbalancer.LoadBalancerDefaultMappingsProviderAutoConfiguration

    org.springframework.cloud.client.discovery.composite.CompositeDiscoveryClientAutoConfiguration

    org.springframework.cloud.client.serviceregistry.ServiceRegistryAutoConfiguration

    org.springframework.cloud.autoconfigure.LifecycleMvcEndpointAutoConfiguration

    org.springframework.boot.autoconfigure.availability.ApplicationAvailabilityAutoConfiguration

    org.springframework.boot.autoconfigure.info.ProjectInfoAutoConfiguration



2025-03-17 17:55:39 [main] DEBUG o.s.b.c.p.s.ConfigurationPropertySourcesPropertyResolver$DefaultResolver - Found key 'spring.liveBeansView.mbeanDomain' in PropertySource 'systemProperties' with value of type String
2025-03-17 17:55:39 [main] INFO  com.apps.MockIeltsUsersApplication - Started MockIeltsUsersApplication in 4.588 seconds (JVM running for 5.493)
2025-03-17 17:55:39 [main] DEBUG o.s.b.a.ApplicationAvailabilityBean - Application availability state LivenessState changed to CORRECT
2025-03-17 17:55:39 [main] INFO  c.a.c.n.r.NacosContextRefresher - listening config: dataId=mock-ielts-users.yml, group=DEFAULT_GROUP
2025-03-17 17:55:39 [main] INFO  c.a.c.n.r.NacosContextRefresher - listening config: dataId=mock-ielts-app-dev.yaml, group=DEFAULT_GROUP
2025-03-17 17:55:39 [main] INFO  c.a.c.n.r.NacosContextRefresher - listening config: dataId=mock-ielts-users, group=DEFAULT_GROUP
2025-03-17 17:55:39 [main] DEBUG o.s.b.a.ApplicationAvailabilityBean - Application availability state ReadinessState changed to ACCEPTING_TRAFFIC
2025-03-17 17:55:40 [nacos.publisher-com.alibaba.nacos.client.naming.event.InstancesChangeEvent] DEBUG c.a.nacos.common.notify.NotifyCenter - [NotifyCenter] the com.alibaba.nacos.client.naming.event.InstancesChangeEvent@64b992be will received by com.alibaba.nacos.client.naming.event.InstancesChangeNotifier@44b940a2
2025-03-17 17:55:43 [http-nio-9091-exec-1] INFO  o.a.c.c.C.[Tomcat].[localhost].[/] - Initializing Spring DispatcherServlet 'dispatcherServlet'
2025-03-17 17:55:43 [http-nio-9091-exec-1] INFO  o.s.web.servlet.DispatcherServlet - Initializing Servlet 'dispatcherServlet'
2025-03-17 17:55:43 [http-nio-9091-exec-1] DEBUG o.s.web.servlet.DispatcherServlet - Detected StandardServletMultipartResolver
2025-03-17 17:55:43 [http-nio-9091-exec-1] DEBUG o.s.web.servlet.DispatcherServlet - Detected AcceptHeaderLocaleResolver
2025-03-17 17:55:43 [http-nio-9091-exec-1] DEBUG o.s.web.servlet.DispatcherServlet - Detected FixedThemeResolver
2025-03-17 17:55:43 [http-nio-9091-exec-1] DEBUG o.s.web.servlet.DispatcherServlet - Detected org.springframework.web.servlet.view.DefaultRequestToViewNameTranslator@47d00ab7
2025-03-17 17:55:43 [http-nio-9091-exec-1] DEBUG o.s.web.servlet.DispatcherServlet - Detected org.springframework.web.servlet.support.SessionFlashMapManager@6704465a
2025-03-17 17:55:43 [http-nio-9091-exec-1] DEBUG o.s.web.servlet.DispatcherServlet - enableLoggingRequestDetails='false': request parameters and headers will be masked to prevent unsafe logging of potentially sensitive data
2025-03-17 17:55:43 [http-nio-9091-exec-1] INFO  o.s.web.servlet.DispatcherServlet - Completed initialization in 1 ms
2025-03-17 17:55:43 [http-nio-9091-exec-1] DEBUG o.s.security.web.FilterChainProxy - Securing OPTIONS /users/login
2025-03-17 17:55:43 [http-nio-9091-exec-1] DEBUG o.s.s.w.c.SecurityContextPersistenceFilter - Set SecurityContextHolder to empty SecurityContext
2025-03-17 17:55:43 [http-nio-9091-exec-1] DEBUG o.s.w.s.m.m.a.RequestMappingHandlerMapping - Mapped to com.apps.controller.UserController#loginUser(User)
2025-03-17 17:55:43 [http-nio-9091-exec-1] DEBUG o.s.s.w.c.HttpSessionSecurityContextRepository - Did not store empty SecurityContext
2025-03-17 17:55:43 [http-nio-9091-exec-1] DEBUG o.s.s.w.c.SecurityContextPersistenceFilter - Cleared SecurityContextHolder to complete request
2025-03-17 17:55:43 [http-nio-9091-exec-2] DEBUG o.s.security.web.FilterChainProxy - Securing POST /users/login
2025-03-17 17:55:43 [http-nio-9091-exec-2] DEBUG o.s.s.w.c.SecurityContextPersistenceFilter - Set SecurityContextHolder to empty SecurityContext
2025-03-17 17:55:43 [http-nio-9091-exec-2] DEBUG o.s.w.s.m.m.a.RequestMappingHandlerMapping - Mapped to com.apps.controller.UserController#loginUser(User)
2025-03-17 17:55:43 [http-nio-9091-exec-2] DEBUG o.s.s.w.a.AnonymousAuthenticationFilter - Set SecurityContextHolder to anonymous SecurityContext
2025-03-17 17:55:43 [http-nio-9091-exec-2] DEBUG o.s.s.w.a.i.FilterSecurityInterceptor - Authorized filter invocation [POST /users/login] with attributes [permitAll]
2025-03-17 17:55:43 [http-nio-9091-exec-2] DEBUG o.s.security.web.FilterChainProxy - Secured POST /users/login
2025-03-17 17:55:43 [http-nio-9091-exec-2] DEBUG o.s.web.servlet.DispatcherServlet - POST "/users/login", parameters={}
2025-03-17 17:55:43 [http-nio-9091-exec-2] DEBUG o.s.w.s.m.m.a.RequestMappingHandlerMapping - Mapped to com.apps.controller.UserController#loginUser(User)
2025-03-17 17:55:43 [http-nio-9091-exec-2] DEBUG o.s.w.s.m.m.a.RequestResponseBodyMethodProcessor - Read "application/json;charset=UTF-8" to [User(id=null, username=学生11, password=cxdcxd, email=null, role=null)]
2025-03-17 17:55:43 [http-nio-9091-exec-2] DEBUG org.mybatis.spring.SqlSessionUtils - Creating a new SqlSession
2025-03-17 17:55:43 [http-nio-9091-exec-2] DEBUG org.mybatis.spring.SqlSessionUtils - SqlSession [org.apache.ibatis.session.defaults.DefaultSqlSession@d261229] was not registered for synchronization because synchronization is not active
2025-03-17 17:55:43 [http-nio-9091-exec-2] DEBUG o.s.jdbc.datasource.DataSourceUtils - Fetching JDBC Connection from DataSource
2025-03-17 17:55:44 [http-nio-9091-exec-2] DEBUG o.m.s.t.SpringManagedTransaction - JDBC Connection [com.mysql.cj.jdbc.ConnectionImpl@76aa05b3] will not be managed by Spring
2025-03-17 17:55:44 [http-nio-9091-exec-2] DEBUG c.a.m.U.selectUserByUsername - ==>  Preparing: SELECT * FROM COL_Users WHERE username = ? 
2025-03-17 17:55:44 [http-nio-9091-exec-2] DEBUG c.a.m.U.selectUserByUsername - ==> Parameters: 学生11(String)
2025-03-17 17:55:44 [http-nio-9091-exec-2] DEBUG c.a.m.U.selectUserByUsername - <==      Total: 1
2025-03-17 17:55:44 [http-nio-9091-exec-2] DEBUG org.mybatis.spring.SqlSessionUtils - Closing non transactional SqlSession [org.apache.ibatis.session.defaults.DefaultSqlSession@d261229]
2025-03-17 17:55:44 [http-nio-9091-exec-2] DEBUG o.s.w.s.m.m.a.RequestResponseBodyMethodProcessor - Using 'application/json', given [application/json, text/plain, */*] and supported [application/json, application/*+json, application/json, application/*+json]
2025-03-17 17:55:44 [http-nio-9091-exec-2] DEBUG o.s.w.s.m.m.a.RequestResponseBodyMethodProcessor - Writing [ResponseResult(status=success, message=登录成功, code=200, data={role=user, userId=26, username=学生11})]
2025-03-17 17:55:44 [http-nio-9091-exec-2] DEBUG o.s.s.w.c.HttpSessionSecurityContextRepository - Did not store anonymous SecurityContext
2025-03-17 17:55:44 [http-nio-9091-exec-2] DEBUG o.s.web.servlet.DispatcherServlet - Completed 200 OK
2025-03-17 17:55:44 [http-nio-9091-exec-2] DEBUG o.s.s.w.c.HttpSessionSecurityContextRepository - Did not store anonymous SecurityContext
2025-03-17 17:55:44 [http-nio-9091-exec-2] DEBUG o.s.s.w.c.SecurityContextPersistenceFilter - Cleared SecurityContextHolder to complete request
2025-03-17 17:59:15 [http-nio-9485-exec-1] INFO  o.a.c.c.C.[Tomcat].[localhost].[/] - Initializing Spring DispatcherServlet 'dispatcherServlet'
2025-03-17 17:59:15 [http-nio-9485-exec-1] INFO  o.s.web.servlet.DispatcherServlet - Initializing Servlet 'dispatcherServlet'
2025-03-17 17:59:15 [http-nio-9485-exec-1] DEBUG o.s.web.servlet.DispatcherServlet - Detected StandardServletMultipartResolver
2025-03-17 17:59:15 [http-nio-9485-exec-1] DEBUG o.s.web.servlet.DispatcherServlet - Detected AcceptHeaderLocaleResolver
2025-03-17 17:59:15 [http-nio-9485-exec-1] DEBUG o.s.web.servlet.DispatcherServlet - Detected FixedThemeResolver
2025-03-17 17:59:15 [http-nio-9485-exec-1] DEBUG o.s.web.servlet.DispatcherServlet - Detected org.springframework.web.servlet.view.DefaultRequestToViewNameTranslator@aea96b0
2025-03-17 17:59:15 [http-nio-9485-exec-1] DEBUG o.s.web.servlet.DispatcherServlet - Detected org.springframework.web.servlet.support.SessionFlashMapManager@27129ef5
2025-03-17 17:59:15 [http-nio-9485-exec-1] DEBUG o.s.web.servlet.DispatcherServlet - enableLoggingRequestDetails='false': request parameters and headers will be masked to prevent unsafe logging of potentially sensitive data
2025-03-17 17:59:15 [http-nio-9485-exec-1] INFO  o.s.web.servlet.DispatcherServlet - Completed initialization in 77 ms
2025-03-17 17:59:15 [http-nio-9485-exec-1] DEBUG o.s.web.servlet.DispatcherServlet - GET "/topic/reading/user/25", parameters={}
2025-03-17 17:59:15 [http-nio-9485-exec-1] DEBUG o.s.w.s.m.m.a.RequestMappingHandlerMapping - Mapped to com.apps.controller.read.ReadingController#getReadingWithQuestions(Long)
2025-03-17 17:59:15 [http-nio-9485-exec-1] DEBUG o.s.o.j.s.OpenEntityManagerInViewInterceptor - Opening JPA EntityManager in OpenEntityManagerInViewInterceptor
2025-03-17 17:59:16 [http-nio-9485-exec-1] DEBUG o.h.s.internal.StatisticsInitiator - Statistics initialized [enabled=false]
2025-03-17 17:59:16 [http-nio-9485-exec-1] DEBUG org.mybatis.spring.SqlSessionUtils - Creating a new SqlSession
2025-03-17 17:59:16 [http-nio-9485-exec-1] DEBUG org.mybatis.spring.SqlSessionUtils - SqlSession [org.apache.ibatis.session.defaults.DefaultSqlSession@1898c69b] was not registered for synchronization because synchronization is not active
2025-03-17 17:59:16 [http-nio-9485-exec-1] DEBUG o.s.jdbc.datasource.DataSourceUtils - Fetching JDBC Connection from DataSource
2025-03-17 17:59:16 [http-nio-9485-exec-1] DEBUG o.m.s.t.SpringManagedTransaction - JDBC Connection [com.mysql.cj.jdbc.ConnectionImpl@72dce2ed] will not be managed by Spring
2025-03-17 17:59:16 [http-nio-9485-exec-1] DEBUG c.a.m.r.R.selectReadingById - ==>  Preparing: SELECT * FROM COL_READING WHERE COL_ID = ? 
2025-03-17 17:59:16 [http-nio-9485-exec-1] DEBUG c.a.m.r.R.selectReadingById - ==> Parameters: 25(Long)
2025-03-17 17:59:16 [http-nio-9485-exec-1] DEBUG c.a.m.r.R.selectReadingById - <==      Total: 1
2025-03-17 17:59:16 [http-nio-9485-exec-1] DEBUG org.mybatis.spring.SqlSessionUtils - Closing non transactional SqlSession [org.apache.ibatis.session.defaults.DefaultSqlSession@1898c69b]
2025-03-17 17:59:16 [http-nio-9485-exec-1] DEBUG org.mybatis.spring.SqlSessionUtils - Creating a new SqlSession
2025-03-17 17:59:16 [http-nio-9485-exec-1] DEBUG org.mybatis.spring.SqlSessionUtils - SqlSession [org.apache.ibatis.session.defaults.DefaultSqlSession@1a2cca97] was not registered for synchronization because synchronization is not active
2025-03-17 17:59:16 [http-nio-9485-exec-1] DEBUG o.s.jdbc.datasource.DataSourceUtils - Fetching JDBC Connection from DataSource
2025-03-17 17:59:16 [http-nio-9485-exec-1] DEBUG o.m.s.t.SpringManagedTransaction - JDBC Connection [com.mysql.cj.jdbc.ConnectionImpl@72dce2ed] will not be managed by Spring
2025-03-17 17:59:16 [http-nio-9485-exec-1] DEBUG c.a.m.r.Q.selectQuestionsByReadingId - ==>  Preparing: SELECT * FROM COL_QUESTION WHERE COL_READING_ID = ? 
2025-03-17 17:59:16 [http-nio-9485-exec-1] DEBUG c.a.m.r.Q.selectQuestionsByReadingId - ==> Parameters: 25(Long)
2025-03-17 17:59:16 [http-nio-9485-exec-1] DEBUG c.a.m.r.Q.selectQuestionsByReadingId - <==      Total: 9
2025-03-17 17:59:16 [http-nio-9485-exec-1] DEBUG org.mybatis.spring.SqlSessionUtils - Closing non transactional SqlSession [org.apache.ibatis.session.defaults.DefaultSqlSession@1a2cca97]
2025-03-17 17:59:16 [http-nio-9485-exec-1] DEBUG org.mybatis.spring.SqlSessionUtils - Creating a new SqlSession
2025-03-17 17:59:16 [http-nio-9485-exec-1] DEBUG org.mybatis.spring.SqlSessionUtils - SqlSession [org.apache.ibatis.session.defaults.DefaultSqlSession@2a2caad6] was not registered for synchronization because synchronization is not active
2025-03-17 17:59:16 [http-nio-9485-exec-1] DEBUG o.s.jdbc.datasource.DataSourceUtils - Fetching JDBC Connection from DataSource
2025-03-17 17:59:16 [http-nio-9485-exec-1] DEBUG o.m.s.t.SpringManagedTransaction - JDBC Connection [com.mysql.cj.jdbc.ConnectionImpl@72dce2ed] will not be managed by Spring
2025-03-17 17:59:16 [http-nio-9485-exec-1] DEBUG c.a.m.r.A.selectAnswersByQuestionId - ==>  Preparing: SELECT * FROM COL_ANSWER WHERE COL_QUESTION_ID = ? 
2025-03-17 17:59:16 [http-nio-9485-exec-1] DEBUG c.a.m.r.A.selectAnswersByQuestionId - ==> Parameters: 48(Long)
2025-03-17 17:59:16 [http-nio-9485-exec-1] DEBUG c.a.m.r.A.selectAnswersByQuestionId - <==      Total: 4
2025-03-17 17:59:16 [http-nio-9485-exec-1] DEBUG org.mybatis.spring.SqlSessionUtils - Closing non transactional SqlSession [org.apache.ibatis.session.defaults.DefaultSqlSession@2a2caad6]
2025-03-17 17:59:16 [http-nio-9485-exec-1] DEBUG org.mybatis.spring.SqlSessionUtils - Creating a new SqlSession
2025-03-17 17:59:16 [http-nio-9485-exec-1] DEBUG org.mybatis.spring.SqlSessionUtils - SqlSession [org.apache.ibatis.session.defaults.DefaultSqlSession@424c01d3] was not registered for synchronization because synchronization is not active
2025-03-17 17:59:16 [http-nio-9485-exec-1] DEBUG o.s.jdbc.datasource.DataSourceUtils - Fetching JDBC Connection from DataSource
2025-03-17 17:59:16 [http-nio-9485-exec-1] DEBUG o.m.s.t.SpringManagedTransaction - JDBC Connection [com.mysql.cj.jdbc.ConnectionImpl@72dce2ed] will not be managed by Spring
2025-03-17 17:59:16 [http-nio-9485-exec-1] DEBUG c.a.m.r.A.selectAnswersByQuestionId - ==>  Preparing: SELECT * FROM COL_ANSWER WHERE COL_QUESTION_ID = ? 
2025-03-17 17:59:16 [http-nio-9485-exec-1] DEBUG c.a.m.r.A.selectAnswersByQuestionId - ==> Parameters: 49(Long)
2025-03-17 17:59:16 [http-nio-9485-exec-1] DEBUG c.a.m.r.A.selectAnswersByQuestionId - <==      Total: 4
2025-03-17 17:59:16 [http-nio-9485-exec-1] DEBUG org.mybatis.spring.SqlSessionUtils - Closing non transactional SqlSession [org.apache.ibatis.session.defaults.DefaultSqlSession@424c01d3]
2025-03-17 17:59:16 [http-nio-9485-exec-1] DEBUG org.mybatis.spring.SqlSessionUtils - Creating a new SqlSession
2025-03-17 17:59:16 [http-nio-9485-exec-1] DEBUG org.mybatis.spring.SqlSessionUtils - SqlSession [org.apache.ibatis.session.defaults.DefaultSqlSession@6280487e] was not registered for synchronization because synchronization is not active
2025-03-17 17:59:16 [http-nio-9485-exec-1] DEBUG o.s.jdbc.datasource.DataSourceUtils - Fetching JDBC Connection from DataSource
2025-03-17 17:59:16 [http-nio-9485-exec-1] DEBUG o.m.s.t.SpringManagedTransaction - JDBC Connection [com.mysql.cj.jdbc.ConnectionImpl@72dce2ed] will not be managed by Spring
2025-03-17 17:59:16 [http-nio-9485-exec-1] DEBUG c.a.m.r.A.selectAnswersByQuestionId - ==>  Preparing: SELECT * FROM COL_ANSWER WHERE COL_QUESTION_ID = ? 
2025-03-17 17:59:16 [http-nio-9485-exec-1] DEBUG c.a.m.r.A.selectAnswersByQuestionId - ==> Parameters: 50(Long)
2025-03-17 17:59:16 [http-nio-9485-exec-1] DEBUG c.a.m.r.A.selectAnswersByQuestionId - <==      Total: 4
2025-03-17 17:59:16 [http-nio-9485-exec-1] DEBUG org.mybatis.spring.SqlSessionUtils - Closing non transactional SqlSession [org.apache.ibatis.session.defaults.DefaultSqlSession@6280487e]
2025-03-17 17:59:16 [http-nio-9485-exec-1] DEBUG org.mybatis.spring.SqlSessionUtils - Creating a new SqlSession
2025-03-17 17:59:16 [http-nio-9485-exec-1] DEBUG org.mybatis.spring.SqlSessionUtils - SqlSession [org.apache.ibatis.session.defaults.DefaultSqlSession@6da97a3] was not registered for synchronization because synchronization is not active
2025-03-17 17:59:16 [http-nio-9485-exec-1] DEBUG o.s.jdbc.datasource.DataSourceUtils - Fetching JDBC Connection from DataSource
2025-03-17 17:59:16 [http-nio-9485-exec-1] DEBUG o.m.s.t.SpringManagedTransaction - JDBC Connection [com.mysql.cj.jdbc.ConnectionImpl@72dce2ed] will not be managed by Spring
2025-03-17 17:59:16 [http-nio-9485-exec-1] DEBUG c.a.m.r.A.selectAnswersByQuestionId - ==>  Preparing: SELECT * FROM COL_ANSWER WHERE COL_QUESTION_ID = ? 
2025-03-17 17:59:16 [http-nio-9485-exec-1] DEBUG c.a.m.r.A.selectAnswersByQuestionId - ==> Parameters: 51(Long)
2025-03-17 17:59:16 [http-nio-9485-exec-1] DEBUG c.a.m.r.A.selectAnswersByQuestionId - <==      Total: 1
2025-03-17 17:59:16 [http-nio-9485-exec-1] DEBUG org.mybatis.spring.SqlSessionUtils - Closing non transactional SqlSession [org.apache.ibatis.session.defaults.DefaultSqlSession@6da97a3]
2025-03-17 17:59:16 [http-nio-9485-exec-1] DEBUG org.mybatis.spring.SqlSessionUtils - Creating a new SqlSession
2025-03-17 17:59:16 [http-nio-9485-exec-1] DEBUG org.mybatis.spring.SqlSessionUtils - SqlSession [org.apache.ibatis.session.defaults.DefaultSqlSession@1d056e04] was not registered for synchronization because synchronization is not active
2025-03-17 17:59:16 [http-nio-9485-exec-1] DEBUG o.s.jdbc.datasource.DataSourceUtils - Fetching JDBC Connection from DataSource
2025-03-17 17:59:16 [http-nio-9485-exec-1] DEBUG o.m.s.t.SpringManagedTransaction - JDBC Connection [com.mysql.cj.jdbc.ConnectionImpl@72dce2ed] will not be managed by Spring
2025-03-17 17:59:16 [http-nio-9485-exec-1] DEBUG c.a.m.r.A.selectAnswersByQuestionId - ==>  Preparing: SELECT * FROM COL_ANSWER WHERE COL_QUESTION_ID = ? 
2025-03-17 17:59:16 [http-nio-9485-exec-1] DEBUG c.a.m.r.A.selectAnswersByQuestionId - ==> Parameters: 52(Long)
2025-03-17 17:59:16 [http-nio-9485-exec-1] DEBUG c.a.m.r.A.selectAnswersByQuestionId - <==      Total: 1
2025-03-17 17:59:16 [http-nio-9485-exec-1] DEBUG org.mybatis.spring.SqlSessionUtils - Closing non transactional SqlSession [org.apache.ibatis.session.defaults.DefaultSqlSession@1d056e04]
2025-03-17 17:59:16 [http-nio-9485-exec-1] DEBUG org.mybatis.spring.SqlSessionUtils - Creating a new SqlSession
2025-03-17 17:59:16 [http-nio-9485-exec-1] DEBUG org.mybatis.spring.SqlSessionUtils - SqlSession [org.apache.ibatis.session.defaults.DefaultSqlSession@39bfd9af] was not registered for synchronization because synchronization is not active
2025-03-17 17:59:16 [http-nio-9485-exec-1] DEBUG o.s.jdbc.datasource.DataSourceUtils - Fetching JDBC Connection from DataSource
2025-03-17 17:59:16 [http-nio-9485-exec-1] DEBUG o.m.s.t.SpringManagedTransaction - JDBC Connection [com.mysql.cj.jdbc.ConnectionImpl@72dce2ed] will not be managed by Spring
2025-03-17 17:59:16 [http-nio-9485-exec-1] DEBUG c.a.m.r.A.selectAnswersByQuestionId - ==>  Preparing: SELECT * FROM COL_ANSWER WHERE COL_QUESTION_ID = ? 
2025-03-17 17:59:16 [http-nio-9485-exec-1] DEBUG c.a.m.r.A.selectAnswersByQuestionId - ==> Parameters: 53(Long)
2025-03-17 17:59:16 [http-nio-9485-exec-1] DEBUG c.a.m.r.A.selectAnswersByQuestionId - <==      Total: 5
2025-03-17 17:59:16 [http-nio-9485-exec-1] DEBUG org.mybatis.spring.SqlSessionUtils - Closing non transactional SqlSession [org.apache.ibatis.session.defaults.DefaultSqlSession@39bfd9af]
2025-03-17 17:59:16 [http-nio-9485-exec-1] DEBUG org.mybatis.spring.SqlSessionUtils - Creating a new SqlSession
2025-03-17 17:59:16 [http-nio-9485-exec-1] DEBUG org.mybatis.spring.SqlSessionUtils - SqlSession [org.apache.ibatis.session.defaults.DefaultSqlSession@3c9b0d78] was not registered for synchronization because synchronization is not active
2025-03-17 17:59:16 [http-nio-9485-exec-1] DEBUG o.s.jdbc.datasource.DataSourceUtils - Fetching JDBC Connection from DataSource
2025-03-17 17:59:16 [http-nio-9485-exec-1] DEBUG o.m.s.t.SpringManagedTransaction - JDBC Connection [com.mysql.cj.jdbc.ConnectionImpl@72dce2ed] will not be managed by Spring
2025-03-17 17:59:16 [http-nio-9485-exec-1] DEBUG c.a.m.r.A.selectAnswersByQuestionId - ==>  Preparing: SELECT * FROM COL_ANSWER WHERE COL_QUESTION_ID = ? 
2025-03-17 17:59:16 [http-nio-9485-exec-1] DEBUG c.a.m.r.A.selectAnswersByQuestionId - ==> Parameters: 54(Long)
2025-03-17 17:59:16 [http-nio-9485-exec-1] DEBUG c.a.m.r.A.selectAnswersByQuestionId - <==      Total: 5
2025-03-17 17:59:16 [http-nio-9485-exec-1] DEBUG org.mybatis.spring.SqlSessionUtils - Closing non transactional SqlSession [org.apache.ibatis.session.defaults.DefaultSqlSession@3c9b0d78]
2025-03-17 17:59:16 [http-nio-9485-exec-1] DEBUG org.mybatis.spring.SqlSessionUtils - Creating a new SqlSession
2025-03-17 17:59:16 [http-nio-9485-exec-1] DEBUG org.mybatis.spring.SqlSessionUtils - SqlSession [org.apache.ibatis.session.defaults.DefaultSqlSession@6ee7dbae] was not registered for synchronization because synchronization is not active
2025-03-17 17:59:16 [http-nio-9485-exec-1] DEBUG o.s.jdbc.datasource.DataSourceUtils - Fetching JDBC Connection from DataSource
2025-03-17 17:59:16 [http-nio-9485-exec-1] DEBUG o.m.s.t.SpringManagedTransaction - JDBC Connection [com.mysql.cj.jdbc.ConnectionImpl@72dce2ed] will not be managed by Spring
2025-03-17 17:59:16 [http-nio-9485-exec-1] DEBUG c.a.m.r.A.selectAnswersByQuestionId - ==>  Preparing: SELECT * FROM COL_ANSWER WHERE COL_QUESTION_ID = ? 
2025-03-17 17:59:16 [http-nio-9485-exec-1] DEBUG c.a.m.r.A.selectAnswersByQuestionId - ==> Parameters: 55(Long)
2025-03-17 17:59:16 [http-nio-9485-exec-1] DEBUG c.a.m.r.A.selectAnswersByQuestionId - <==      Total: 5
2025-03-17 17:59:16 [http-nio-9485-exec-1] DEBUG org.mybatis.spring.SqlSessionUtils - Closing non transactional SqlSession [org.apache.ibatis.session.defaults.DefaultSqlSession@6ee7dbae]
2025-03-17 17:59:16 [http-nio-9485-exec-1] DEBUG org.mybatis.spring.SqlSessionUtils - Creating a new SqlSession
2025-03-17 17:59:16 [http-nio-9485-exec-1] DEBUG org.mybatis.spring.SqlSessionUtils - SqlSession [org.apache.ibatis.session.defaults.DefaultSqlSession@25e9169d] was not registered for synchronization because synchronization is not active
2025-03-17 17:59:16 [http-nio-9485-exec-1] DEBUG o.s.jdbc.datasource.DataSourceUtils - Fetching JDBC Connection from DataSource
2025-03-17 17:59:16 [http-nio-9485-exec-1] DEBUG o.m.s.t.SpringManagedTransaction - JDBC Connection [com.mysql.cj.jdbc.ConnectionImpl@72dce2ed] will not be managed by Spring
2025-03-17 17:59:16 [http-nio-9485-exec-1] DEBUG c.a.m.r.A.selectAnswersByQuestionId - ==>  Preparing: SELECT * FROM COL_ANSWER WHERE COL_QUESTION_ID = ? 
2025-03-17 17:59:16 [http-nio-9485-exec-1] DEBUG c.a.m.r.A.selectAnswersByQuestionId - ==> Parameters: 56(Long)
2025-03-17 17:59:16 [http-nio-9485-exec-1] DEBUG c.a.m.r.A.selectAnswersByQuestionId - <==      Total: 5
2025-03-17 17:59:16 [http-nio-9485-exec-1] DEBUG org.mybatis.spring.SqlSessionUtils - Closing non transactional SqlSession [org.apache.ibatis.session.defaults.DefaultSqlSession@25e9169d]
2025-03-17 17:59:16 [http-nio-9485-exec-1] DEBUG o.s.w.s.m.m.a.RequestResponseBodyMethodProcessor - Using 'application/json', given [application/json, text/plain, */*] and supported [application/json, application/*+json, application/json, application/*+json]
2025-03-17 17:59:16 [http-nio-9485-exec-1] DEBUG o.s.w.s.m.m.a.RequestResponseBodyMethodProcessor - Writing [ResponseResult(status=success, message=成功, code=200, data=Reading(id=25, title=How the mind ages, co (truncated)...]
2025-03-17 17:59:16 [http-nio-9485-exec-1] DEBUG o.s.o.j.s.OpenEntityManagerInViewInterceptor - Closing JPA EntityManager in OpenEntityManagerInViewInterceptor
2025-03-17 17:59:16 [http-nio-9485-exec-1] DEBUG o.s.web.servlet.DispatcherServlet - Completed 200 OK
2025-03-17 18:16:54 [http-nio-9485-exec-3] DEBUG o.s.web.servlet.DispatcherServlet - GET "/topic/reading/user/25", parameters={}
2025-03-17 18:16:54 [http-nio-9485-exec-3] DEBUG o.s.w.s.m.m.a.RequestMappingHandlerMapping - Mapped to com.apps.controller.read.ReadingController#getReadingWithQuestions(Long)
2025-03-17 18:16:54 [http-nio-9485-exec-3] DEBUG o.s.o.j.s.OpenEntityManagerInViewInterceptor - Opening JPA EntityManager in OpenEntityManagerInViewInterceptor
2025-03-17 18:16:54 [http-nio-9485-exec-3] DEBUG org.mybatis.spring.SqlSessionUtils - Creating a new SqlSession
2025-03-17 18:16:54 [http-nio-9485-exec-3] DEBUG org.mybatis.spring.SqlSessionUtils - SqlSession [org.apache.ibatis.session.defaults.DefaultSqlSession@5f0cbf42] was not registered for synchronization because synchronization is not active
2025-03-17 18:16:54 [http-nio-9485-exec-3] DEBUG o.s.jdbc.datasource.DataSourceUtils - Fetching JDBC Connection from DataSource
2025-03-17 18:16:54 [http-nio-9485-exec-3] WARN  c.a.d.pool.DruidAbstractDataSource - discard long time none received connection. , jdbcUrl : jdbc:mysql://localhost:3306/mock_ielts?setUnicode=true&characterEncoding=utf8, version : 1.2.5, lastPacketReceivedIdleMillis : 1058098
2025-03-17 18:16:54 [http-nio-9485-exec-3] DEBUG c.alibaba.druid.pool.DruidDataSource - skip not validate connection.
2025-03-17 18:16:54 [http-nio-9485-exec-3] DEBUG o.m.s.t.SpringManagedTransaction - JDBC Connection [com.mysql.cj.jdbc.ConnectionImpl@490e09d6] will not be managed by Spring
2025-03-17 18:16:54 [http-nio-9485-exec-3] DEBUG c.a.m.r.R.selectReadingById - ==>  Preparing: SELECT * FROM COL_READING WHERE COL_ID = ? 
2025-03-17 18:16:54 [http-nio-9485-exec-3] DEBUG c.a.m.r.R.selectReadingById - ==> Parameters: 25(Long)
2025-03-17 18:16:54 [http-nio-9485-exec-3] DEBUG c.a.m.r.R.selectReadingById - <==      Total: 1
2025-03-17 18:16:54 [http-nio-9485-exec-3] DEBUG org.mybatis.spring.SqlSessionUtils - Closing non transactional SqlSession [org.apache.ibatis.session.defaults.DefaultSqlSession@5f0cbf42]
2025-03-17 18:16:54 [http-nio-9485-exec-3] DEBUG org.mybatis.spring.SqlSessionUtils - Creating a new SqlSession
2025-03-17 18:16:54 [http-nio-9485-exec-3] DEBUG org.mybatis.spring.SqlSessionUtils - SqlSession [org.apache.ibatis.session.defaults.DefaultSqlSession@7657df91] was not registered for synchronization because synchronization is not active
2025-03-17 18:16:54 [http-nio-9485-exec-3] DEBUG o.s.jdbc.datasource.DataSourceUtils - Fetching JDBC Connection from DataSource
2025-03-17 18:16:54 [http-nio-9485-exec-3] DEBUG o.m.s.t.SpringManagedTransaction - JDBC Connection [com.mysql.cj.jdbc.ConnectionImpl@490e09d6] will not be managed by Spring
2025-03-17 18:16:54 [http-nio-9485-exec-3] DEBUG c.a.m.r.Q.selectQuestionsByReadingId - ==>  Preparing: SELECT * FROM COL_QUESTION WHERE COL_READING_ID = ? 
2025-03-17 18:16:54 [http-nio-9485-exec-3] DEBUG c.a.m.r.Q.selectQuestionsByReadingId - ==> Parameters: 25(Long)
2025-03-17 18:16:54 [http-nio-9485-exec-3] DEBUG c.a.m.r.Q.selectQuestionsByReadingId - <==      Total: 9
2025-03-17 18:16:54 [http-nio-9485-exec-3] DEBUG org.mybatis.spring.SqlSessionUtils - Closing non transactional SqlSession [org.apache.ibatis.session.defaults.DefaultSqlSession@7657df91]
2025-03-17 18:16:54 [http-nio-9485-exec-3] DEBUG org.mybatis.spring.SqlSessionUtils - Creating a new SqlSession
2025-03-17 18:16:54 [http-nio-9485-exec-3] DEBUG org.mybatis.spring.SqlSessionUtils - SqlSession [org.apache.ibatis.session.defaults.DefaultSqlSession@2a82a406] was not registered for synchronization because synchronization is not active
2025-03-17 18:16:54 [http-nio-9485-exec-3] DEBUG o.s.jdbc.datasource.DataSourceUtils - Fetching JDBC Connection from DataSource
2025-03-17 18:16:54 [http-nio-9485-exec-3] DEBUG o.m.s.t.SpringManagedTransaction - JDBC Connection [com.mysql.cj.jdbc.ConnectionImpl@490e09d6] will not be managed by Spring
2025-03-17 18:16:54 [http-nio-9485-exec-3] DEBUG c.a.m.r.A.selectAnswersByQuestionId - ==>  Preparing: SELECT * FROM COL_ANSWER WHERE COL_QUESTION_ID = ? 
2025-03-17 18:16:54 [http-nio-9485-exec-3] DEBUG c.a.m.r.A.selectAnswersByQuestionId - ==> Parameters: 48(Long)
2025-03-17 18:16:54 [http-nio-9485-exec-3] DEBUG c.a.m.r.A.selectAnswersByQuestionId - <==      Total: 4
2025-03-17 18:16:54 [http-nio-9485-exec-3] DEBUG org.mybatis.spring.SqlSessionUtils - Closing non transactional SqlSession [org.apache.ibatis.session.defaults.DefaultSqlSession@2a82a406]
2025-03-17 18:16:54 [http-nio-9485-exec-3] DEBUG org.mybatis.spring.SqlSessionUtils - Creating a new SqlSession
2025-03-17 18:16:54 [http-nio-9485-exec-3] DEBUG org.mybatis.spring.SqlSessionUtils - SqlSession [org.apache.ibatis.session.defaults.DefaultSqlSession@1660ca7f] was not registered for synchronization because synchronization is not active
2025-03-17 18:16:54 [http-nio-9485-exec-3] DEBUG o.s.jdbc.datasource.DataSourceUtils - Fetching JDBC Connection from DataSource
2025-03-17 18:16:54 [http-nio-9485-exec-3] DEBUG o.m.s.t.SpringManagedTransaction - JDBC Connection [com.mysql.cj.jdbc.ConnectionImpl@490e09d6] will not be managed by Spring
2025-03-17 18:16:54 [http-nio-9485-exec-3] DEBUG c.a.m.r.A.selectAnswersByQuestionId - ==>  Preparing: SELECT * FROM COL_ANSWER WHERE COL_QUESTION_ID = ? 
2025-03-17 18:16:54 [http-nio-9485-exec-3] DEBUG c.a.m.r.A.selectAnswersByQuestionId - ==> Parameters: 49(Long)
2025-03-17 18:16:54 [http-nio-9485-exec-3] DEBUG c.a.m.r.A.selectAnswersByQuestionId - <==      Total: 4
2025-03-17 18:16:54 [http-nio-9485-exec-3] DEBUG org.mybatis.spring.SqlSessionUtils - Closing non transactional SqlSession [org.apache.ibatis.session.defaults.DefaultSqlSession@1660ca7f]
2025-03-17 18:16:54 [http-nio-9485-exec-3] DEBUG org.mybatis.spring.SqlSessionUtils - Creating a new SqlSession
2025-03-17 18:16:54 [http-nio-9485-exec-3] DEBUG org.mybatis.spring.SqlSessionUtils - SqlSession [org.apache.ibatis.session.defaults.DefaultSqlSession@1c7899f9] was not registered for synchronization because synchronization is not active
2025-03-17 18:16:54 [http-nio-9485-exec-3] DEBUG o.s.jdbc.datasource.DataSourceUtils - Fetching JDBC Connection from DataSource
2025-03-17 18:16:54 [http-nio-9485-exec-3] DEBUG o.m.s.t.SpringManagedTransaction - JDBC Connection [com.mysql.cj.jdbc.ConnectionImpl@490e09d6] will not be managed by Spring
2025-03-17 18:16:54 [http-nio-9485-exec-3] DEBUG c.a.m.r.A.selectAnswersByQuestionId - ==>  Preparing: SELECT * FROM COL_ANSWER WHERE COL_QUESTION_ID = ? 
2025-03-17 18:16:54 [http-nio-9485-exec-3] DEBUG c.a.m.r.A.selectAnswersByQuestionId - ==> Parameters: 50(Long)
2025-03-17 18:16:54 [http-nio-9485-exec-3] DEBUG c.a.m.r.A.selectAnswersByQuestionId - <==      Total: 4
2025-03-17 18:16:54 [http-nio-9485-exec-3] DEBUG org.mybatis.spring.SqlSessionUtils - Closing non transactional SqlSession [org.apache.ibatis.session.defaults.DefaultSqlSession@1c7899f9]
2025-03-17 18:16:54 [http-nio-9485-exec-3] DEBUG org.mybatis.spring.SqlSessionUtils - Creating a new SqlSession
2025-03-17 18:16:54 [http-nio-9485-exec-3] DEBUG org.mybatis.spring.SqlSessionUtils - SqlSession [org.apache.ibatis.session.defaults.DefaultSqlSession@924c7ac] was not registered for synchronization because synchronization is not active
2025-03-17 18:16:54 [http-nio-9485-exec-3] DEBUG o.s.jdbc.datasource.DataSourceUtils - Fetching JDBC Connection from DataSource
2025-03-17 18:16:54 [http-nio-9485-exec-3] DEBUG o.m.s.t.SpringManagedTransaction - JDBC Connection [com.mysql.cj.jdbc.ConnectionImpl@490e09d6] will not be managed by Spring
2025-03-17 18:16:54 [http-nio-9485-exec-3] DEBUG c.a.m.r.A.selectAnswersByQuestionId - ==>  Preparing: SELECT * FROM COL_ANSWER WHERE COL_QUESTION_ID = ? 
2025-03-17 18:16:54 [http-nio-9485-exec-3] DEBUG c.a.m.r.A.selectAnswersByQuestionId - ==> Parameters: 51(Long)
2025-03-17 18:16:54 [http-nio-9485-exec-3] DEBUG c.a.m.r.A.selectAnswersByQuestionId - <==      Total: 1
2025-03-17 18:16:54 [http-nio-9485-exec-3] DEBUG org.mybatis.spring.SqlSessionUtils - Closing non transactional SqlSession [org.apache.ibatis.session.defaults.DefaultSqlSession@924c7ac]
2025-03-17 18:16:54 [http-nio-9485-exec-3] DEBUG org.mybatis.spring.SqlSessionUtils - Creating a new SqlSession
2025-03-17 18:16:54 [http-nio-9485-exec-3] DEBUG org.mybatis.spring.SqlSessionUtils - SqlSession [org.apache.ibatis.session.defaults.DefaultSqlSession@2f5a6049] was not registered for synchronization because synchronization is not active
2025-03-17 18:16:54 [http-nio-9485-exec-3] DEBUG o.s.jdbc.datasource.DataSourceUtils - Fetching JDBC Connection from DataSource
2025-03-17 18:16:54 [http-nio-9485-exec-3] DEBUG o.m.s.t.SpringManagedTransaction - JDBC Connection [com.mysql.cj.jdbc.ConnectionImpl@490e09d6] will not be managed by Spring
2025-03-17 18:16:54 [http-nio-9485-exec-3] DEBUG c.a.m.r.A.selectAnswersByQuestionId - ==>  Preparing: SELECT * FROM COL_ANSWER WHERE COL_QUESTION_ID = ? 
2025-03-17 18:16:54 [http-nio-9485-exec-3] DEBUG c.a.m.r.A.selectAnswersByQuestionId - ==> Parameters: 52(Long)
2025-03-17 18:16:54 [http-nio-9485-exec-3] DEBUG c.a.m.r.A.selectAnswersByQuestionId - <==      Total: 1
2025-03-17 18:16:54 [http-nio-9485-exec-3] DEBUG org.mybatis.spring.SqlSessionUtils - Closing non transactional SqlSession [org.apache.ibatis.session.defaults.DefaultSqlSession@2f5a6049]
2025-03-17 18:16:54 [http-nio-9485-exec-3] DEBUG org.mybatis.spring.SqlSessionUtils - Creating a new SqlSession
2025-03-17 18:16:54 [http-nio-9485-exec-3] DEBUG org.mybatis.spring.SqlSessionUtils - SqlSession [org.apache.ibatis.session.defaults.DefaultSqlSession@5808b518] was not registered for synchronization because synchronization is not active
2025-03-17 18:16:54 [http-nio-9485-exec-3] DEBUG o.s.jdbc.datasource.DataSourceUtils - Fetching JDBC Connection from DataSource
2025-03-17 18:16:54 [http-nio-9485-exec-3] DEBUG o.m.s.t.SpringManagedTransaction - JDBC Connection [com.mysql.cj.jdbc.ConnectionImpl@490e09d6] will not be managed by Spring
2025-03-17 18:16:54 [http-nio-9485-exec-3] DEBUG c.a.m.r.A.selectAnswersByQuestionId - ==>  Preparing: SELECT * FROM COL_ANSWER WHERE COL_QUESTION_ID = ? 
2025-03-17 18:16:54 [http-nio-9485-exec-3] DEBUG c.a.m.r.A.selectAnswersByQuestionId - ==> Parameters: 53(Long)
2025-03-17 18:16:54 [http-nio-9485-exec-3] DEBUG c.a.m.r.A.selectAnswersByQuestionId - <==      Total: 5
2025-03-17 18:16:54 [http-nio-9485-exec-3] DEBUG org.mybatis.spring.SqlSessionUtils - Closing non transactional SqlSession [org.apache.ibatis.session.defaults.DefaultSqlSession@5808b518]
2025-03-17 18:16:54 [http-nio-9485-exec-3] DEBUG org.mybatis.spring.SqlSessionUtils - Creating a new SqlSession
2025-03-17 18:16:54 [http-nio-9485-exec-3] DEBUG org.mybatis.spring.SqlSessionUtils - SqlSession [org.apache.ibatis.session.defaults.DefaultSqlSession@6a549aa9] was not registered for synchronization because synchronization is not active
2025-03-17 18:16:54 [http-nio-9485-exec-3] DEBUG o.s.jdbc.datasource.DataSourceUtils - Fetching JDBC Connection from DataSource
2025-03-17 18:16:54 [http-nio-9485-exec-3] DEBUG o.m.s.t.SpringManagedTransaction - JDBC Connection [com.mysql.cj.jdbc.ConnectionImpl@490e09d6] will not be managed by Spring
2025-03-17 18:16:54 [http-nio-9485-exec-3] DEBUG c.a.m.r.A.selectAnswersByQuestionId - ==>  Preparing: SELECT * FROM COL_ANSWER WHERE COL_QUESTION_ID = ? 
2025-03-17 18:16:54 [http-nio-9485-exec-3] DEBUG c.a.m.r.A.selectAnswersByQuestionId - ==> Parameters: 54(Long)
2025-03-17 18:16:54 [http-nio-9485-exec-3] DEBUG c.a.m.r.A.selectAnswersByQuestionId - <==      Total: 5
2025-03-17 18:16:54 [http-nio-9485-exec-3] DEBUG org.mybatis.spring.SqlSessionUtils - Closing non transactional SqlSession [org.apache.ibatis.session.defaults.DefaultSqlSession@6a549aa9]
2025-03-17 18:16:54 [http-nio-9485-exec-3] DEBUG org.mybatis.spring.SqlSessionUtils - Creating a new SqlSession
2025-03-17 18:16:54 [http-nio-9485-exec-3] DEBUG org.mybatis.spring.SqlSessionUtils - SqlSession [org.apache.ibatis.session.defaults.DefaultSqlSession@233ccad9] was not registered for synchronization because synchronization is not active
2025-03-17 18:16:54 [http-nio-9485-exec-3] DEBUG o.s.jdbc.datasource.DataSourceUtils - Fetching JDBC Connection from DataSource
2025-03-17 18:16:54 [http-nio-9485-exec-3] DEBUG o.m.s.t.SpringManagedTransaction - JDBC Connection [com.mysql.cj.jdbc.ConnectionImpl@490e09d6] will not be managed by Spring
2025-03-17 18:16:54 [http-nio-9485-exec-3] DEBUG c.a.m.r.A.selectAnswersByQuestionId - ==>  Preparing: SELECT * FROM COL_ANSWER WHERE COL_QUESTION_ID = ? 
2025-03-17 18:16:54 [http-nio-9485-exec-3] DEBUG c.a.m.r.A.selectAnswersByQuestionId - ==> Parameters: 55(Long)
2025-03-17 18:16:54 [http-nio-9485-exec-3] DEBUG c.a.m.r.A.selectAnswersByQuestionId - <==      Total: 5
2025-03-17 18:16:54 [http-nio-9485-exec-3] DEBUG org.mybatis.spring.SqlSessionUtils - Closing non transactional SqlSession [org.apache.ibatis.session.defaults.DefaultSqlSession@233ccad9]
2025-03-17 18:16:54 [http-nio-9485-exec-3] DEBUG org.mybatis.spring.SqlSessionUtils - Creating a new SqlSession
2025-03-17 18:16:54 [http-nio-9485-exec-3] DEBUG org.mybatis.spring.SqlSessionUtils - SqlSession [org.apache.ibatis.session.defaults.DefaultSqlSession@2feed087] was not registered for synchronization because synchronization is not active
2025-03-17 18:16:54 [http-nio-9485-exec-3] DEBUG o.s.jdbc.datasource.DataSourceUtils - Fetching JDBC Connection from DataSource
2025-03-17 18:16:54 [http-nio-9485-exec-3] DEBUG o.m.s.t.SpringManagedTransaction - JDBC Connection [com.mysql.cj.jdbc.ConnectionImpl@490e09d6] will not be managed by Spring
2025-03-17 18:16:54 [http-nio-9485-exec-3] DEBUG c.a.m.r.A.selectAnswersByQuestionId - ==>  Preparing: SELECT * FROM COL_ANSWER WHERE COL_QUESTION_ID = ? 
2025-03-17 18:16:54 [http-nio-9485-exec-3] DEBUG c.a.m.r.A.selectAnswersByQuestionId - ==> Parameters: 56(Long)
2025-03-17 18:16:54 [http-nio-9485-exec-3] DEBUG c.a.m.r.A.selectAnswersByQuestionId - <==      Total: 5
2025-03-17 18:16:54 [http-nio-9485-exec-3] DEBUG org.mybatis.spring.SqlSessionUtils - Closing non transactional SqlSession [org.apache.ibatis.session.defaults.DefaultSqlSession@2feed087]
2025-03-17 18:16:54 [http-nio-9485-exec-3] DEBUG o.s.w.s.m.m.a.RequestResponseBodyMethodProcessor - Using 'application/json', given [application/json, text/plain, */*] and supported [application/json, application/*+json, application/json, application/*+json]
2025-03-17 18:16:54 [http-nio-9485-exec-3] DEBUG o.s.w.s.m.m.a.RequestResponseBodyMethodProcessor - Writing [ResponseResult(status=success, message=成功, code=200, data=Reading(id=25, title=How the mind ages, co (truncated)...]
2025-03-17 18:16:54 [http-nio-9485-exec-3] DEBUG o.s.o.j.s.OpenEntityManagerInViewInterceptor - Closing JPA EntityManager in OpenEntityManagerInViewInterceptor
2025-03-17 18:16:54 [http-nio-9485-exec-3] DEBUG o.s.web.servlet.DispatcherServlet - Completed 200 OK
2025-03-17 18:34:40 [Thread-4] WARN  c.a.n.c.http.HttpClientBeanHolder - [HttpClientBeanHolder] Start destroying common HttpClient
2025-03-17 18:34:40 [Thread-32] WARN  c.a.nacos.common.notify.NotifyCenter - [NotifyCenter] Start destroying Publisher
2025-03-17 18:34:40 [Thread-32] WARN  c.a.nacos.common.notify.NotifyCenter - [NotifyCenter] Destruction of the end
2025-03-17 18:34:40 [Thread-4] WARN  c.a.n.c.http.HttpClientBeanHolder - [HttpClientBeanHolder] Destruction of the end
2025-03-17 18:34:40 [SpringApplicationShutdownHook] DEBUG o.s.b.a.ApplicationAvailabilityBean - Application availability state ReadinessState changed from ACCEPTING_TRAFFIC to REFUSING_TRAFFIC
2025-03-17 18:34:40 [SpringApplicationShutdownHook] DEBUG o.s.b.w.s.c.AnnotationConfigServletWebServerApplicationContext - Closing org.springframework.boot.web.servlet.context.AnnotationConfigServletWebServerApplicationContext@66b7550d, started on Mon Mar 17 10:01:05 CST 2025, parent: org.springframework.context.annotation.AnnotationConfigApplicationContext@1df8da7a
2025-03-17 18:34:40 [SpringApplicationShutdownHook] DEBUG o.s.c.s.DefaultLifecycleProcessor - Stopping beans in phase 2147483647
2025-03-17 18:34:40 [SpringApplicationShutdownHook] DEBUG o.s.c.s.DefaultLifecycleProcessor - Bean 'webServerGracefulShutdown' completed its stop procedure
2025-03-17 18:34:40 [SpringApplicationShutdownHook] DEBUG o.s.c.s.DefaultLifecycleProcessor - Stopping beans in phase 2147483646
2025-03-17 18:34:41 [SpringApplicationShutdownHook] DEBUG o.s.c.s.DefaultLifecycleProcessor - Bean 'webServerStartStop' completed its stop procedure
2025-03-17 18:34:41 [SpringApplicationShutdownHook] DEBUG o.s.c.s.DefaultLifecycleProcessor - Stopping beans in phase 0
2025-03-17 18:34:41 [SpringApplicationShutdownHook] DEBUG o.s.s.c.ThreadPoolTaskScheduler - Shutting down ExecutorService 'Nacos-Watch-Task-Scheduler'
2025-03-17 18:34:41 [SpringApplicationShutdownHook] DEBUG o.s.c.s.DefaultLifecycleProcessor - Bean 'nacosWatch' completed its stop procedure
2025-03-17 18:34:41 [SpringApplicationShutdownHook] DEBUG o.s.j.e.a.AnnotationMBeanExporter - Unregistering JMX-exposed beans on shutdown
2025-03-17 18:34:41 [SpringApplicationShutdownHook] DEBUG o.s.j.e.a.AnnotationMBeanExporter - Unregistering JMX-exposed beans
2025-03-17 18:34:41 [SpringApplicationShutdownHook] INFO  c.a.c.n.r.NacosServiceRegistry - De-registering from Nacos Server now...
2025-03-17 18:34:47 [SpringApplicationShutdownHook] ERROR c.a.c.n.r.NacosServiceRegistry - ERR_NACOS_DEREGISTER, de-register failed...NacosRegistration{nacosDiscoveryProperties=NacosDiscoveryProperties{serverAddr='localhost:8848', username='', password='', endpoint='', namespace='1695f1a3-225f-4479-9dc1-1f71f7c845a7', watchDelay=30000, logName='', service='mock-ielts-topic', weight=1.0, clusterName='DEFAULT', group='DEFAULT_GROUP', namingLoadCacheAtStart='false', metadata={preserved.register.source=SPRING_CLOUD}, registerEnabled=true, ip='172.16.89.27', networkInterface='', port=9485, secure=false, accessKey='', secretKey='', heartBeatInterval=null, heartBeatTimeout=null, ipDeleteTimeout=null, instanceEnabled=true, ephemeral=true, failureToleranceEnabled=false}, ipDeleteTimeout=null, failFast=true}},
com.alibaba.nacos.api.exception.NacosException: failed to req API:/nacos/v1/ns/instance after all servers([localhost:8848]) tried: java.net.ConnectException: Connection refused: connect
	at com.alibaba.nacos.client.naming.net.NamingProxy.reqApi(NamingProxy.java:556)
	at com.alibaba.nacos.client.naming.net.NamingProxy.reqApi(NamingProxy.java:498)
	at com.alibaba.nacos.client.naming.net.NamingProxy.reqApi(NamingProxy.java:493)
	at com.alibaba.nacos.client.naming.net.NamingProxy.deregisterService(NamingProxy.java:271)
	at com.alibaba.nacos.client.naming.NacosNamingService.deregisterInstance(NacosNamingService.java:252)
	at com.alibaba.nacos.client.naming.NacosNamingService.deregisterInstance(NacosNamingService.java:238)
	at com.alibaba.cloud.nacos.registry.NacosServiceRegistry.deregister(NacosServiceRegistry.java:106)
	at org.springframework.cloud.client.serviceregistry.AbstractAutoServiceRegistration.deregister(AbstractAutoServiceRegistration.java:249)
	at org.springframework.cloud.client.serviceregistry.AbstractAutoServiceRegistration.stop(AbstractAutoServiceRegistration.java:264)
	at org.springframework.cloud.client.serviceregistry.AbstractAutoServiceRegistration.destroy(AbstractAutoServiceRegistration.java:201)
	at sun.reflect.NativeMethodAccessorImpl.invoke0(Native Method)
	at sun.reflect.NativeMethodAccessorImpl.invoke(NativeMethodAccessorImpl.java:62)
	at sun.reflect.DelegatingMethodAccessorImpl.invoke(DelegatingMethodAccessorImpl.java:43)
	at java.lang.reflect.Method.invoke(Method.java:498)
	at org.springframework.beans.factory.annotation.InitDestroyAnnotationBeanPostProcessor$LifecycleElement.invoke(InitDestroyAnnotationBeanPostProcessor.java:389)
	at org.springframework.beans.factory.annotation.InitDestroyAnnotationBeanPostProcessor$LifecycleMetadata.invokeDestroyMethods(InitDestroyAnnotationBeanPostProcessor.java:347)
	at org.springframework.beans.factory.annotation.InitDestroyAnnotationBeanPostProcessor.postProcessBeforeDestruction(InitDestroyAnnotationBeanPostProcessor.java:177)
	at org.springframework.beans.factory.support.DisposableBeanAdapter.destroy(DisposableBeanAdapter.java:196)
	at org.springframework.beans.factory.support.DefaultSingletonBeanRegistry.destroyBean(DefaultSingletonBeanRegistry.java:587)
	at org.springframework.beans.factory.support.DefaultSingletonBeanRegistry.destroySingleton(DefaultSingletonBeanRegistry.java:559)
	at org.springframework.beans.factory.support.DefaultListableBeanFactory.destroySingleton(DefaultListableBeanFactory.java:1161)
	at org.springframework.beans.factory.support.DefaultSingletonBeanRegistry.destroySingletons(DefaultSingletonBeanRegistry.java:520)
	at org.springframework.beans.factory.support.DefaultListableBeanFactory.destroySingletons(DefaultListableBeanFactory.java:1154)
	at org.springframework.context.support.AbstractApplicationContext.destroyBeans(AbstractApplicationContext.java:1106)
	at org.springframework.context.support.AbstractApplicationContext.doClose(AbstractApplicationContext.java:1075)
	at org.springframework.boot.web.servlet.context.ServletWebServerApplicationContext.doClose(ServletWebServerApplicationContext.java:172)
	at org.springframework.context.support.AbstractApplicationContext.close(AbstractApplicationContext.java:1021)
	at org.springframework.boot.SpringApplicationShutdownHook.closeAndWait(SpringApplicationShutdownHook.java:145)
	at java.lang.Iterable.forEach(Iterable.java:75)
	at org.springframework.boot.SpringApplicationShutdownHook.run(SpringApplicationShutdownHook.java:114)
	at java.lang.Thread.run(Thread.java:750)
2025-03-17 18:34:47 [SpringApplicationShutdownHook] INFO  c.a.c.n.r.NacosServiceRegistry - De-registration finished.
2025-03-17 18:34:53 [SpringApplicationShutdownHook] DEBUG o.s.s.c.ThreadPoolTaskExecutor - Shutting down ExecutorService 'applicationTaskExecutor'
2025-03-17 18:34:53 [SpringApplicationShutdownHook] INFO  o.s.o.j.LocalContainerEntityManagerFactoryBean - Closing JPA EntityManagerFactory for persistence unit 'default'
2025-03-17 18:34:53 [SpringApplicationShutdownHook] DEBUG o.h.internal.SessionFactoryImpl - HHH000031: Closing
2025-03-17 18:34:53 [SpringApplicationShutdownHook] DEBUG o.h.type.spi.TypeConfiguration$Scope - Un-scoping TypeConfiguration [org.hibernate.type.spi.TypeConfiguration$Scope@1e613de8] from SessionFactory [org.hibernate.internal.SessionFactoryImpl@63214338]
2025-03-17 18:34:53 [SpringApplicationShutdownHook] DEBUG o.h.s.i.AbstractServiceRegistryImpl - Implicitly destroying ServiceRegistry on de-registration of all child ServiceRegistries
2025-03-17 18:34:53 [SpringApplicationShutdownHook] DEBUG o.h.b.r.i.BootstrapServiceRegistryImpl - Implicitly destroying Boot-strap registry on de-registration of all child ServiceRegistries
2025-03-17 18:34:53 [SpringApplicationShutdownHook] INFO  c.alibaba.druid.pool.DruidDataSource - {dataSource-1} closing ...
2025-03-17 18:34:53 [SpringApplicationShutdownHook] INFO  c.alibaba.druid.pool.DruidDataSource - {dataSource-1} closed
2025-03-17 18:35:51 [Thread-4] WARN  c.a.n.c.http.HttpClientBeanHolder - [HttpClientBeanHolder] Start destroying common HttpClient
2025-03-17 18:35:51 [Thread-21] WARN  c.a.nacos.common.notify.NotifyCenter - [NotifyCenter] Start destroying Publisher
2025-03-17 18:35:51 [Thread-21] WARN  c.a.nacos.common.notify.NotifyCenter - [NotifyCenter] Destruction of the end
2025-03-17 18:35:51 [Thread-4] WARN  c.a.n.c.http.HttpClientBeanHolder - [HttpClientBeanHolder] Destruction of the end
2025-03-17 18:35:51 [SpringApplicationShutdownHook] DEBUG o.s.b.a.ApplicationAvailabilityBean - Application availability state ReadinessState changed from ACCEPTING_TRAFFIC to REFUSING_TRAFFIC
2025-03-17 18:35:51 [SpringApplicationShutdownHook] DEBUG o.s.b.w.s.c.AnnotationConfigServletWebServerApplicationContext - Closing org.springframework.boot.web.servlet.context.AnnotationConfigServletWebServerApplicationContext@7bb6ab3a, started on Mon Mar 17 17:55:36 CST 2025, parent: org.springframework.context.annotation.AnnotationConfigApplicationContext@1b919693
2025-03-17 18:35:51 [SpringApplicationShutdownHook] DEBUG o.s.c.s.DefaultLifecycleProcessor - Stopping beans in phase 2147483647
2025-03-17 18:35:51 [SpringApplicationShutdownHook] DEBUG o.s.c.s.DefaultLifecycleProcessor - Bean 'webServerGracefulShutdown' completed its stop procedure
2025-03-17 18:35:51 [SpringApplicationShutdownHook] DEBUG o.s.c.s.DefaultLifecycleProcessor - Stopping beans in phase 2147483646
2025-03-17 18:35:51 [SpringApplicationShutdownHook] DEBUG o.s.c.s.DefaultLifecycleProcessor - Bean 'webServerStartStop' completed its stop procedure
2025-03-17 18:35:51 [SpringApplicationShutdownHook] DEBUG o.s.c.s.DefaultLifecycleProcessor - Stopping beans in phase 0
2025-03-17 18:35:51 [SpringApplicationShutdownHook] DEBUG o.s.s.c.ThreadPoolTaskScheduler - Shutting down ExecutorService 'Nacos-Watch-Task-Scheduler'
2025-03-17 18:35:51 [SpringApplicationShutdownHook] DEBUG o.s.c.s.DefaultLifecycleProcessor - Bean 'nacosWatch' completed its stop procedure
2025-03-17 18:35:51 [SpringApplicationShutdownHook] DEBUG o.s.j.e.a.AnnotationMBeanExporter - Unregistering JMX-exposed beans on shutdown
2025-03-17 18:35:51 [SpringApplicationShutdownHook] DEBUG o.s.j.e.a.AnnotationMBeanExporter - Unregistering JMX-exposed beans
2025-03-17 18:35:51 [SpringApplicationShutdownHook] INFO  c.a.c.n.r.NacosServiceRegistry - De-registering from Nacos Server now...
2025-03-17 18:35:57 [SpringApplicationShutdownHook] ERROR c.a.c.n.r.NacosServiceRegistry - ERR_NACOS_DEREGISTER, de-register failed...NacosRegistration{nacosDiscoveryProperties=NacosDiscoveryProperties{serverAddr='localhost:8848', username='', password='', endpoint='', namespace='1695f1a3-225f-4479-9dc1-1f71f7c845a7', watchDelay=30000, logName='', service='mock-ielts-users', weight=1.0, clusterName='DEFAULT', group='DEFAULT_GROUP', namingLoadCacheAtStart='false', metadata={preserved.register.source=SPRING_CLOUD}, registerEnabled=true, ip='172.16.89.27', networkInterface='', port=9091, secure=false, accessKey='', secretKey='', heartBeatInterval=null, heartBeatTimeout=null, ipDeleteTimeout=null, instanceEnabled=true, ephemeral=true, failureToleranceEnabled=false}, ipDeleteTimeout=null, failFast=true}},
com.alibaba.nacos.api.exception.NacosException: failed to req API:/nacos/v1/ns/instance after all servers([localhost:8848]) tried: java.net.ConnectException: Connection refused: connect
	at com.alibaba.nacos.client.naming.net.NamingProxy.reqApi(NamingProxy.java:556)
	at com.alibaba.nacos.client.naming.net.NamingProxy.reqApi(NamingProxy.java:498)
	at com.alibaba.nacos.client.naming.net.NamingProxy.reqApi(NamingProxy.java:493)
	at com.alibaba.nacos.client.naming.net.NamingProxy.deregisterService(NamingProxy.java:271)
	at com.alibaba.nacos.client.naming.NacosNamingService.deregisterInstance(NacosNamingService.java:252)
	at com.alibaba.nacos.client.naming.NacosNamingService.deregisterInstance(NacosNamingService.java:238)
	at com.alibaba.cloud.nacos.registry.NacosServiceRegistry.deregister(NacosServiceRegistry.java:106)
	at org.springframework.cloud.client.serviceregistry.AbstractAutoServiceRegistration.deregister(AbstractAutoServiceRegistration.java:249)
	at org.springframework.cloud.client.serviceregistry.AbstractAutoServiceRegistration.stop(AbstractAutoServiceRegistration.java:264)
	at org.springframework.cloud.client.serviceregistry.AbstractAutoServiceRegistration.destroy(AbstractAutoServiceRegistration.java:201)
	at sun.reflect.NativeMethodAccessorImpl.invoke0(Native Method)
	at sun.reflect.NativeMethodAccessorImpl.invoke(NativeMethodAccessorImpl.java:62)
	at sun.reflect.DelegatingMethodAccessorImpl.invoke(DelegatingMethodAccessorImpl.java:43)
	at java.lang.reflect.Method.invoke(Method.java:498)
	at org.springframework.beans.factory.annotation.InitDestroyAnnotationBeanPostProcessor$LifecycleElement.invoke(InitDestroyAnnotationBeanPostProcessor.java:389)
	at org.springframework.beans.factory.annotation.InitDestroyAnnotationBeanPostProcessor$LifecycleMetadata.invokeDestroyMethods(InitDestroyAnnotationBeanPostProcessor.java:347)
	at org.springframework.beans.factory.annotation.InitDestroyAnnotationBeanPostProcessor.postProcessBeforeDestruction(InitDestroyAnnotationBeanPostProcessor.java:177)
	at org.springframework.beans.factory.support.DisposableBeanAdapter.destroy(DisposableBeanAdapter.java:196)
	at org.springframework.beans.factory.support.DefaultSingletonBeanRegistry.destroyBean(DefaultSingletonBeanRegistry.java:587)
	at org.springframework.beans.factory.support.DefaultSingletonBeanRegistry.destroySingleton(DefaultSingletonBeanRegistry.java:559)
	at org.springframework.beans.factory.support.DefaultListableBeanFactory.destroySingleton(DefaultListableBeanFactory.java:1161)
	at org.springframework.beans.factory.support.DefaultSingletonBeanRegistry.destroySingletons(DefaultSingletonBeanRegistry.java:520)
	at org.springframework.beans.factory.support.DefaultListableBeanFactory.destroySingletons(DefaultListableBeanFactory.java:1154)
	at org.springframework.context.support.AbstractApplicationContext.destroyBeans(AbstractApplicationContext.java:1106)
	at org.springframework.context.support.AbstractApplicationContext.doClose(AbstractApplicationContext.java:1075)
	at org.springframework.boot.web.servlet.context.ServletWebServerApplicationContext.doClose(ServletWebServerApplicationContext.java:172)
	at org.springframework.context.support.AbstractApplicationContext.close(AbstractApplicationContext.java:1021)
	at org.springframework.boot.SpringApplicationShutdownHook.closeAndWait(SpringApplicationShutdownHook.java:145)
	at java.lang.Iterable.forEach(Iterable.java:75)
	at org.springframework.boot.SpringApplicationShutdownHook.run(SpringApplicationShutdownHook.java:114)
	at java.lang.Thread.run(Thread.java:750)
2025-03-17 18:35:57 [SpringApplicationShutdownHook] INFO  c.a.c.n.r.NacosServiceRegistry - De-registration finished.
2025-03-17 18:36:06 [SpringApplicationShutdownHook] DEBUG o.s.s.c.ThreadPoolTaskExecutor - Shutting down ExecutorService 'applicationTaskExecutor'
2025-03-17 18:36:06 [SpringApplicationShutdownHook] INFO  c.alibaba.druid.pool.DruidDataSource - {dataSource-1} closing ...
2025-03-17 18:36:06 [SpringApplicationShutdownHook] INFO  c.alibaba.druid.pool.DruidDataSource - {dataSource-1} closed
